<?xml version="1.0" encoding="utf-16"?>
<Level width="2">
  <Camera x="0" y="-1" minWidth="25" maxWidth="35" />
  <Score highScore="0" />
  <Birds>
    <Bird type="BirdRed"/>
    <Bird type="BirdRed"/>
    <Bird type="BirdRed"/>
  </Birds>
  <Slingshot x="-12.0" y="-2.5" />
  <GameObjects>
    <Pig type="BasicBig" material="" x="-1.1349" y="-0.9408" rotation="359.6578" />
    <Platform type="Platform" material="" x="-1.2369" y="-1.6821" rotation="0.0" scaleX="2.089" scaleY="0.763" />
    <Platform type="Platform" material="" x="-0.3149" y="-1.5511" rotation="0.0" scaleX="1.0" scaleY="1.179" />
    <Platform type="Platform" material="" x="-2.0349" y="-1.5511" rotation="0.0" scaleX="1.0" scaleY="1.179" />
    <Block type="SquareTiny" material="ice" x="-1.258" y="-3.39" rotation="0" />
    <Block type="RectMedium" material="ice" x="0.5833" y="-3.39" rotation="0" />
    <Block type="RectMedium" material="stone" x="3.8741" y="-3.39" rotation="0" />
  </GameObjects>
</Level>
