<?xml version="1.0" encoding="utf-16"?>
<Level width="2">
  <Camera x="0" y="-1" minWidth="25" maxWidth="35" />
  <Score highScore="0" />
  <Birds>
    <Bird type="BirdRed"/>
    <Bird type="BirdRed"/>
    <Bird type="BirdRed"/>
  </Birds>
  <Slingshot x="-12.0" y="-2.5" />
  <GameObjects>
    <Pig type="BasicBig" material="" x="-7.6072" y="-1.3862" rotation="359.6578" />
    <Platform type="Platform" material="" x="-7.7092" y="-2.1275" rotation="0.0" scaleX="2.089" scaleY="0.763" />
    <Platform type="Platform" material="" x="-6.7872" y="-1.9965" rotation="0.0" scaleX="1.0" scaleY="1.179" />
    <Platform type="Platform" material="" x="-8.5072" y="-1.9965" rotation="0.0" scaleX="1.0" scaleY="1.179" />
    <Block type="RectBig" material="wood" x="-5.5328" y="-3.39" rotation="0" />
    <Platform type="Platform" material="" x="6.1985" y="-3.18" rotation="0" scaleX="1.0" scaleY="1.0" />
    <Block type="CircleSmall" material="stone" x="1.2987" y="-3.275" rotation="0" />
  </GameObjects>
</Level>
