<?xml version="1.0" encoding="utf-16"?>
<Level width="2">
  <Camera x="0" y="-1" minWidth="25" maxWidth="35" />
  <Score highScore="0" />
  <Birds>
    <Bird type="BirdRed"/>
    <Bird type="BirdRed"/>
    <Bird type="BirdRed"/>
  </Birds>
  <Slingshot x="-12.0" y="-2.5" />
  <GameObjects>
    <Pig type="BasicBig" material="" x="3.109" y="-0.7251" rotation="359.6578" />
    <Platform type="Platform" material="" x="3.007" y="-1.4663" rotation="0.0" scaleX="2.089" scaleY="0.763" />
    <Platform type="Platform" material="" x="3.929" y="-1.3353" rotation="0.0" scaleX="1.0" scaleY="1.179" />
    <Platform type="Platform" material="" x="2.209" y="-1.3353" rotation="0.0" scaleX="1.0" scaleY="1.179" />
    <Block type="RectSmall" material="wood" x="-9.8056" y="-3.39" rotation="0" />
    <Block type="TriangleHole" material="wood" x="-7.0994" y="-3.09" rotation="0" />
    <Block type="RectMedium" material="stone" x="-1.6874" y="-3.39" rotation="0" />
  </GameObjects>
</Level>
