<?xml version="1.0" encoding="utf-16"?>
<Level width="2">
  <Camera x="0" y="-1" minWidth="25" maxWidth="35" />
  <Score highScore="0" />
  <Birds>
    <Bird type="BirdRed"/>
    <Bird type="BirdRed"/>
    <Bird type="BirdRed"/>
  </Birds>
  <Slingshot x="-12.0" y="-2.5" />
  <GameObjects>
    <Pig type="BasicBig" material="" x="-3.7173" y="-1.3193" rotation="359.6578" />
    <Platform type="Platform" material="" x="-3.8193" y="-2.0605" rotation="0.0" scaleX="2.089" scaleY="0.763" />
    <Platform type="Platform" material="" x="-2.8973" y="-1.9295" rotation="0.0" scaleX="1.0" scaleY="1.179" />
    <Platform type="Platform" material="" x="-4.6173" y="-1.9295" rotation="0.0" scaleX="1.0" scaleY="1.179" />
    <Block type="RectBig" material="wood" x="4.5921" y="-3.39" rotation="0" />
    <Block type="CircleSmall" material="ice" x="-4.4574" y="-3.275" rotation="0" />
    <Block type="RectMedium" material="stone" x="-8.474" y="-3.39" rotation="0" />
  </GameObjects>
</Level>
