<?xml version="1.0" encoding="utf-16"?>
<Level width="2">
  <Camera x="0" y="-1" minWidth="25" maxWidth="35" />
  <Score highScore="0" />
  <Birds>
    <Bird type="BirdRed"/>
    <Bird type="BirdRed"/>
    <Bird type="BirdRed"/>
  </Birds>
  <Slingshot x="-12.0" y="-2.5" />
  <GameObjects>
    <Pig type="BasicBig" material="" x="-0.5879" y="-1.3333" rotation="359.6578" />
    <Platform type="Platform" material="" x="-0.6899" y="-2.0746" rotation="0.0" scaleX="2.089" scaleY="0.763" />
    <Platform type="Platform" material="" x="0.2321" y="-1.9436" rotation="0.0" scaleX="1.0" scaleY="1.179" />
    <Platform type="Platform" material="" x="-1.4879" y="-1.9436" rotation="0.0" scaleX="1.0" scaleY="1.179" />
    <Block type="RectTiny" material="stone" x="-8.803" y="-3.39" rotation="0" />
    <Block type="RectTiny" material="wood" x="8.4002" y="-3.39" rotation="0" />
    <Platform type="Platform" material="" x="6.8129" y="-3.18" rotation="0" scaleX="1.0" scaleY="1.0" />
  </GameObjects>
</Level>
