<?xml version="1.0" encoding="utf-16"?>
<Level width="2">
  <Camera x="0" y="-1" minWidth="25" maxWidth="35" />
  <Score highScore="0" />
  <Birds>
    <Bird type="BirdRed"/>
    <Bird type="BirdRed"/>
    <Bird type="BirdRed"/>
  </Birds>
  <Slingshot x="-12.0" y="-2.5" />
  <GameObjects>
    <Pig type="BasicBig" material="" x="0.0249" y="-0.1081" rotation="359.6578" />
    <Platform type="Platform" material="" x="-0.0771" y="-0.8494" rotation="0.0" scaleX="2.089" scaleY="0.763" />
    <Platform type="Platform" material="" x="0.8449" y="-0.7184" rotation="0.0" scaleX="1.0" scaleY="1.179" />
    <Platform type="Platform" material="" x="-0.8751" y="-0.7184" rotation="0.0" scaleX="1.0" scaleY="1.179" />
    <Block type="TriangleHole" material="stone" x="8.8555" y="-3.09" rotation="0" />
    <Block type="SquareTiny" material="stone" x="-0.4874" y="-3.39" rotation="0" />
    <Block type="TriangleHole" material="wood" x="-9.0099" y="-3.09" rotation="0" />
  </GameObjects>
</Level>
