<?xml version="1.0" encoding="utf-16"?>
<Level width="2">
  <Camera x="0" y="-1" minWidth="25" maxWidth="35" />
  <Score highScore="0" />
  <Birds>
    <Bird type="BirdRed"/>
    <Bird type="BirdRed"/>
    <Bird type="BirdRed"/>
  </Birds>
  <Slingshot x="-12.0" y="-2.5" />
  <GameObjects>
    <Pig type="BasicBig" material="" x="3.537" y="0.4578" rotation="359.6578" />
    <Platform type="Platform" material="" x="3.435" y="-0.2834" rotation="0.0" scaleX="2.089" scaleY="0.763" />
    <Platform type="Platform" material="" x="4.357" y="-0.1524" rotation="0.0" scaleX="1.0" scaleY="1.179" />
    <Platform type="Platform" material="" x="2.637" y="-0.1524" rotation="0.0" scaleX="1.0" scaleY="1.179" />
    <Block type="RectTiny" material="stone" x="-8.345" y="-3.39" rotation="0" />
    <Block type="CircleSmall" material="wood" x="7.7671" y="-3.275" rotation="0" />
    <Block type="RectFat" material="ice" x="1.6677" y="-3.285" rotation="0" />
  </GameObjects>
</Level>
