<?xml version="1.0" encoding="utf-16"?>
<Level width="2">
  <Camera x="0" y="-1" minWidth="25" maxWidth="35" />
  <Score highScore="0" />
  <Birds>
    <Bird type="BirdRed"/>
    <Bird type="BirdRed"/>
    <Bird type="BirdRed"/>
  </Birds>
  <Slingshot x="-12.0" y="-2.5" />
  <GameObjects>
    <Pig type="BasicBig" material="" x="-0.8027" y="1.1508" rotation="359.6578" />
    <Platform type="Platform" material="" x="-0.9047" y="0.4095" rotation="0.0" scaleX="2.089" scaleY="0.763" />
    <Platform type="Platform" material="" x="0.0173" y="0.5405" rotation="0.0" scaleX="1.0" scaleY="1.179" />
    <Platform type="Platform" material="" x="-1.7027" y="0.5405" rotation="0.0" scaleX="1.0" scaleY="1.179" />
    <Block type="RectTiny" material="wood" x="6.9369" y="-3.39" rotation="0" />
    <Block type="SquareHole" material="wood" x="-1.2538" y="-3.08" rotation="0" />
    <Block type="SquareTiny" material="ice" x="-6.6212" y="-3.39" rotation="0" />
  </GameObjects>
</Level>
