<?xml version="1.0" encoding="utf-16"?>
<Level width="2">
  <Camera x="0" y="-1" minWidth="25" maxWidth="35" />
  <Score highScore="0" />
  <Birds>
    <Bird type="BirdRed"/>
    <Bird type="BirdRed"/>
    <Bird type="BirdRed"/>
  </Birds>
  <Slingshot x="-12.0" y="-2.5" />
  <GameObjects>
    <Pig type="BasicBig" material="" x="2.958" y="-0.7187" rotation="359.6578" />
    <Platform type="Platform" material="" x="2.856" y="-1.46" rotation="0.0" scaleX="2.089" scaleY="0.763" />
    <Platform type="Platform" material="" x="3.778" y="-1.329" rotation="0.0" scaleX="1.0" scaleY="1.179" />
    <Platform type="Platform" material="" x="2.058" y="-1.329" rotation="0.0" scaleX="1.0" scaleY="1.179" />
    <Block type="SquareHole" material="stone" x="-0.7755" y="-3.08" rotation="0" />
    <Platform type="Platform" material="" x="1.3821" y="-3.18" rotation="0" scaleX="1.0" scaleY="1.0" />
    <Block type="SquareHole" material="stone" x="4.0317" y="-3.08" rotation="0" />
  </GameObjects>
</Level>
