<?xml version="1.0" encoding="utf-16"?>
<Level width="2">
  <Camera x="0" y="-1" minWidth="25" maxWidth="35" />
  <Score highScore="0" />
  <Birds>
    <Bird type="BirdRed"/>
    <Bird type="BirdRed"/>
    <Bird type="BirdRed"/>
  </Birds>
  <Slingshot x="-12.0" y="-2.5" />
  <GameObjects>
    <Pig type="BasicBig" material="" x="-2.9668" y="-0.5964" rotation="359.6578" />
    <Platform type="Platform" material="" x="-3.0688" y="-1.3376" rotation="0.0" scaleX="2.089" scaleY="0.763" />
    <Platform type="Platform" material="" x="-2.1468" y="-1.2066" rotation="0.0" scaleX="1.0" scaleY="1.179" />
    <Platform type="Platform" material="" x="-3.8668" y="-1.2066" rotation="0.0" scaleX="1.0" scaleY="1.179" />
    <Block type="SquareSmall" material="ice" x="-3.0011" y="-3.285" rotation="0" />
    <Block type="RectMedium" material="ice" x="-5.0002" y="-3.39" rotation="0" />
    <Block type="RectTiny" material="ice" x="-0.8123" y="-3.39" rotation="0" />
  </GameObjects>
</Level>
