<?xml version="1.0" encoding="utf-16"?>
<Level width="2">
  <Camera x="0" y="-1" minWidth="25" maxWidth="35" />
  <Score highScore="0" />
  <Birds>
    <Bird type="BirdRed"/>
    <Bird type="BirdRed"/>
    <Bird type="BirdRed"/>
  </Birds>
  <Slingshot x="-12.0" y="-2.5" />
  <GameObjects>
    <Pig type="BasicBig" material="" x="-1.705" y="0.1193" rotation="359.6578" />
    <Platform type="Platform" material="" x="-1.807" y="-0.622" rotation="0.0" scaleX="2.089" scaleY="0.763" />
    <Platform type="Platform" material="" x="-0.885" y="-0.491" rotation="0.0" scaleX="1.0" scaleY="1.179" />
    <Platform type="Platform" material="" x="-2.605" y="-0.491" rotation="0.0" scaleX="1.0" scaleY="1.179" />
    <Block type="SquareTiny" material="stone" x="-3.8788" y="-3.39" rotation="0" />
    <Block type="Triangle" material="ice" x="5.0624" y="-3.09" rotation="0" />
    <Block type="RectTiny" material="ice" x="-9.1697" y="-3.39" rotation="0" />
  </GameObjects>
</Level>
