<?xml version="1.0" encoding="utf-16"?>
<Level width="2">
  <Camera x="0" y="-1" minWidth="25" maxWidth="35" />
  <Score highScore="0" />
  <Birds>
    <Bird type="BirdRed"/>
    <Bird type="BirdRed"/>
    <Bird type="BirdRed"/>
  </Birds>
  <Slingshot x="-12.0" y="-2.5" />
  <GameObjects>
    <Pig type="BasicBig" material="" x="3.6947" y="-1.2211" rotation="359.6578" />
    <Platform type="Platform" material="" x="3.5927" y="-1.9623" rotation="0.0" scaleX="2.089" scaleY="0.763" />
    <Platform type="Platform" material="" x="4.5147" y="-1.8313" rotation="0.0" scaleX="1.0" scaleY="1.179" />
    <Platform type="Platform" material="" x="2.7947" y="-1.8313" rotation="0.0" scaleX="1.0" scaleY="1.179" />
    <Block type="RectMedium" material="ice" x="3.9101" y="-3.39" rotation="0" />
    <Block type="RectBig" material="wood" x="-9.7361" y="-3.39" rotation="0" />
    <Block type="RectFat" material="ice" x="-6.8201" y="-3.285" rotation="0" />
  </GameObjects>
</Level>
