<?xml version="1.0" encoding="utf-16"?>
<Level width="2">
  <Camera x="0" y="-1" minWidth="25" maxWidth="35" />
  <Score highScore="0" />
  <Birds>
    <Bird type="BirdRed"/>
    <Bird type="BirdRed"/>
    <Bird type="BirdRed"/>
  </Birds>
  <Slingshot x="-12.0" y="-2.5" />
  <GameObjects>
    <Pig type="BasicBig" material="" x="-1.6766" y="1.1575" rotation="359.6578" />
    <Platform type="Platform" material="" x="-1.7786" y="0.4162" rotation="0.0" scaleX="2.089" scaleY="0.763" />
    <Platform type="Platform" material="" x="-0.8566" y="0.5472" rotation="0.0" scaleX="1.0" scaleY="1.179" />
    <Platform type="Platform" material="" x="-2.5766" y="0.5472" rotation="0.0" scaleX="1.0" scaleY="1.179" />
    <Block type="SquareSmall" material="ice" x="0.6225" y="-3.285" rotation="0" />
    <Block type="SquareTiny" material="wood" x="2.2906" y="-3.39" rotation="0" />
    <Platform type="Platform" material="" x="-5.0976" y="-3.18" rotation="0" scaleX="1.0" scaleY="1.0" />
  </GameObjects>
</Level>
