<?xml version="1.0" encoding="utf-16"?>
<Level width="2">
  <Camera x="0" y="-1" minWidth="25" maxWidth="35" />
  <Score highScore="0" />
  <Birds>
    <Bird type="BirdRed"/>
    <Bird type="BirdRed"/>
    <Bird type="BirdRed"/>
  </Birds>
  <Slingshot x="-12.0" y="-2.5" />
  <GameObjects>
    <Pig type="BasicBig" material="" x="0.008" y="1.204" rotation="359.6578" />
    <Platform type="Platform" material="" x="-0.094" y="0.4627" rotation="0.0" scaleX="2.089" scaleY="0.763" />
    <Platform type="Platform" material="" x="0.828" y="0.5937" rotation="0.0" scaleX="1.0" scaleY="1.179" />
    <Platform type="Platform" material="" x="-0.892" y="0.5937" rotation="0.0" scaleX="1.0" scaleY="1.179" />
    <Block type="RectSmall" material="ice" x="-6.9999" y="-3.39" rotation="0" />
    <Block type="SquareHole" material="ice" x="-0.5446" y="-3.08" rotation="0" />
    <Block type="CircleSmall" material="wood" x="8.0006" y="-3.275" rotation="0" />
  </GameObjects>
</Level>
