<?xml version="1.0" encoding="utf-16"?>
<Level width="2">
  <Camera x="0" y="-1" minWidth="25" maxWidth="35" />
  <Score highScore="0" />
  <Birds>
    <Bird type="BirdRed"/>
    <Bird type="BirdRed"/>
    <Bird type="BirdRed"/>
  </Birds>
  <Slingshot x="-12.0" y="-2.5" />
  <GameObjects>
    <Pig type="BasicBig" material="" x="-7.3959" y="-0.2928" rotation="359.6578" />
    <Platform type="Platform" material="" x="-7.4979" y="-1.0341" rotation="0.0" scaleX="2.089" scaleY="0.763" />
    <Platform type="Platform" material="" x="-6.5759" y="-0.9031" rotation="0.0" scaleX="1.0" scaleY="1.179" />
    <Platform type="Platform" material="" x="-8.2959" y="-0.9031" rotation="0.0" scaleX="1.0" scaleY="1.179" />
    <Block type="RectTiny" material="stone" x="-0.3937" y="-3.39" rotation="0" />
    <Block type="Triangle" material="stone" x="1.5936" y="-3.09" rotation="0" />
    <Block type="SquareSmall" material="ice" x="7.3388" y="-3.285" rotation="0" />
  </GameObjects>
</Level>
