<?xml version="1.0" encoding="utf-16"?>
<Level width="2">
  <Camera x="0" y="-1" minWidth="25" maxWidth="35" />
  <Score highScore="0" />
  <Birds>
    <Bird type="BirdRed"/>
    <Bird type="BirdRed"/>
    <Bird type="BirdRed"/>
  </Birds>
  <Slingshot x="-12.0" y="-2.5" />
  <GameObjects>
    <Pig type="BasicBig" material="" x="2.1319" y="-1.247" rotation="359.6578" />
    <Platform type="Platform" material="" x="2.0299" y="-1.9882" rotation="0.0" scaleX="2.089" scaleY="0.763" />
    <Platform type="Platform" material="" x="2.9519" y="-1.8572" rotation="0.0" scaleX="1.0" scaleY="1.179" />
    <Platform type="Platform" material="" x="1.2319" y="-1.8572" rotation="0.0" scaleX="1.0" scaleY="1.179" />
    <Block type="Triangle" material="ice" x="-1.3156" y="-3.09" rotation="0" />
    <Platform type="Platform" material="" x="-8.214" y="-3.18" rotation="0" scaleX="1.0" scaleY="1.0" />
    <Block type="RectFat" material="wood" x="7.8631" y="-3.285" rotation="0" />
  </GameObjects>
</Level>
