<?xml version="1.0" encoding="utf-16"?>
<Level width="2">
  <Camera x="0" y="-1" minWidth="25" maxWidth="35" />
  <Score highScore="0" />
  <Birds>
    <Bird type="BirdRed"/>
    <Bird type="BirdRed"/>
    <Bird type="BirdRed"/>
  </Birds>
  <Slingshot x="-12.0" y="-2.5" />
  <GameObjects>
    <Pig type="BasicBig" material="" x="-3.7705" y="-0.9861" rotation="359.6578" />
    <Platform type="Platform" material="" x="-3.8725" y="-1.7274" rotation="0.0" scaleX="2.089" scaleY="0.763" />
    <Platform type="Platform" material="" x="-2.9505" y="-1.5964" rotation="0.0" scaleX="1.0" scaleY="1.179" />
    <Platform type="Platform" material="" x="-4.6705" y="-1.5964" rotation="0.0" scaleX="1.0" scaleY="1.179" />
    <Block type="RectBig" material="stone" x="-1.2736" y="-3.39" rotation="0" />
    <Block type="Triangle" material="ice" x="9.2064" y="-3.09" rotation="0" />
    <Block type="RectFat" material="wood" x="2.4132" y="-3.285" rotation="0" />
  </GameObjects>
</Level>
