<?xml version="1.0" encoding="utf-16"?>
<Level width="2">
  <Camera x="0" y="-1" minWidth="25" maxWidth="35" />
  <Score highScore="0" />
  <Birds>
    <Bird type="BirdRed"/>
    <Bird type="BirdRed"/>
    <Bird type="BirdRed"/>
  </Birds>
  <Slingshot x="-12.0" y="-2.5" />
  <GameObjects>
    <Pig type="BasicBig" material="" x="2.0407" y="0.0652" rotation="359.6578" />
    <Platform type="Platform" material="" x="1.9387" y="-0.6761" rotation="0.0" scaleX="2.089" scaleY="0.763" />
    <Platform type="Platform" material="" x="2.8607" y="-0.5451" rotation="0.0" scaleX="1.0" scaleY="1.179" />
    <Platform type="Platform" material="" x="1.1407" y="-0.5451" rotation="0.0" scaleX="1.0" scaleY="1.179" />
    <Block type="RectFat" material="stone" x="-3.7771" y="-3.285" rotation="0" />
    <Platform type="Platform" material="" x="1.3737" y="-3.18" rotation="0" scaleX="1.0" scaleY="1.0" />
    <Block type="SquareSmall" material="ice" x="6.4196" y="-3.285" rotation="0" />
  </GameObjects>
</Level>
