<?xml version="1.0" encoding="utf-16"?>
<Level width="2">
  <Camera x="0" y="-1" minWidth="25" maxWidth="35" />
  <Score highScore="0" />
  <Birds>
    <Bird type="BirdRed"/>
    <Bird type="BirdRed"/>
    <Bird type="BirdRed"/>
  </Birds>
  <Slingshot x="-12.0" y="-2.5" />
  <GameObjects>
    <Pig type="BasicBig" material="" x="3.2314" y="-0.1658" rotation="359.6578" />
    <Platform type="Platform" material="" x="3.1294" y="-0.9071" rotation="0.0" scaleX="2.089" scaleY="0.763" />
    <Platform type="Platform" material="" x="4.0514" y="-0.7761" rotation="0.0" scaleX="1.0" scaleY="1.179" />
    <Platform type="Platform" material="" x="2.3314" y="-0.7761" rotation="0.0" scaleX="1.0" scaleY="1.179" />
    <Block type="RectBig" material="stone" x="7.8948" y="-3.39" rotation="0" />
    <Block type="SquareHole" material="stone" x="-8.5278" y="-3.08" rotation="0" />
    <Block type="RectSmall" material="wood" x="-6.0267" y="-3.39" rotation="0" />
  </GameObjects>
</Level>
