<?xml version="1.0" encoding="utf-16"?>
<Level width="2">
  <Camera x="0" y="-1" minWidth="25" maxWidth="35" />
  <Score highScore="0" />
  <Birds>
    <Bird type="BirdRed"/>
    <Bird type="BirdRed"/>
    <Bird type="BirdRed"/>
  </Birds>
  <Slingshot x="-12.0" y="-2.5" />
  <GameObjects>
    <Pig type="BasicBig" material="" x="-2.3211" y="-0.3107" rotation="359.6578" />
    <Platform type="Platform" material="" x="-2.423" y="-1.052" rotation="0.0" scaleX="2.089" scaleY="0.763" />
    <Platform type="Platform" material="" x="-1.501" y="-0.921" rotation="0.0" scaleX="1.0" scaleY="1.179" />
    <Platform type="Platform" material="" x="-3.221" y="-0.921" rotation="0.0" scaleX="1.0" scaleY="1.179" />
    <Block type="Circle" material="wood" x="-2.491" y="-3.1" rotation="0" />
    <Block type="Circle" material="ice" x="-9.4652" y="-3.1" rotation="0" />
    <Block type="TriangleHole" material="wood" x="8.3681" y="-3.09" rotation="0" />
  </GameObjects>
</Level>
