<?xml version="1.0" encoding="utf-16"?>
<Level width="2">
  <Camera x="0" y="-1" minWidth="25" maxWidth="35" />
  <Score highScore="0" />
  <Birds>
    <Bird type="BirdRed"/>
    <Bird type="BirdRed"/>
    <Bird type="BirdRed"/>
  </Birds>
  <Slingshot x="-12.0" y="-2.5" />
  <GameObjects>
    <Pig type="BasicBig" material="" x="2.3037" y="0.3258" rotation="359.6578" />
    <Platform type="Platform" material="" x="2.2017" y="-0.4155" rotation="0.0" scaleX="2.089" scaleY="0.763" />
    <Platform type="Platform" material="" x="3.1237" y="-0.2845" rotation="0.0" scaleX="1.0" scaleY="1.179" />
    <Platform type="Platform" material="" x="1.4037" y="-0.2845" rotation="0.0" scaleX="1.0" scaleY="1.179" />
    <Block type="TriangleHole" material="stone" x="5.645" y="-3.09" rotation="0" />
    <Block type="RectMedium" material="stone" x="3.233" y="-3.39" rotation="0" />
    <Block type="SquareTiny" material="ice" x="-4.8096" y="-3.39" rotation="0" />
  </GameObjects>
</Level>
