<?xml version="1.0" encoding="utf-16"?>
<Level width="2">
  <Camera x="0" y="-1" minWidth="25" maxWidth="35" />
  <Score highScore="0" />
  <Birds>
    <Bird type="BirdRed"/>
    <Bird type="BirdRed"/>
    <Bird type="BirdRed"/>
  </Birds>
  <Slingshot x="-12.0" y="-2.5" />
  <GameObjects>
    <Pig type="BasicBig" material="" x="0.3945" y="1.4314" rotation="359.6578" />
    <Platform type="Platform" material="" x="0.2925" y="0.6901" rotation="0.0" scaleX="2.089" scaleY="0.763" />
    <Platform type="Platform" material="" x="1.2145" y="0.8211" rotation="0.0" scaleX="1.0" scaleY="1.179" />
    <Platform type="Platform" material="" x="-0.5055" y="0.8211" rotation="0.0" scaleX="1.0" scaleY="1.179" />
    <Block type="RectTiny" material="stone" x="-8.406" y="-3.39" rotation="0" />
    <Block type="SquareHole" material="stone" x="2.9439" y="-3.08" rotation="0" />
    <Platform type="Platform" material="" x="-0.1719" y="-3.18" rotation="0" scaleX="1.0" scaleY="1.0" />
  </GameObjects>
</Level>
