<?xml version="1.0" encoding="utf-16"?>
<Level width="2">
  <Camera x="0" y="-1" minWidth="25" maxWidth="35" />
  <Score highScore="0" />
  <Birds>
    <Bird type="BirdRed"/>
    <Bird type="BirdRed"/>
    <Bird type="BirdRed"/>
  </Birds>
  <Slingshot x="-12.0" y="-2.5" />
  <GameObjects>
    <Pig type="BasicBig" material="" x="0.8115" y="-0.151" rotation="359.6578" />
    <Platform type="Platform" material="" x="0.7095" y="-0.8922" rotation="0.0" scaleX="2.089" scaleY="0.763" />
    <Platform type="Platform" material="" x="1.6315" y="-0.7612" rotation="0.0" scaleX="1.0" scaleY="1.179" />
    <Platform type="Platform" material="" x="-0.0885" y="-0.7612" rotation="0.0" scaleX="1.0" scaleY="1.179" />
    <Block type="TriangleHole" material="stone" x="-1.9733" y="-3.09" rotation="0" />
    <Block type="RectBig" material="ice" x="1.4621" y="-3.39" rotation="0" />
    <Block type="RectMedium" material="stone" x="7.0226" y="-3.39" rotation="0" />
  </GameObjects>
</Level>
