<?xml version="1.0" encoding="utf-16"?>
<Level width="2">
  <Camera x="0" y="-1" minWidth="25" maxWidth="35" />
  <Score highScore="0" />
  <Birds>
    <Bird type="BirdRed"/>
    <Bird type="BirdRed"/>
    <Bird type="BirdRed"/>
  </Birds>
  <Slingshot x="-12.0" y="-2.5" />
  <GameObjects>
    <Pig type="BasicBig" material="" x="-5.8165" y="-1.3055" rotation="359.6578" />
    <Platform type="Platform" material="" x="-5.9185" y="-2.0468" rotation="0.0" scaleX="2.089" scaleY="0.763" />
    <Platform type="Platform" material="" x="-4.9965" y="-1.9158" rotation="0.0" scaleX="1.0" scaleY="1.179" />
    <Platform type="Platform" material="" x="-6.7165" y="-1.9158" rotation="0.0" scaleX="1.0" scaleY="1.179" />
    <Block type="CircleSmall" material="stone" x="-0.3685" y="-3.275" rotation="0" />
    <Platform type="Platform" material="" x="4.0324" y="-3.18" rotation="0" scaleX="1.0" scaleY="1.0" />
    <Block type="RectFat" material="ice" x="-3.9545" y="-3.285" rotation="0" />
  </GameObjects>
</Level>
