<?xml version="1.0" encoding="utf-16"?>
<Level width="2">
  <Camera x="0" y="-1" minWidth="25" maxWidth="35" />
  <Score highScore="0" />
  <Birds>
    <Bird type="BirdRed"/>
    <Bird type="BirdRed"/>
    <Bird type="BirdRed"/>
  </Birds>
  <Slingshot x="-12.0" y="-2.5" />
  <GameObjects>
    <Pig type="BasicBig" material="" x="0.3313" y="1.2641" rotation="359.6578" />
    <Platform type="Platform" material="" x="0.2294" y="0.5229" rotation="0.0" scaleX="2.089" scaleY="0.763" />
    <Platform type="Platform" material="" x="1.1514" y="0.6539" rotation="0.0" scaleX="1.0" scaleY="1.179" />
    <Platform type="Platform" material="" x="-0.5686" y="0.6539" rotation="0.0" scaleX="1.0" scaleY="1.179" />
    <Block type="RectMedium" material="wood" x="5.62" y="-3.39" rotation="0" />
    <Block type="SquareTiny" material="ice" x="-6.413" y="-3.39" rotation="0" />
    <Block type="SquareTiny" material="stone" x="-1.1909" y="-3.39" rotation="0" />
  </GameObjects>
</Level>
