<?xml version="1.0" encoding="utf-16"?>
<Level width="2">
  <Camera x="0" y="-1" minWidth="25" maxWidth="35" />
  <Score highScore="0" />
  <Birds>
    <Bird type="BirdRed"/>
    <Bird type="BirdRed"/>
    <Bird type="BirdRed"/>
  </Birds>
  <Slingshot x="-12.0" y="-2.5" />
  <GameObjects>
    <Pig type="BasicBig" material="" x="1.049" y="-0.056" rotation="359.6578" />
    <Platform type="Platform" material="" x="0.947" y="-0.7973" rotation="0.0" scaleX="2.089" scaleY="0.763" />
    <Platform type="Platform" material="" x="1.869" y="-0.6663" rotation="0.0" scaleX="1.0" scaleY="1.179" />
    <Platform type="Platform" material="" x="0.149" y="-0.6663" rotation="0.0" scaleX="1.0" scaleY="1.179" />
    <Block type="RectFat" material="ice" x="3.5026" y="-3.285" rotation="0" />
    <Block type="RectSmall" material="wood" x="8.4285" y="-3.39" rotation="0" />
    <Block type="SquareHole" material="wood" x="-0.3393" y="-3.08" rotation="0" />
  </GameObjects>
</Level>
