<?xml version="1.0" encoding="utf-16"?>
<Level width="2">
  <Camera x="0" y="-1" minWidth="25" maxWidth="35" />
  <Score highScore="0" />
  <Birds>
    <Bird type="BirdRed"/>
    <Bird type="BirdRed"/>
    <Bird type="BirdRed"/>
  </Birds>
  <Slingshot x="-12.0" y="-2.5" />
  <GameObjects>
    <Pig type="BasicBig" material="" x="-6.1373" y="-0.5943" rotation="359.6578" />
    <Platform type="Platform" material="" x="-6.2393" y="-1.3356" rotation="0.0" scaleX="2.089" scaleY="0.763" />
    <Platform type="Platform" material="" x="-5.3174" y="-1.2046" rotation="0.0" scaleX="1.0" scaleY="1.179" />
    <Platform type="Platform" material="" x="-7.0373" y="-1.2046" rotation="0.0" scaleX="1.0" scaleY="1.179" />
    <Block type="SquareTiny" material="ice" x="-6.7035" y="-3.39" rotation="0" />
    <Block type="RectBig" material="ice" x="8.7762" y="-3.39" rotation="0" />
    <Block type="CircleSmall" material="ice" x="-1.0277" y="-3.275" rotation="0" />
  </GameObjects>
</Level>
