<?xml version="1.0" encoding="utf-16"?>
<Level width="2">
  <Camera x="0" y="-1" minWidth="25" maxWidth="35" />
  <Score highScore="0" />
  <Birds>
    <Bird type="BirdRed"/>
    <Bird type="BirdRed"/>
    <Bird type="BirdRed"/>
  </Birds>
  <Slingshot x="-12.0" y="-2.5" />
  <GameObjects>
    <Pig type="BasicBig" material="" x="-1.7569" y="-0.7883" rotation="359.6578" />
    <Platform type="Platform" material="" x="-1.8589" y="-1.5296" rotation="0.0" scaleX="2.089" scaleY="0.763" />
    <Platform type="Platform" material="" x="-0.9369" y="-1.3986" rotation="0.0" scaleX="1.0" scaleY="1.179" />
    <Platform type="Platform" material="" x="-2.6569" y="-1.3986" rotation="0.0" scaleX="1.0" scaleY="1.179" />
    <Block type="RectSmall" material="stone" x="-2.6081" y="-3.39" rotation="0" />
    <Block type="Circle" material="wood" x="-6.128" y="-3.1" rotation="0" />
    <Block type="SquareHole" material="wood" x="1.4516" y="-3.08" rotation="0" />
  </GameObjects>
</Level>
