<?xml version="1.0" encoding="utf-16"?>
<Level width="2">
  <Camera x="0" y="-1" minWidth="25" maxWidth="35" />
  <Score highScore="0" />
  <Birds>
    <Bird type="BirdRed"/>
    <Bird type="BirdRed"/>
    <Bird type="BirdRed"/>
  </Birds>
  <Slingshot x="-12.0" y="-2.5" />
  <GameObjects>
    <Pig type="BasicBig" material="" x="-2.5049" y="-0.2548" rotation="359.6578" />
    <Platform type="Platform" material="" x="-2.6069" y="-0.9961" rotation="0.0" scaleX="2.089" scaleY="0.763" />
    <Platform type="Platform" material="" x="-1.6849" y="-0.8651" rotation="0.0" scaleX="1.0" scaleY="1.179" />
    <Platform type="Platform" material="" x="-3.4049" y="-0.8651" rotation="0.0" scaleX="1.0" scaleY="1.179" />
    <Block type="RectBig" material="ice" x="-6.8753" y="-3.39" rotation="0" />
    <Block type="Triangle" material="stone" x="1.3113" y="-3.09" rotation="0" />
    <Platform type="Platform" material="" x="5.3021" y="-3.18" rotation="0" scaleX="1.0" scaleY="1.0" />
  </GameObjects>
</Level>
