<?xml version="1.0" encoding="utf-16"?>
<Level width="2">
  <Camera x="0" y="-1" minWidth="25" maxWidth="35" />
  <Score highScore="0" />
  <Birds>
    <Bird type="BirdRed"/>
    <Bird type="BirdRed"/>
    <Bird type="BirdRed"/>
  </Birds>
  <Slingshot x="-12.0" y="-2.5" />
  <GameObjects>
    <Pig type="BasicBig" material="" x="-5.8823" y="-0.3999" rotation="359.6578" />
    <Platform type="Platform" material="" x="-5.9844" y="-1.1411" rotation="0.0" scaleX="2.089" scaleY="0.763" />
    <Platform type="Platform" material="" x="-5.0624" y="-1.0101" rotation="0.0" scaleX="1.0" scaleY="1.179" />
    <Platform type="Platform" material="" x="-6.7824" y="-1.0101" rotation="0.0" scaleX="1.0" scaleY="1.179" />
    <Block type="Circle" material="ice" x="8.1393" y="-3.1" rotation="0" />
    <Block type="Circle" material="stone" x="5.6337" y="-3.1" rotation="0" />
    <Block type="CircleSmall" material="wood" x="3.3788" y="-3.275" rotation="0" />
  </GameObjects>
</Level>
