<?xml version="1.0" encoding="utf-16"?>
<Level width="2">
  <Camera x="0" y="-1" minWidth="25" maxWidth="35" />
  <Score highScore="0" />
  <Birds>
    <Bird type="BirdRed"/>
    <Bird type="BirdRed"/>
    <Bird type="BirdRed"/>
  </Birds>
  <Slingshot x="-12.0" y="-2.5" />
  <GameObjects>
    <Pig type="BasicBig" material="" x="-0.0601" y="-0.2096" rotation="359.6578" />
    <Platform type="Platform" material="" x="-0.1621" y="-0.9509" rotation="0.0" scaleX="2.089" scaleY="0.763" />
    <Platform type="Platform" material="" x="0.7599" y="-0.8199" rotation="0.0" scaleX="1.0" scaleY="1.179" />
    <Platform type="Platform" material="" x="-0.9601" y="-0.8199" rotation="0.0" scaleX="1.0" scaleY="1.179" />
    <Block type="TriangleHole" material="ice" x="0.3321" y="-3.09" rotation="0" />
    <Block type="SquareHole" material="ice" x="-2.8847" y="-3.08" rotation="0" />
    <Block type="SquareHole" material="ice" x="6.6335" y="-3.08" rotation="0" />
  </GameObjects>
</Level>
