<?xml version="1.0" encoding="utf-16"?>
<Level width="2">
  <Camera x="0" y="-1" minWidth="25" maxWidth="35" />
  <Score highScore="0" />
  <Birds>
    <Bird type="BirdRed"/>
    <Bird type="BirdRed"/>
    <Bird type="BirdRed"/>
  </Birds>
  <Slingshot x="-12.0" y="-2.5" />
  <GameObjects>
    <Pig type="BasicBig" material="" x="-5.4929" y="-0.9858" rotation="359.6578" />
    <Platform type="Platform" material="" x="-5.5949" y="-1.7271" rotation="0.0" scaleX="2.089" scaleY="0.763" />
    <Platform type="Platform" material="" x="-4.6729" y="-1.5961" rotation="0.0" scaleX="1.0" scaleY="1.179" />
    <Platform type="Platform" material="" x="-6.3929" y="-1.5961" rotation="0.0" scaleX="1.0" scaleY="1.179" />
    <Platform type="Platform" material="" x="3.0234" y="-3.18" rotation="0" scaleX="1.0" scaleY="1.0" />
    <Block type="SquareSmall" material="wood" x="-4.0596" y="-3.285" rotation="0" />
    <Block type="TriangleHole" material="wood" x="8.2481" y="-3.09" rotation="0" />
  </GameObjects>
</Level>
