<?xml version="1.0" encoding="utf-16"?>
<Level width="2">
  <Camera x="0" y="-1" minWidth="25" maxWidth="35" />
  <Score highScore="0" />
  <Birds>
    <Bird type="BirdRed"/>
    <Bird type="BirdRed"/>
    <Bird type="BirdRed"/>
  </Birds>
  <Slingshot x="-12.0" y="-2.5" />
  <GameObjects>
    <Pig type="BasicBig" material="" x="-0.3287" y="-0.9011" rotation="359.6578" />
    <Platform type="Platform" material="" x="-0.4307" y="-1.6423" rotation="0.0" scaleX="2.089" scaleY="0.763" />
    <Platform type="Platform" material="" x="0.4913" y="-1.5113" rotation="0.0" scaleX="1.0" scaleY="1.179" />
    <Platform type="Platform" material="" x="-1.2287" y="-1.5113" rotation="0.0" scaleX="1.0" scaleY="1.179" />
    <Block type="Triangle" material="stone" x="-8.406" y="-3.09" rotation="0" />
    <Block type="CircleSmall" material="stone" x="5.2808" y="-3.275" rotation="0" />
    <Block type="RectMedium" material="wood" x="-0.893" y="-3.39" rotation="0" />
  </GameObjects>
</Level>
