<?xml version="1.0" encoding="utf-16"?>
<Level width="2">
  <Camera x="0" y="-1" minWidth="25" maxWidth="35" />
  <Score highScore="0" />
  <Birds>
    <Bird type="BirdRed"/>
    <Bird type="BirdRed"/>
    <Bird type="BirdRed"/>
  </Birds>
  <Slingshot x="-12.0" y="-2.5" />
  <GameObjects>
    <Pig type="BasicBig" material="" x="2.2391" y="0.0936" rotation="359.6578" />
    <Platform type="Platform" material="" x="2.1371" y="-0.6477" rotation="0.0" scaleX="2.089" scaleY="0.763" />
    <Platform type="Platform" material="" x="3.0591" y="-0.5167" rotation="0.0" scaleX="1.0" scaleY="1.179" />
    <Platform type="Platform" material="" x="1.3391" y="-0.5167" rotation="0.0" scaleX="1.0" scaleY="1.179" />
    <Block type="CircleSmall" material="ice" x="-6.2272" y="-3.275" rotation="0" />
    <Block type="RectTiny" material="ice" x="9.0714" y="-3.39" rotation="0" />
    <Block type="Triangle" material="ice" x="-9.3796" y="-3.09" rotation="0" />
  </GameObjects>
</Level>
