<?xml version="1.0" encoding="utf-16"?>
<Level width="2">
  <Camera x="0" y="-1" minWidth="25" maxWidth="35" />
  <Score highScore="0" />
  <Birds>
    <Bird type="BirdRed"/>
    <Bird type="BirdRed"/>
    <Bird type="BirdRed"/>
  </Birds>
  <Slingshot x="-12.0" y="-2.5" />
  <GameObjects>
    <Pig type="BasicBig" material="" x="-4.2794" y="0.14" rotation="359.6578" />
    <Platform type="Platform" material="" x="-4.3814" y="-0.6013" rotation="0.0" scaleX="2.089" scaleY="0.763" />
    <Platform type="Platform" material="" x="-3.4594" y="-0.4703" rotation="0.0" scaleX="1.0" scaleY="1.179" />
    <Platform type="Platform" material="" x="-5.1794" y="-0.4703" rotation="0.0" scaleX="1.0" scaleY="1.179" />
    <Block type="RectTiny" material="wood" x="-2.9244" y="-3.39" rotation="0" />
    <Platform type="Platform" material="" x="7.2008" y="-3.18" rotation="0" scaleX="1.0" scaleY="1.0" />
    <Block type="TriangleHole" material="stone" x="5.1777" y="-3.09" rotation="0" />
  </GameObjects>
</Level>
