<?xml version="1.0" encoding="utf-16"?>
<Level width="2">
  <Camera x="0" y="-1" minWidth="25" maxWidth="35" />
  <Score highScore="0" />
  <Birds>
    <Bird type="BirdRed"/>
    <Bird type="BirdRed"/>
    <Bird type="BirdRed"/>
  </Birds>
  <Slingshot x="-12.0" y="-2.5" />
  <GameObjects>
    <Pig type="BasicBig" material="" x="-6.1274" y="-0.0739" rotation="359.6578" />
    <Platform type="Platform" material="" x="-6.2294" y="-0.8152" rotation="0.0" scaleX="2.089" scaleY="0.763" />
    <Platform type="Platform" material="" x="-5.3075" y="-0.6842" rotation="0.0" scaleX="1.0" scaleY="1.179" />
    <Platform type="Platform" material="" x="-7.0274" y="-0.6842" rotation="0.0" scaleX="1.0" scaleY="1.179" />
    <Block type="CircleSmall" material="wood" x="-8.7634" y="-3.275" rotation="0" />
    <Block type="RectFat" material="stone" x="-6.1292" y="-3.285" rotation="0" />
    <Block type="SquareSmall" material="ice" x="9.1127" y="-3.285" rotation="0" />
  </GameObjects>
</Level>
