<?xml version="1.0" encoding="utf-16"?>
<Level width="2">
  <Camera x="0" y="-1" minWidth="25" maxWidth="35" />
  <Score highScore="0" />
  <Birds>
    <Bird type="BirdRed"/>
    <Bird type="BirdRed"/>
    <Bird type="BirdRed"/>
  </Birds>
  <Slingshot x="-12.0" y="-2.5" />
  <GameObjects>
    <Pig type="BasicBig" material="" x="2.213" y="1.191" rotation="359.6578" />
    <Platform type="Platform" material="" x="2.111" y="0.4497" rotation="0.0" scaleX="2.089" scaleY="0.763" />
    <Platform type="Platform" material="" x="3.033" y="0.5807" rotation="0.0" scaleX="1.0" scaleY="1.179" />
    <Platform type="Platform" material="" x="1.313" y="0.5807" rotation="0.0" scaleX="1.0" scaleY="1.179" />
    <Block type="RectFat" material="wood" x="-4.4156" y="-3.285" rotation="0" />
    <Block type="SquareSmall" material="stone" x="-6.7741" y="-3.285" rotation="0" />
    <Block type="RectTiny" material="ice" x="-9.0938" y="-3.39" rotation="0" />
  </GameObjects>
</Level>
