<?xml version="1.0" encoding="utf-16"?>
<Level width="2">
  <Camera x="0" y="-1" minWidth="25" maxWidth="35" />
  <Score highScore="0" />
  <Birds>
    <Bird type="BirdRed"/>
    <Bird type="BirdRed"/>
    <Bird type="BirdRed"/>
  </Birds>
  <Slingshot x="-12.0" y="-2.5" />
  <GameObjects>
    <Pig type="BasicBig" material="" x="2.933" y="-0.4837" rotation="359.6578" />
    <Platform type="Platform" material="" x="2.831" y="-1.225" rotation="0.0" scaleX="2.089" scaleY="0.763" />
    <Platform type="Platform" material="" x="3.753" y="-1.094" rotation="0.0" scaleX="1.0" scaleY="1.179" />
    <Platform type="Platform" material="" x="2.033" y="-1.094" rotation="0.0" scaleX="1.0" scaleY="1.179" />
    <Block type="Circle" material="ice" x="-1.5496" y="-3.1" rotation="0" />
    <Block type="RectTiny" material="ice" x="4.1472" y="-3.39" rotation="0" />
    <Block type="TriangleHole" material="ice" x="-4.5555" y="-3.09" rotation="0" />
  </GameObjects>
</Level>
