<?xml version="1.0" encoding="utf-16"?>
<Level width="2">
  <Camera x="0" y="-1" minWidth="25" maxWidth="35" />
  <Score highScore="0" />
  <Birds>
    <Bird type="BirdRed"/>
    <Bird type="BirdRed"/>
    <Bird type="BirdRed"/>
  </Birds>
  <Slingshot x="-12.0" y="-2.5" />
  <GameObjects>
    <Pig type="BasicBig" material="" x="0.0294" y="-0.2857" rotation="359.6578" />
    <Platform type="Platform" material="" x="-0.0726" y="-1.027" rotation="0.0" scaleX="2.089" scaleY="0.763" />
    <Platform type="Platform" material="" x="0.8494" y="-0.896" rotation="0.0" scaleX="1.0" scaleY="1.179" />
    <Platform type="Platform" material="" x="-0.8706" y="-0.896" rotation="0.0" scaleX="1.0" scaleY="1.179" />
    <Block type="RectBig" material="stone" x="-7.8567" y="-3.39" rotation="0" />
    <Block type="RectSmall" material="stone" x="2.729" y="-3.39" rotation="0" />
    <Block type="SquareTiny" material="wood" x="-4.4297" y="-3.39" rotation="0" />
  </GameObjects>
</Level>
