<?xml version="1.0" encoding="utf-16"?>
<Level width="2">
  <Camera x="0" y="-1" minWidth="25" maxWidth="35" />
  <Score highScore="0" />
  <Birds>
    <Bird type="BirdRed"/>
    <Bird type="BirdRed"/>
    <Bird type="BirdRed"/>
  </Birds>
  <Slingshot x="-12.0" y="-2.5" />
  <GameObjects>
    <Pig type="BasicBig" material="" x="-4.5104" y="0.1959" rotation="359.6578" />
    <Platform type="Platform" material="" x="-4.6124" y="-0.5454" rotation="0.0" scaleX="2.089" scaleY="0.763" />
    <Platform type="Platform" material="" x="-3.6904" y="-0.4144" rotation="0.0" scaleX="1.0" scaleY="1.179" />
    <Platform type="Platform" material="" x="-5.4104" y="-0.4144" rotation="0.0" scaleX="1.0" scaleY="1.179" />
    <Block type="RectFat" material="wood" x="-6.1963" y="-3.285" rotation="0" />
    <Platform type="Platform" material="" x="-9.5723" y="-3.18" rotation="0" scaleX="1.0" scaleY="1.0" />
    <Block type="RectBig" material="wood" x="4.4916" y="-3.39" rotation="0" />
  </GameObjects>
</Level>
