<?xml version="1.0" encoding="utf-16"?>
<Level width="2">
  <Camera x="0" y="-1" minWidth="25" maxWidth="35" />
  <Score highScore="0" />
  <Birds>
    <Bird type="BirdRed"/>
    <Bird type="BirdRed"/>
    <Bird type="BirdRed"/>
  </Birds>
  <Slingshot x="-12.0" y="-2.5" />
  <GameObjects>
    <Pig type="BasicBig" material="" x="-1.9623" y="0.2649" rotation="359.6578" />
    <Platform type="Platform" material="" x="-2.0643" y="-0.4764" rotation="0.0" scaleX="2.089" scaleY="0.763" />
    <Platform type="Platform" material="" x="-1.1423" y="-0.3454" rotation="0.0" scaleX="1.0" scaleY="1.179" />
    <Platform type="Platform" material="" x="-2.8623" y="-0.3454" rotation="0.0" scaleX="1.0" scaleY="1.179" />
    <Block type="Triangle" material="stone" x="-6.8121" y="-3.09" rotation="0" />
    <Block type="SquareSmall" material="stone" x="-5.2995" y="-3.285" rotation="0" />
    <Block type="RectSmall" material="ice" x="2.2117" y="-3.39" rotation="0" />
  </GameObjects>
</Level>
