<?xml version="1.0" encoding="utf-16"?>
<Level width="2">
  <Camera x="0" y="-1" minWidth="25" maxWidth="35" />
  <Score highScore="0" />
  <Birds>
    <Bird type="BirdRed"/>
    <Bird type="BirdRed"/>
    <Bird type="BirdRed"/>
  </Birds>
  <Slingshot x="-12.0" y="-2.5" />
  <GameObjects>
    <Pig type="BasicBig" material="" x="1.7312" y="0.3006" rotation="359.6578" />
    <Platform type="Platform" material="" x="1.6292" y="-0.4406" rotation="0.0" scaleX="2.089" scaleY="0.763" />
    <Platform type="Platform" material="" x="2.5512" y="-0.3096" rotation="0.0" scaleX="1.0" scaleY="1.179" />
    <Platform type="Platform" material="" x="0.8312" y="-0.3096" rotation="0.0" scaleX="1.0" scaleY="1.179" />
    <Block type="RectTiny" material="stone" x="5.914" y="-3.39" rotation="0" />
    <Block type="TriangleHole" material="wood" x="1.7095" y="-3.09" rotation="0" />
    <Block type="RectBig" material="wood" x="-1.5764" y="-3.39" rotation="0" />
  </GameObjects>
</Level>
