<?xml version="1.0" encoding="utf-16"?>
<Level width="2">
  <Camera x="0" y="-1" minWidth="25" maxWidth="35" />
  <Score highScore="0" />
  <Birds>
    <Bird type="BirdRed"/>
    <Bird type="BirdRed"/>
    <Bird type="BirdRed"/>
  </Birds>
  <Slingshot x="-12.0" y="-2.5" />
  <GameObjects>
    <Pig type="BasicBig" material="" x="3.9758" y="0.3597" rotation="359.6578" />
    <Platform type="Platform" material="" x="3.8738" y="-0.3816" rotation="0.0" scaleX="2.089" scaleY="0.763" />
    <Platform type="Platform" material="" x="4.7958" y="-0.2506" rotation="0.0" scaleX="1.0" scaleY="1.179" />
    <Platform type="Platform" material="" x="3.0758" y="-0.2506" rotation="0.0" scaleX="1.0" scaleY="1.179" />
    <Block type="CircleSmall" material="ice" x="6.9095" y="-3.275" rotation="0" />
    <Block type="SquareTiny" material="wood" x="-3.0132" y="-3.39" rotation="0" />
    <Block type="SquareTiny" material="stone" x="-0.4849" y="-3.39" rotation="0" />
  </GameObjects>
</Level>
