<?xml version="1.0" encoding="utf-16"?>
<Level width="2">
  <Camera x="0" y="-1" minWidth="25" maxWidth="35" />
  <Score highScore="0" />
  <Birds>
    <Bird type="BirdRed"/>
    <Bird type="BirdRed"/>
    <Bird type="BirdRed"/>
  </Birds>
  <Slingshot x="-12.0" y="-2.5" />
  <GameObjects>
    <Pig type="BasicBig" material="" x="-1.312" y="-0.9735" rotation="359.6578" />
    <Platform type="Platform" material="" x="-1.414" y="-1.7148" rotation="0.0" scaleX="2.089" scaleY="0.763" />
    <Platform type="Platform" material="" x="-0.492" y="-1.5838" rotation="0.0" scaleX="1.0" scaleY="1.179" />
    <Platform type="Platform" material="" x="-2.212" y="-1.5838" rotation="0.0" scaleX="1.0" scaleY="1.179" />
    <Block type="RectMedium" material="stone" x="-0.2081" y="-3.39" rotation="0" />
    <Block type="RectSmall" material="ice" x="-6.8737" y="-3.39" rotation="0" />
    <Block type="RectBig" material="stone" x="3.6541" y="-3.39" rotation="0" />
  </GameObjects>
</Level>
