<?xml version="1.0" encoding="utf-16"?>
<Level width="2">
  <Camera x="0" y="-1" minWidth="25" maxWidth="35" />
  <Score highScore="0" />
  <Birds>
    <Bird type="BirdRed"/>
    <Bird type="BirdRed"/>
    <Bird type="BirdRed"/>
  </Birds>
  <Slingshot x="-12.0" y="-2.5" />
  <GameObjects>
    <Pig type="BasicBig" material="" x="0.7625" y="-0.6961" rotation="359.6578" />
    <Platform type="Platform" material="" x="0.6605" y="-1.4374" rotation="0.0" scaleX="2.089" scaleY="0.763" />
    <Platform type="Platform" material="" x="1.5825" y="-1.3064" rotation="0.0" scaleX="1.0" scaleY="1.179" />
    <Platform type="Platform" material="" x="-0.1375" y="-1.3064" rotation="0.0" scaleX="1.0" scaleY="1.179" />
    <Platform type="Platform" material="" x="3.2809" y="-3.18" rotation="0" scaleX="1.0" scaleY="1.0" />
    <Block type="RectFat" material="wood" x="7.261" y="-3.285" rotation="0" />
    <Block type="Triangle" material="wood" x="-9.2358" y="-3.09" rotation="0" />
  </GameObjects>
</Level>
