<?xml version="1.0" encoding="utf-16"?>
<Level width="2">
  <Camera x="0" y="-1" minWidth="25" maxWidth="35" />
  <Score highScore="0" />
  <Birds>
    <Bird type="BirdRed"/>
    <Bird type="BirdRed"/>
    <Bird type="BirdRed"/>
  </Birds>
  <Slingshot x="-12.0" y="-2.5" />
  <GameObjects>
    <Pig type="BasicBig" material="" x="2.9328" y="1.506" rotation="359.6578" />
    <Platform type="Platform" material="" x="2.8308" y="0.7648" rotation="0.0" scaleX="2.089" scaleY="0.763" />
    <Platform type="Platform" material="" x="3.7528" y="0.8958" rotation="0.0" scaleX="1.0" scaleY="1.179" />
    <Platform type="Platform" material="" x="2.0328" y="0.8958" rotation="0.0" scaleX="1.0" scaleY="1.179" />
    <Block type="Circle" material="stone" x="7.5511" y="-3.1" rotation="0" />
    <Block type="SquareTiny" material="ice" x="-0.8968" y="-3.39" rotation="0" />
    <Block type="SquareSmall" material="stone" x="-2.2691" y="-3.285" rotation="0" />
  </GameObjects>
</Level>
