<?xml version="1.0" encoding="utf-16"?>
<Level width="2">
  <Camera x="0" y="-1" minWidth="25" maxWidth="35" />
  <Score highScore="0" />
  <Birds>
    <Bird type="BirdRed"/>
    <Bird type="BirdRed"/>
    <Bird type="BirdRed"/>
  </Birds>
  <Slingshot x="-12.0" y="-2.5" />
  <GameObjects>
    <Pig type="BasicBig" material="" x="2.6809" y="-0.526" rotation="359.6578" />
    <Platform type="Platform" material="" x="2.5789" y="-1.2673" rotation="0.0" scaleX="2.089" scaleY="0.763" />
    <Platform type="Platform" material="" x="3.5009" y="-1.1362" rotation="0.0" scaleX="1.0" scaleY="1.179" />
    <Platform type="Platform" material="" x="1.7809" y="-1.1362" rotation="0.0" scaleX="1.0" scaleY="1.179" />
    <Block type="RectSmall" material="ice" x="9.0751" y="-3.39" rotation="0" />
    <Block type="TriangleHole" material="ice" x="-4.0877" y="-3.09" rotation="0" />
    <Block type="RectBig" material="wood" x="0.1965" y="-3.39" rotation="0" />
  </GameObjects>
</Level>
