<?xml version="1.0" encoding="utf-16"?>
<Level width="2">
  <Camera x="0" y="-1" minWidth="25" maxWidth="35" />
  <Score highScore="0" />
  <Birds>
    <Bird type="BirdRed"/>
    <Bird type="BirdRed"/>
    <Bird type="BirdRed"/>
  </Birds>
  <Slingshot x="-12.0" y="-2.5" />
  <GameObjects>
    <Pig type="BasicBig" material="" x="-1.9804" y="-1.0821" rotation="359.6578" />
    <Platform type="Platform" material="" x="-2.0824" y="-1.8234" rotation="0.0" scaleX="2.089" scaleY="0.763" />
    <Platform type="Platform" material="" x="-1.1604" y="-1.6924" rotation="0.0" scaleX="1.0" scaleY="1.179" />
    <Platform type="Platform" material="" x="-2.8804" y="-1.6924" rotation="0.0" scaleX="1.0" scaleY="1.179" />
    <Block type="SquareTiny" material="wood" x="4.4364" y="-3.39" rotation="0" />
    <Block type="RectFat" material="stone" x="1.9777" y="-3.285" rotation="0" />
    <Block type="RectSmall" material="stone" x="-4.0787" y="-3.39" rotation="0" />
  </GameObjects>
</Level>
