<?xml version="1.0" encoding="utf-16"?>
<Level width="2">
  <Camera x="0" y="-1" minWidth="25" maxWidth="35" />
  <Score highScore="0" />
  <Birds>
    <Bird type="BirdRed"/>
    <Bird type="BirdRed"/>
    <Bird type="BirdRed"/>
  </Birds>
  <Slingshot x="-12.0" y="-2.5" />
  <GameObjects>
    <Pig type="BasicBig" material="" x="-6.8444" y="-1.0371" rotation="359.6578" />
    <Platform type="Platform" material="" x="-6.9464" y="-1.7783" rotation="0.0" scaleX="2.089" scaleY="0.763" />
    <Platform type="Platform" material="" x="-6.0244" y="-1.6473" rotation="0.0" scaleX="1.0" scaleY="1.179" />
    <Platform type="Platform" material="" x="-7.7444" y="-1.6473" rotation="0.0" scaleX="1.0" scaleY="1.179" />
    <Block type="Circle" material="stone" x="-7.6126" y="-3.1" rotation="0" />
    <Block type="SquareTiny" material="stone" x="-1.9464" y="-3.39" rotation="0" />
    <Block type="RectBig" material="stone" x="7.7025" y="-3.39" rotation="0" />
  </GameObjects>
</Level>
