<?xml version="1.0" encoding="utf-16"?>
<Level width="2">
  <Camera x="0" y="-1" minWidth="25" maxWidth="35" />
  <Score highScore="0" />
  <Birds>
    <Bird type="BirdRed"/>
    <Bird type="BirdRed"/>
    <Bird type="BirdRed"/>
  </Birds>
  <Slingshot x="-12.0" y="-2.5" />
  <GameObjects>
    <Pig type="BasicBig" material="" x="2.8892" y="1.2711" rotation="359.6578" />
    <Platform type="Platform" material="" x="2.7872" y="0.5298" rotation="0.0" scaleX="2.089" scaleY="0.763" />
    <Platform type="Platform" material="" x="3.7092" y="0.6608" rotation="0.0" scaleX="1.0" scaleY="1.179" />
    <Platform type="Platform" material="" x="1.9892" y="0.6608" rotation="0.0" scaleX="1.0" scaleY="1.179" />
    <Block type="SquareHole" material="ice" x="6.8662" y="-3.08" rotation="0" />
    <Block type="RectBig" material="wood" x="3.515" y="-3.39" rotation="0" />
    <Block type="Circle" material="ice" x="-8.5159" y="-3.1" rotation="0" />
  </GameObjects>
</Level>
