<?xml version="1.0" encoding="utf-16"?>
<Level width="2">
  <Camera x="0" y="-1" minWidth="25" maxWidth="35" />
  <Score highScore="0" />
  <Birds>
    <Bird type="BirdRed"/>
    <Bird type="BirdRed"/>
    <Bird type="BirdRed"/>
  </Birds>
  <Slingshot x="-12.0" y="-2.5" />
  <GameObjects>
    <Pig type="BasicBig" material="" x="0.5283" y="-0.1099" rotation="359.6578" />
    <Platform type="Platform" material="" x="0.4263" y="-0.8512" rotation="0.0" scaleX="2.089" scaleY="0.763" />
    <Platform type="Platform" material="" x="1.3483" y="-0.7202" rotation="0.0" scaleX="1.0" scaleY="1.179" />
    <Platform type="Platform" material="" x="-0.3717" y="-0.7202" rotation="0.0" scaleX="1.0" scaleY="1.179" />
    <Block type="RectSmall" material="wood" x="5.8639" y="-3.39" rotation="0" />
    <Block type="RectBig" material="ice" x="-5.3418" y="-3.39" rotation="0" />
    <Block type="CircleSmall" material="wood" x="-9.5406" y="-3.275" rotation="0" />
  </GameObjects>
</Level>
