<?xml version="1.0" encoding="utf-16"?>
<Level width="2">
  <Camera x="0" y="-1" minWidth="25" maxWidth="35" />
  <Score highScore="0" />
  <Birds>
    <Bird type="BirdRed"/>
    <Bird type="BirdRed"/>
    <Bird type="BirdRed"/>
  </Birds>
  <Slingshot x="-12.0" y="-2.5" />
  <GameObjects>
    <Pig type="BasicBig" material="" x="0.952" y="1.7681" rotation="359.6578" />
    <Platform type="Platform" material="" x="0.85" y="1.0268" rotation="0.0" scaleX="2.089" scaleY="0.763" />
    <Platform type="Platform" material="" x="1.772" y="1.1578" rotation="0.0" scaleX="1.0" scaleY="1.179" />
    <Platform type="Platform" material="" x="0.052" y="1.1578" rotation="0.0" scaleX="1.0" scaleY="1.179" />
    <Block type="Triangle" material="ice" x="7.058" y="-3.09" rotation="0" />
    <Block type="RectSmall" material="stone" x="4.7016" y="-3.39" rotation="0" />
    <Block type="RectBig" material="ice" x="-0.8287" y="-3.39" rotation="0" />
  </GameObjects>
</Level>
