<?xml version="1.0" encoding="utf-16"?>
<Level width="2">
  <Camera x="0" y="-1" minWidth="25" maxWidth="35" />
  <Score highScore="0" />
  <Birds>
    <Bird type="BirdRed"/>
    <Bird type="BirdRed"/>
    <Bird type="BirdRed"/>
  </Birds>
  <Slingshot x="-12.0" y="-2.5" />
  <GameObjects>
    <Pig type="BasicBig" material="" x="-5.8788" y="-1.1767" rotation="359.6578" />
    <Platform type="Platform" material="" x="-5.9808" y="-1.918" rotation="0.0" scaleX="2.089" scaleY="0.763" />
    <Platform type="Platform" material="" x="-5.0588" y="-1.787" rotation="0.0" scaleX="1.0" scaleY="1.179" />
    <Platform type="Platform" material="" x="-6.7788" y="-1.787" rotation="0.0" scaleX="1.0" scaleY="1.179" />
    <Block type="RectTiny" material="ice" x="-2.7599" y="-3.39" rotation="0" />
    <Block type="RectTiny" material="stone" x="1.4483" y="-3.39" rotation="0" />
    <Block type="RectTiny" material="stone" x="-8.9193" y="-3.39" rotation="0" />
  </GameObjects>
</Level>
