<?xml version="1.0" encoding="utf-16"?>
<Level width="2">
  <Camera x="0" y="-1" minWidth="25" maxWidth="35" />
  <Score highScore="0" />
  <Birds>
    <Bird type="BirdRed"/>
    <Bird type="BirdRed"/>
    <Bird type="BirdRed"/>
  </Birds>
  <Slingshot x="-12.0" y="-2.5" />
  <GameObjects>
    <Pig type="BasicBig" material="" x="-7.5626" y="-1.1731" rotation="359.6578" />
    <Platform type="Platform" material="" x="-7.6646" y="-1.9144" rotation="0.0" scaleX="2.089" scaleY="0.763" />
    <Platform type="Platform" material="" x="-6.7426" y="-1.7833" rotation="0.0" scaleX="1.0" scaleY="1.179" />
    <Platform type="Platform" material="" x="-8.4626" y="-1.7833" rotation="0.0" scaleX="1.0" scaleY="1.179" />
    <Block type="SquareHole" material="ice" x="-4.8312" y="-3.08" rotation="0" />
    <Block type="Triangle" material="ice" x="0.2221" y="-3.09" rotation="0" />
    <Block type="RectMedium" material="ice" x="8.8551" y="-3.39" rotation="0" />
  </GameObjects>
</Level>
