<?xml version="1.0" encoding="utf-16"?>
<Level width="2">
  <Camera x="0" y="-1" minWidth="25" maxWidth="35" />
  <Score highScore="0" />
  <Birds>
    <Bird type="BirdRed"/>
    <Bird type="BirdRed"/>
    <Bird type="BirdRed"/>
  </Birds>
  <Slingshot x="-12.0" y="-2.5" />
  <GameObjects>
    <Pig type="BasicBig" material="" x="3.1673" y="0.3106" rotation="359.6578" />
    <Platform type="Platform" material="" x="3.0653" y="-0.4306" rotation="0.0" scaleX="2.089" scaleY="0.763" />
    <Platform type="Platform" material="" x="3.9873" y="-0.2996" rotation="0.0" scaleX="1.0" scaleY="1.179" />
    <Platform type="Platform" material="" x="2.2673" y="-0.2996" rotation="0.0" scaleX="1.0" scaleY="1.179" />
    <Block type="CircleSmall" material="wood" x="-5.4695" y="-3.275" rotation="0" />
    <Platform type="Platform" material="" x="-2.2631" y="-3.18" rotation="0" scaleX="1.0" scaleY="1.0" />
    <Block type="RectSmall" material="ice" x="2.357" y="-3.39" rotation="0" />
  </GameObjects>
</Level>
