<?xml version="1.0" encoding="utf-16"?>
<Level width="2">
  <Camera x="0" y="-1" minWidth="25" maxWidth="35" />
  <Score highScore="0" />
  <Birds>
    <Bird type="BirdRed"/>
    <Bird type="BirdRed"/>
    <Bird type="BirdRed"/>
  </Birds>
  <Slingshot x="-12.0" y="-2.5" />
  <GameObjects>
    <Pig type="BasicBig" material="" x="2.6025" y="0.9824" rotation="359.6578" />
    <Platform type="Platform" material="" x="2.5005" y="0.2411" rotation="0.0" scaleX="2.089" scaleY="0.763" />
    <Platform type="Platform" material="" x="3.4225" y="0.3721" rotation="0.0" scaleX="1.0" scaleY="1.179" />
    <Platform type="Platform" material="" x="1.7025" y="0.3721" rotation="0.0" scaleX="1.0" scaleY="1.179" />
    <Block type="SquareSmall" material="ice" x="4.6187" y="-3.285" rotation="0" />
    <Block type="RectFat" material="stone" x="-5.7656" y="-3.285" rotation="0" />
    <Block type="RectTiny" material="stone" x="2.6456" y="-3.39" rotation="0" />
  </GameObjects>
</Level>
