<?xml version="1.0" encoding="utf-16"?>
<Level width="2">
  <Camera x="0" y="-1" minWidth="25" maxWidth="35" />
  <Score highScore="0" />
  <Birds>
    <Bird type="BirdRed"/>
    <Bird type="BirdRed"/>
    <Bird type="BirdRed"/>
  </Birds>
  <Slingshot x="-12.0" y="-2.5" />
  <GameObjects>
    <Pig type="BasicBig" material="" x="0.8462" y="0.8972" rotation="359.6578" />
    <Platform type="Platform" material="" x="0.7442" y="0.156" rotation="0.0" scaleX="2.089" scaleY="0.763" />
    <Platform type="Platform" material="" x="1.6662" y="0.287" rotation="0.0" scaleX="1.0" scaleY="1.179" />
    <Platform type="Platform" material="" x="-0.0538" y="0.287" rotation="0.0" scaleX="1.0" scaleY="1.179" />
    <Block type="SquareTiny" material="stone" x="-9.1505" y="-3.39" rotation="0" />
    <Block type="RectTiny" material="wood" x="3.5798" y="-3.39" rotation="0" />
    <Block type="CircleSmall" material="wood" x="8.8637" y="-3.275" rotation="0" />
  </GameObjects>
</Level>
