<?xml version="1.0" encoding="utf-16"?>
<Level width="2">
  <Camera x="0" y="-1" minWidth="25" maxWidth="35" />
  <Score highScore="0" />
  <Birds>
    <Bird type="BirdRed"/>
    <Bird type="BirdRed"/>
    <Bird type="BirdRed"/>
  </Birds>
  <Slingshot x="-12.0" y="-2.5" />
  <GameObjects>
    <Pig type="BasicBig" material="" x="0.7176" y="1.1261" rotation="359.6578" />
    <Platform type="Platform" material="" x="0.6156" y="0.3849" rotation="0.0" scaleX="2.089" scaleY="0.763" />
    <Platform type="Platform" material="" x="1.5376" y="0.5159" rotation="0.0" scaleX="1.0" scaleY="1.179" />
    <Platform type="Platform" material="" x="-0.1824" y="0.5159" rotation="0.0" scaleX="1.0" scaleY="1.179" />
    <Block type="RectFat" material="stone" x="3.1129" y="-3.285" rotation="0" />
    <Block type="RectSmall" material="stone" x="-2.8532" y="-3.39" rotation="0" />
    <Block type="SquareSmall" material="stone" x="1.0117" y="-3.285" rotation="0" />
  </GameObjects>
</Level>
