<?xml version="1.0" encoding="utf-16"?>
<Level width="2">
  <Camera x="0" y="-1" minWidth="25" maxWidth="35" />
  <Score highScore="0" />
  <Birds>
    <Bird type="BirdRed"/>
    <Bird type="BirdRed"/>
    <Bird type="BirdRed"/>
  </Birds>
  <Slingshot x="-12.0" y="-2.5" />
  <GameObjects>
    <Pig type="BasicBig" material="" x="-5.9804" y="-1.1456" rotation="359.6578" />
    <Platform type="Platform" material="" x="-6.0824" y="-1.8868" rotation="0.0" scaleX="2.089" scaleY="0.763" />
    <Platform type="Platform" material="" x="-5.1604" y="-1.7558" rotation="0.0" scaleX="1.0" scaleY="1.179" />
    <Platform type="Platform" material="" x="-6.8804" y="-1.7558" rotation="0.0" scaleX="1.0" scaleY="1.179" />
    <Block type="RectSmall" material="stone" x="8.3716" y="-3.39" rotation="0" />
    <Block type="Triangle" material="ice" x="-6.4687" y="-3.09" rotation="0" />
    <Block type="RectFat" material="wood" x="4.8346" y="-3.285" rotation="0" />
  </GameObjects>
</Level>
