<?xml version="1.0" encoding="utf-16"?>
<Level width="2">
  <Camera x="0" y="-1" minWidth="25" maxWidth="35" />
  <Score highScore="0" />
  <Birds>
    <Bird type="BirdRed"/>
    <Bird type="BirdRed"/>
    <Bird type="BirdRed"/>
  </Birds>
  <Slingshot x="-12.0" y="-2.5" />
  <GameObjects>
    <Pig type="BasicBig" material="" x="-6.8842" y="-0.4404" rotation="359.6578" />
    <Platform type="Platform" material="" x="-6.9862" y="-1.1817" rotation="0.0" scaleX="2.089" scaleY="0.763" />
    <Platform type="Platform" material="" x="-6.0642" y="-1.0507" rotation="0.0" scaleX="1.0" scaleY="1.179" />
    <Platform type="Platform" material="" x="-7.7842" y="-1.0507" rotation="0.0" scaleX="1.0" scaleY="1.179" />
    <Block type="RectTiny" material="stone" x="-9.7598" y="-3.39" rotation="0" />
    <Block type="SquareHole" material="stone" x="8.6034" y="-3.08" rotation="0" />
    <Block type="SquareHole" material="ice" x="-5.597" y="-3.08" rotation="0" />
  </GameObjects>
</Level>
