<?xml version="1.0" encoding="utf-16"?>
<Level width="2">
  <Camera x="0" y="-1" minWidth="25" maxWidth="35" />
  <Score highScore="0" />
  <Birds>
    <Bird type="BirdRed"/>
    <Bird type="BirdRed"/>
    <Bird type="BirdRed"/>
  </Birds>
  <Slingshot x="-12.0" y="-2.5" />
  <GameObjects>
    <Pig type="BasicBig" material="" x="-2.666" y="-0.6027" rotation="359.6578" />
    <Platform type="Platform" material="" x="-2.768" y="-1.344" rotation="0.0" scaleX="2.089" scaleY="0.763" />
    <Platform type="Platform" material="" x="-1.846" y="-1.213" rotation="0.0" scaleX="1.0" scaleY="1.179" />
    <Platform type="Platform" material="" x="-3.566" y="-1.213" rotation="0.0" scaleX="1.0" scaleY="1.179" />
    <Block type="RectTiny" material="ice" x="-3.3012" y="-3.39" rotation="0" />
    <Platform type="Platform" material="" x="-5.2982" y="-3.18" rotation="0" scaleX="1.0" scaleY="1.0" />
    <Block type="RectSmall" material="stone" x="-8.3857" y="-3.39" rotation="0" />
  </GameObjects>
</Level>
