<?xml version="1.0" encoding="utf-16"?>
<Level width="2">
  <Camera x="0" y="-1" minWidth="25" maxWidth="35" />
  <Score highScore="0" />
  <Birds>
    <Bird type="BirdRed"/>
    <Bird type="BirdRed"/>
    <Bird type="BirdRed"/>
  </Birds>
  <Slingshot x="-12.0" y="-2.5" />
  <GameObjects>
    <Pig type="BasicBig" material="" x="-0.4563" y="1.3075" rotation="359.6578" />
    <Platform type="Platform" material="" x="-0.5583" y="0.5663" rotation="0.0" scaleX="2.089" scaleY="0.763" />
    <Platform type="Platform" material="" x="0.3637" y="0.6973" rotation="0.0" scaleX="1.0" scaleY="1.179" />
    <Platform type="Platform" material="" x="-1.3563" y="0.6973" rotation="0.0" scaleX="1.0" scaleY="1.179" />
    <Block type="RectFat" material="wood" x="-9.7051" y="-3.285" rotation="0" />
    <Block type="RectMedium" material="ice" x="-7.1379" y="-3.39" rotation="0" />
    <Block type="SquareSmall" material="wood" x="9.3135" y="-3.285" rotation="0" />
  </GameObjects>
</Level>
