<?xml version="1.0" encoding="utf-16"?>
<Level width="2">
  <Camera x="0" y="-1" minWidth="25" maxWidth="35" />
  <Score highScore="0" />
  <Birds>
    <Bird type="BirdRed"/>
    <Bird type="BirdRed"/>
    <Bird type="BirdRed"/>
  </Birds>
  <Slingshot x="-12.0" y="-2.5" />
  <GameObjects>
    <Pig type="BasicBig" material="" x="-2.6571" y="-0.8225" rotation="359.6578" />
    <Platform type="Platform" material="" x="-2.7591" y="-1.5637" rotation="0.0" scaleX="2.089" scaleY="0.763" />
    <Platform type="Platform" material="" x="-1.8371" y="-1.4327" rotation="0.0" scaleX="1.0" scaleY="1.179" />
    <Platform type="Platform" material="" x="-3.5571" y="-1.4327" rotation="0.0" scaleX="1.0" scaleY="1.179" />
    <Block type="Circle" material="ice" x="9.3104" y="-3.1" rotation="0" />
    <Block type="Circle" material="stone" x="-9.2657" y="-3.1" rotation="0" />
    <Block type="CircleSmall" material="ice" x="-7.489" y="-3.275" rotation="0" />
  </GameObjects>
</Level>
