<?xml version="1.0" encoding="utf-16"?>
<Level width="2">
  <Camera x="0" y="-1" minWidth="25" maxWidth="35" />
  <Score highScore="0" />
  <Birds>
    <Bird type="BirdRed"/>
    <Bird type="BirdRed"/>
    <Bird type="BirdRed"/>
  </Birds>
  <Slingshot x="-12.0" y="-2.5" />
  <GameObjects>
    <Pig type="BasicBig" material="" x="-4.2233" y="-1.2065" rotation="359.6578" />
    <Platform type="Platform" material="" x="-4.3253" y="-1.9478" rotation="0.0" scaleX="2.089" scaleY="0.763" />
    <Platform type="Platform" material="" x="-3.4033" y="-1.8168" rotation="0.0" scaleX="1.0" scaleY="1.179" />
    <Platform type="Platform" material="" x="-5.1233" y="-1.8168" rotation="0.0" scaleX="1.0" scaleY="1.179" />
    <Block type="Circle" material="stone" x="-0.5066" y="-3.1" rotation="0" />
    <Platform type="Platform" material="" x="-8.9317" y="-3.18" rotation="0" scaleX="1.0" scaleY="1.0" />
    <Block type="Circle" material="stone" x="-5.3388" y="-3.1" rotation="0" />
  </GameObjects>
</Level>
