<?xml version="1.0" encoding="utf-16"?>
<Level width="2">
  <Camera x="0" y="-1" minWidth="25" maxWidth="35" />
  <Score highScore="0" />
  <Birds>
    <Bird type="BirdRed"/>
    <Bird type="BirdRed"/>
    <Bird type="BirdRed"/>
  </Birds>
  <Slingshot x="-12.0" y="-2.5" />
  <GameObjects>
    <Pig type="BasicBig" material="" x="1.6148" y="1.2802" rotation="359.6578" />
    <Platform type="Platform" material="" x="1.5128" y="0.539" rotation="0.0" scaleX="2.089" scaleY="0.763" />
    <Platform type="Platform" material="" x="2.4348" y="0.67" rotation="0.0" scaleX="1.0" scaleY="1.179" />
    <Platform type="Platform" material="" x="0.7148" y="0.67" rotation="0.0" scaleX="1.0" scaleY="1.179" />
    <Block type="TriangleHole" material="stone" x="1.8763" y="-3.09" rotation="0" />
    <Block type="RectMedium" material="stone" x="6.1405" y="-3.39" rotation="0" />
    <Platform type="Platform" material="" x="-8.8854" y="-3.18" rotation="0" scaleX="1.0" scaleY="1.0" />
  </GameObjects>
</Level>
