<?xml version="1.0" encoding="utf-16"?>
<Level width="2">
  <Camera x="0" y="-1" minWidth="25" maxWidth="35" />
  <Score highScore="0" />
  <Birds>
    <Bird type="BirdRed"/>
    <Bird type="BirdRed"/>
    <Bird type="BirdRed"/>
  </Birds>
  <Slingshot x="-12.0" y="-2.5" />
  <GameObjects>
    <Pig type="BasicBig" material="" x="3.5627" y="-0.7018" rotation="359.6578" />
    <Platform type="Platform" material="" x="3.4607" y="-1.4431" rotation="0.0" scaleX="2.089" scaleY="0.763" />
    <Platform type="Platform" material="" x="4.3827" y="-1.3121" rotation="0.0" scaleX="1.0" scaleY="1.179" />
    <Platform type="Platform" material="" x="2.6627" y="-1.3121" rotation="0.0" scaleX="1.0" scaleY="1.179" />
    <Block type="RectBig" material="stone" x="-5.5612" y="-3.39" rotation="0" />
    <Block type="CircleSmall" material="wood" x="-2.753" y="-3.275" rotation="0" />
    <Block type="SquareHole" material="ice" x="3.1618" y="-3.08" rotation="0" />
  </GameObjects>
</Level>
