<?xml version="1.0" encoding="utf-16"?>
<Level width="2">
  <Camera x="0" y="-1" minWidth="25" maxWidth="35" />
  <Score highScore="0" />
  <Birds>
    <Bird type="BirdRed"/>
    <Bird type="BirdRed"/>
    <Bird type="BirdRed"/>
  </Birds>
  <Slingshot x="-12.0" y="-2.5" />
  <GameObjects>
    <Pig type="BasicBig" material="" x="-6.6383" y="-1.2" rotation="359.6578" />
    <Platform type="Platform" material="" x="-6.7403" y="-1.9412" rotation="0.0" scaleX="2.089" scaleY="0.763" />
    <Platform type="Platform" material="" x="-5.8183" y="-1.8102" rotation="0.0" scaleX="1.0" scaleY="1.179" />
    <Platform type="Platform" material="" x="-7.5383" y="-1.8102" rotation="0.0" scaleX="1.0" scaleY="1.179" />
    <Block type="RectTiny" material="ice" x="-7.1266" y="-3.39" rotation="0" />
    <Block type="Circle" material="ice" x="3.819" y="-3.1" rotation="0" />
    <Block type="CircleSmall" material="wood" x="-1.2046" y="-3.275" rotation="0" />
  </GameObjects>
</Level>
