<?xml version="1.0" encoding="utf-16"?>
<Level width="2">
  <Camera x="0" y="-1" minWidth="25" maxWidth="35" />
  <Score highScore="0" />
  <Birds>
    <Bird type="BirdRed"/>
    <Bird type="BirdRed"/>
    <Bird type="BirdRed"/>
  </Birds>
  <Slingshot x="-12.0" y="-2.5" />
  <GameObjects>
    <Pig type="BasicBig" material="" x="-4.0434" y="-0.9795" rotation="359.6578" />
    <Platform type="Platform" material="" x="-4.1454" y="-1.7208" rotation="0.0" scaleX="2.089" scaleY="0.763" />
    <Platform type="Platform" material="" x="-3.2234" y="-1.5898" rotation="0.0" scaleX="1.0" scaleY="1.179" />
    <Platform type="Platform" material="" x="-4.9434" y="-1.5898" rotation="0.0" scaleX="1.0" scaleY="1.179" />
    <Block type="Triangle" material="stone" x="1.1408" y="-3.09" rotation="0" />
    <Block type="CircleSmall" material="ice" x="2.7753" y="-3.275" rotation="0" />
    <Block type="SquareHole" material="ice" x="-8.0503" y="-3.08" rotation="0" />
  </GameObjects>
</Level>
