<?xml version="1.0" encoding="utf-16"?>
<Level width="2">
  <Camera x="0" y="-1" minWidth="25" maxWidth="35" />
  <Score highScore="0" />
  <Birds>
    <Bird type="BirdRed"/>
    <Bird type="BirdRed"/>
    <Bird type="BirdRed"/>
  </Birds>
  <Slingshot x="-12.0" y="-2.5" />
  <GameObjects>
    <Pig type="BasicBig" material="" x="-1.651" y="-0.7247" rotation="359.6578" />
    <Platform type="Platform" material="" x="-1.753" y="-1.4659" rotation="0.0" scaleX="2.089" scaleY="0.763" />
    <Platform type="Platform" material="" x="-0.831" y="-1.3349" rotation="0.0" scaleX="1.0" scaleY="1.179" />
    <Platform type="Platform" material="" x="-2.551" y="-1.3349" rotation="0.0" scaleX="1.0" scaleY="1.179" />
    <Block type="RectSmall" material="stone" x="-7.1562" y="-3.39" rotation="0" />
    <Block type="RectSmall" material="ice" x="6.8585" y="-3.39" rotation="0" />
    <Block type="Circle" material="wood" x="-2.9371" y="-3.1" rotation="0" />
  </GameObjects>
</Level>
