<?xml version="1.0" encoding="utf-16"?>
<Level width="2">
  <Camera x="0" y="-1" minWidth="25" maxWidth="35" />
  <Score highScore="0" />
  <Birds>
    <Bird type="BirdRed"/>
    <Bird type="BirdRed"/>
    <Bird type="BirdRed"/>
  </Birds>
  <Slingshot x="-12.0" y="-2.5" />
  <GameObjects>
    <Pig type="BasicBig" material="" x="-4.79" y="-1.2522" rotation="359.6578" />
    <Platform type="Platform" material="" x="-4.892" y="-1.9934" rotation="0.0" scaleX="2.089" scaleY="0.763" />
    <Platform type="Platform" material="" x="-3.97" y="-1.8624" rotation="0.0" scaleX="1.0" scaleY="1.179" />
    <Platform type="Platform" material="" x="-5.69" y="-1.8624" rotation="0.0" scaleX="1.0" scaleY="1.179" />
    <Block type="SquareTiny" material="stone" x="-1.0977" y="-3.39" rotation="0" />
    <Block type="SquareHole" material="stone" x="8.9282" y="-3.08" rotation="0" />
    <Block type="RectFat" material="stone" x="-5.8513" y="-3.285" rotation="0" />
  </GameObjects>
</Level>
