<?xml version="1.0" encoding="utf-16"?>
<Level width="2">
  <Camera x="0" y="-1" minWidth="25" maxWidth="35" />
  <Score highScore="0" />
  <Birds>
    <Bird type="BirdRed"/>
    <Bird type="BirdRed"/>
    <Bird type="BirdRed"/>
  </Birds>
  <Slingshot x="-12.0" y="-2.5" />
  <GameObjects>
    <Pig type="BasicBig" material="" x="-3.2625" y="-0.1718" rotation="359.6578" />
    <Platform type="Platform" material="" x="-3.3645" y="-0.9131" rotation="0.0" scaleX="2.089" scaleY="0.763" />
    <Platform type="Platform" material="" x="-2.4425" y="-0.7821" rotation="0.0" scaleX="1.0" scaleY="1.179" />
    <Platform type="Platform" material="" x="-4.1625" y="-0.7821" rotation="0.0" scaleX="1.0" scaleY="1.179" />
    <Block type="SquareSmall" material="stone" x="0.4475" y="-3.285" rotation="0" />
    <Block type="RectMedium" material="wood" x="5.6881" y="-3.39" rotation="0" />
    <Block type="RectSmall" material="wood" x="-2.0442" y="-3.39" rotation="0" />
  </GameObjects>
</Level>
