<?xml version="1.0" encoding="utf-16"?>
<Level width="2">
  <Camera x="0" y="-1" minWidth="25" maxWidth="35" />
  <Score highScore="0" />
  <Birds>
    <Bird type="BirdRed"/>
    <Bird type="BirdRed"/>
    <Bird type="BirdRed"/>
  </Birds>
  <Slingshot x="-12.0" y="-2.5" />
  <GameObjects>
    <Pig type="BasicBig" material="" x="3.1901" y="-1.377" rotation="359.6578" />
    <Platform type="Platform" material="" x="3.0881" y="-2.1183" rotation="0.0" scaleX="2.089" scaleY="0.763" />
    <Platform type="Platform" material="" x="4.0101" y="-1.9873" rotation="0.0" scaleX="1.0" scaleY="1.179" />
    <Platform type="Platform" material="" x="2.2901" y="-1.9873" rotation="0.0" scaleX="1.0" scaleY="1.179" />
    <Block type="TriangleHole" material="wood" x="-0.9857" y="-3.09" rotation="0" />
    <Block type="SquareSmall" material="wood" x="5.6393" y="-3.285" rotation="0" />
    <Block type="CircleSmall" material="ice" x="-6.873" y="-3.275" rotation="0" />
  </GameObjects>
</Level>
