<?xml version="1.0" encoding="utf-16"?>
<Level width="2">
  <Camera x="0" y="-1" minWidth="25" maxWidth="35" />
  <Score highScore="0" />
  <Birds>
    <Bird type="BirdRed"/>
    <Bird type="BirdRed"/>
    <Bird type="BirdRed"/>
  </Birds>
  <Slingshot x="-12.0" y="-2.5" />
  <GameObjects>
    <Pig type="BasicBig" material="" x="2.1423" y="-0.314" rotation="359.6578" />
    <Platform type="Platform" material="" x="2.0403" y="-1.0552" rotation="0.0" scaleX="2.089" scaleY="0.763" />
    <Platform type="Platform" material="" x="2.9623" y="-0.9242" rotation="0.0" scaleX="1.0" scaleY="1.179" />
    <Platform type="Platform" material="" x="1.2423" y="-0.9242" rotation="0.0" scaleX="1.0" scaleY="1.179" />
    <Block type="SquareHole" material="ice" x="3.6674" y="-3.08" rotation="0" />
    <Platform type="Platform" material="" x="-2.6435" y="-3.18" rotation="0" scaleX="1.0" scaleY="1.0" />
    <Block type="SquareSmall" material="stone" x="8.9069" y="-3.285" rotation="0" />
  </GameObjects>
</Level>
