<?xml version="1.0" encoding="utf-16"?>
<Level width="2">
  <Camera x="0" y="-1" minWidth="25" maxWidth="35" />
  <Score highScore="0" />
  <Birds>
    <Bird type="BirdRed"/>
    <Bird type="BirdRed"/>
    <Bird type="BirdRed"/>
  </Birds>
  <Slingshot x="-12.0" y="-2.5" />
  <GameObjects>
    <Pig type="BasicBig" material="" x="-1.9755" y="1.0073" rotation="359.6578" />
    <Platform type="Platform" material="" x="-2.0775" y="0.2661" rotation="0.0" scaleX="2.089" scaleY="0.763" />
    <Platform type="Platform" material="" x="-1.1555" y="0.3971" rotation="0.0" scaleX="1.0" scaleY="1.179" />
    <Platform type="Platform" material="" x="-2.8755" y="0.3971" rotation="0.0" scaleX="1.0" scaleY="1.179" />
    <Block type="SquareHole" material="wood" x="-3.5478" y="-3.08" rotation="0" />
    <Block type="CircleSmall" material="stone" x="-9.624" y="-3.275" rotation="0" />
    <Block type="Triangle" material="wood" x="-8.317" y="-3.09" rotation="0" />
  </GameObjects>
</Level>
