<?xml version="1.0" encoding="utf-16"?>
<Level width="2">
  <Camera x="0" y="-1" minWidth="25" maxWidth="35" />
  <Score highScore="0" />
  <Birds>
    <Bird type="BirdRed"/>
    <Bird type="BirdRed"/>
    <Bird type="BirdRed"/>
  </Birds>
  <Slingshot x="-12.0" y="-2.5" />
  <GameObjects>
    <Pig type="BasicBig" material="" x="-4.048" y="-0.1403" rotation="359.6578" />
    <Platform type="Platform" material="" x="-4.15" y="-0.8815" rotation="0.0" scaleX="2.089" scaleY="0.763" />
    <Platform type="Platform" material="" x="-3.228" y="-0.7505" rotation="0.0" scaleX="1.0" scaleY="1.179" />
    <Platform type="Platform" material="" x="-4.948" y="-0.7505" rotation="0.0" scaleX="1.0" scaleY="1.179" />
    <Block type="TriangleHole" material="ice" x="2.7274" y="-3.09" rotation="0" />
    <Block type="Triangle" material="stone" x="-8.4675" y="-3.09" rotation="0" />
    <Block type="RectFat" material="stone" x="1.1041" y="-3.285" rotation="0" />
  </GameObjects>
</Level>
