<?xml version="1.0" encoding="utf-16"?>
<Level width="2">
  <Camera x="0" y="-1" minWidth="25" maxWidth="35" />
  <Score highScore="0" />
  <Birds>
    <Bird type="BirdRed"/>
    <Bird type="BirdRed"/>
    <Bird type="BirdRed"/>
  </Birds>
  <Slingshot x="-12.0" y="-2.5" />
  <GameObjects>
    <Pig type="BasicBig" material="" x="-3.9824" y="-0.4361" rotation="359.6578" />
    <Platform type="Platform" material="" x="-4.0844" y="-1.1773" rotation="0.0" scaleX="2.089" scaleY="0.763" />
    <Platform type="Platform" material="" x="-3.1624" y="-1.0463" rotation="0.0" scaleX="1.0" scaleY="1.179" />
    <Platform type="Platform" material="" x="-4.8824" y="-1.0463" rotation="0.0" scaleX="1.0" scaleY="1.179" />
    <Block type="RectBig" material="wood" x="-1.3177" y="-3.39" rotation="0" />
    <Block type="SquareTiny" material="ice" x="2.9996" y="-3.39" rotation="0" />
    <Block type="Triangle" material="stone" x="-7.4859" y="-3.09" rotation="0" />
  </GameObjects>
</Level>
