<?xml version="1.0" encoding="utf-16"?>
<Level width="2">
  <Camera x="0" y="-1" minWidth="25" maxWidth="35" />
  <Score highScore="0" />
  <Birds>
    <Bird type="BirdRed"/>
    <Bird type="BirdRed"/>
    <Bird type="BirdRed"/>
  </Birds>
  <Slingshot x="-12.0" y="-2.5" />
  <GameObjects>
    <Pig type="BasicBig" material="" x="3.0288" y="1.5891" rotation="359.6578" />
    <Platform type="Platform" material="" x="2.9268" y="0.8478" rotation="0.0" scaleX="2.089" scaleY="0.763" />
    <Platform type="Platform" material="" x="3.8488" y="0.9788" rotation="0.0" scaleX="1.0" scaleY="1.179" />
    <Platform type="Platform" material="" x="2.1288" y="0.9788" rotation="0.0" scaleX="1.0" scaleY="1.179" />
    <Block type="RectTiny" material="stone" x="-6.2959" y="-3.39" rotation="0" />
    <Block type="SquareSmall" material="stone" x="3.8305" y="-3.285" rotation="0" />
    <Block type="RectMedium" material="wood" x="7.0857" y="-3.39" rotation="0" />
  </GameObjects>
</Level>
