<?xml version="1.0" encoding="utf-16"?>
<Level width="2">
  <Camera x="0" y="-1" minWidth="25" maxWidth="35" />
  <Score highScore="0" />
  <Birds>
    <Bird type="BirdRed"/>
    <Bird type="BirdRed"/>
    <Bird type="BirdRed"/>
  </Birds>
  <Slingshot x="-12.0" y="-2.5" />
  <GameObjects>
    <Pig type="BasicBig" material="" x="-4.8951" y="-0.2045" rotation="359.6578" />
    <Platform type="Platform" material="" x="-4.9971" y="-0.9458" rotation="0.0" scaleX="2.089" scaleY="0.763" />
    <Platform type="Platform" material="" x="-4.0751" y="-0.8148" rotation="0.0" scaleX="1.0" scaleY="1.179" />
    <Platform type="Platform" material="" x="-5.7951" y="-0.8148" rotation="0.0" scaleX="1.0" scaleY="1.179" />
    <Block type="RectFat" material="stone" x="6.1464" y="-3.285" rotation="0" />
    <Block type="TriangleHole" material="stone" x="-2.3919" y="-3.09" rotation="0" />
    <Block type="RectBig" material="stone" x="0.4672" y="-3.39" rotation="0" />
  </GameObjects>
</Level>
