<?xml version="1.0" encoding="utf-16"?>
<Level width="2">
  <Camera x="0" y="-1" minWidth="25" maxWidth="35" />
  <Score highScore="0" />
  <Birds>
    <Bird type="BirdRed"/>
    <Bird type="BirdRed"/>
    <Bird type="BirdRed"/>
  </Birds>
  <Slingshot x="-12.0" y="-2.5" />
  <GameObjects>
    <Pig type="BasicBig" material="" x="-3.8835" y="-0.0384" rotation="359.6578" />
    <Platform type="Platform" material="" x="-3.9855" y="-0.7796" rotation="0.0" scaleX="2.089" scaleY="0.763" />
    <Platform type="Platform" material="" x="-3.0635" y="-0.6486" rotation="0.0" scaleX="1.0" scaleY="1.179" />
    <Platform type="Platform" material="" x="-4.7835" y="-0.6486" rotation="0.0" scaleX="1.0" scaleY="1.179" />
    <Block type="RectBig" material="stone" x="6.5892" y="-3.39" rotation="0" />
    <Block type="TriangleHole" material="stone" x="-0.3306" y="-3.09" rotation="0" />
    <Block type="SquareHole" material="ice" x="-8.2778" y="-3.08" rotation="0" />
  </GameObjects>
</Level>
