<?xml version="1.0" encoding="utf-16"?>
<Level width="2">
  <Camera x="0" y="-1" minWidth="25" maxWidth="35" />
  <Score highScore="0" />
  <Birds>
    <Bird type="BirdRed"/>
    <Bird type="BirdRed"/>
    <Bird type="BirdRed"/>
  </Birds>
  <Slingshot x="-12.0" y="-2.5" />
  <GameObjects>
    <Pig type="BasicBig" material="" x="2.9344" y="0.576" rotation="359.6578" />
    <Platform type="Platform" material="" x="2.8324" y="-0.1652" rotation="0.0" scaleX="2.089" scaleY="0.763" />
    <Platform type="Platform" material="" x="3.7544" y="-0.0342" rotation="0.0" scaleX="1.0" scaleY="1.179" />
    <Platform type="Platform" material="" x="2.0344" y="-0.0342" rotation="0.0" scaleX="1.0" scaleY="1.179" />
    <Block type="RectMedium" material="ice" x="-0.0362" y="-3.39" rotation="0" />
    <Block type="RectTiny" material="stone" x="2.0472" y="-3.39" rotation="0" />
    <Block type="CircleSmall" material="wood" x="7.8489" y="-3.275" rotation="0" />
  </GameObjects>
</Level>
