<?xml version="1.0" encoding="utf-16"?>
<Level width="2">
  <Camera x="0" y="-1" minWidth="25" maxWidth="35" />
  <Score highScore="0" />
  <Birds>
    <Bird type="BirdRed"/>
    <Bird type="BirdRed"/>
    <Bird type="BirdRed"/>
  </Birds>
  <Slingshot x="-12.0" y="-2.5" />
  <GameObjects>
    <Pig type="BasicBig" material="" x="0.1238" y="1.3345" rotation="359.6578" />
    <Platform type="Platform" material="" x="0.0218" y="0.5933" rotation="0.0" scaleX="2.089" scaleY="0.763" />
    <Platform type="Platform" material="" x="0.9438" y="0.7243" rotation="0.0" scaleX="1.0" scaleY="1.179" />
    <Platform type="Platform" material="" x="-0.7762" y="0.7243" rotation="0.0" scaleX="1.0" scaleY="1.179" />
    <Block type="RectMedium" material="stone" x="3.2674" y="-3.39" rotation="0" />
    <Platform type="Platform" material="" x="8.8232" y="-3.18" rotation="0" scaleX="1.0" scaleY="1.0" />
    <Block type="SquareSmall" material="ice" x="-4.0086" y="-3.285" rotation="0" />
  </GameObjects>
</Level>
