<?xml version="1.0" encoding="utf-16"?>
<Level width="2">
  <Camera x="0" y="-1" minWidth="25" maxWidth="35" />
  <Score highScore="0" />
  <Birds>
    <Bird type="BirdRed"/>
    <Bird type="BirdRed"/>
    <Bird type="BirdRed"/>
  </Birds>
  <Slingshot x="-12.0" y="-2.5" />
  <GameObjects>
    <Pig type="BasicBig" material="" x="3.6548" y="1.4724" rotation="359.6578" />
    <Platform type="Platform" material="" x="3.5528" y="0.7311" rotation="0.0" scaleX="2.089" scaleY="0.763" />
    <Platform type="Platform" material="" x="4.4748" y="0.8621" rotation="0.0" scaleX="1.0" scaleY="1.179" />
    <Platform type="Platform" material="" x="2.7548" y="0.8621" rotation="0.0" scaleX="1.0" scaleY="1.179" />
    <Block type="SquareTiny" material="wood" x="-5.2166" y="-3.39" rotation="0" />
    <Block type="TriangleHole" material="stone" x="-6.8245" y="-3.09" rotation="0" />
    <Block type="TriangleHole" material="stone" x="3.3065" y="-3.09" rotation="0" />
  </GameObjects>
</Level>
