<?xml version="1.0" encoding="utf-16"?>
<Level width="2">
  <Camera x="0" y="-1" minWidth="25" maxWidth="35" />
  <Score highScore="0" />
  <Birds>
    <Bird type="BirdRed"/>
    <Bird type="BirdRed"/>
    <Bird type="BirdRed"/>
  </Birds>
  <Slingshot x="-12.0" y="-2.5" />
  <GameObjects>
    <Pig type="BasicBig" material="" x="-0.1078" y="1.7931" rotation="359.6578" />
    <Platform type="Platform" material="" x="-0.2098" y="1.0519" rotation="0.0" scaleX="2.089" scaleY="0.763" />
    <Platform type="Platform" material="" x="0.7122" y="1.1829" rotation="0.0" scaleX="1.0" scaleY="1.179" />
    <Platform type="Platform" material="" x="-1.0078" y="1.1829" rotation="0.0" scaleX="1.0" scaleY="1.179" />
    <Block type="RectBig" material="wood" x="-3.306" y="-3.39" rotation="0" />
    <Block type="RectBig" material="ice" x="7.4167" y="-3.39" rotation="0" />
    <Platform type="Platform" material="" x="-5.6557" y="-3.18" rotation="0" scaleX="1.0" scaleY="1.0" />
  </GameObjects>
</Level>
