<?xml version="1.0" encoding="utf-16"?>
<Level width="2">
  <Camera x="0" y="-1" minWidth="25" maxWidth="35" />
  <Score highScore="0" />
  <Birds>
    <Bird type="BirdRed"/>
    <Bird type="BirdRed"/>
    <Bird type="BirdRed"/>
  </Birds>
  <Slingshot x="-12.0" y="-2.5" />
  <GameObjects>
    <Pig type="BasicBig" material="" x="-6.1455" y="-0.8923" rotation="359.6578" />
    <Platform type="Platform" material="" x="-6.2475" y="-1.6336" rotation="0.0" scaleX="2.089" scaleY="0.763" />
    <Platform type="Platform" material="" x="-5.3255" y="-1.5026" rotation="0.0" scaleX="1.0" scaleY="1.179" />
    <Platform type="Platform" material="" x="-7.0455" y="-1.5026" rotation="0.0" scaleX="1.0" scaleY="1.179" />
    <Block type="SquareHole" material="ice" x="1.6272" y="-3.08" rotation="0" />
    <Block type="RectTiny" material="ice" x="4.5087" y="-3.39" rotation="0" />
    <Block type="SquareHole" material="wood" x="-6.1621" y="-3.08" rotation="0" />
  </GameObjects>
</Level>
