<?xml version="1.0" encoding="utf-16"?>
<Level width="2">
  <Camera x="0" y="-1" minWidth="25" maxWidth="35" />
  <Score highScore="0" />
  <Birds>
    <Bird type="BirdRed"/>
    <Bird type="BirdRed"/>
    <Bird type="BirdRed"/>
  </Birds>
  <Slingshot x="-12.0" y="-2.5" />
  <GameObjects>
    <Pig type="BasicBig" material="" x="0.5193" y="0.5031" rotation="359.6578" />
    <Platform type="Platform" material="" x="0.4173" y="-0.2381" rotation="0.0" scaleX="2.089" scaleY="0.763" />
    <Platform type="Platform" material="" x="1.3393" y="-0.1071" rotation="0.0" scaleX="1.0" scaleY="1.179" />
    <Platform type="Platform" material="" x="-0.3807" y="-0.1071" rotation="0.0" scaleX="1.0" scaleY="1.179" />
    <Block type="SquareTiny" material="stone" x="-3.6178" y="-3.39" rotation="0" />
    <Block type="RectMedium" material="stone" x="7.7898" y="-3.39" rotation="0" />
    <Block type="SquareHole" material="wood" x="-6.0693" y="-3.08" rotation="0" />
  </GameObjects>
</Level>
