<?xml version="1.0" encoding="utf-16"?>
<Level width="2">
  <Camera x="0" y="-1" minWidth="25" maxWidth="35" />
  <Score highScore="0" />
  <Birds>
    <Bird type="BirdRed"/>
    <Bird type="BirdRed"/>
    <Bird type="BirdRed"/>
  </Birds>
  <Slingshot x="-12.0" y="-2.5" />
  <GameObjects>
    <Pig type="BasicBig" material="" x="2.0255" y="-0.6467" rotation="359.6578" />
    <Platform type="Platform" material="" x="1.9235" y="-1.388" rotation="0.0" scaleX="2.089" scaleY="0.763" />
    <Platform type="Platform" material="" x="2.8455" y="-1.257" rotation="0.0" scaleX="1.0" scaleY="1.179" />
    <Platform type="Platform" material="" x="1.1255" y="-1.257" rotation="0.0" scaleX="1.0" scaleY="1.179" />
    <Block type="RectTiny" material="ice" x="2.2296" y="-3.39" rotation="0" />
    <Block type="RectFat" material="wood" x="7.7694" y="-3.285" rotation="0" />
    <Block type="RectFat" material="wood" x="4.2563" y="-3.285" rotation="0" />
  </GameObjects>
</Level>
