<?xml version="1.0" encoding="utf-16"?>
<Level width="2">
  <Camera x="0" y="-1" minWidth="25" maxWidth="35" />
  <Score highScore="0" />
  <Birds>
    <Bird type="BirdRed"/>
    <Bird type="BirdRed"/>
    <Bird type="BirdRed"/>
  </Birds>
  <Slingshot x="-12.0" y="-2.5" />
  <GameObjects>
    <Pig type="BasicBig" material="" x="-7.7522" y="-1.3028" rotation="359.6578" />
    <Platform type="Platform" material="" x="-7.8542" y="-2.0441" rotation="0.0" scaleX="2.089" scaleY="0.763" />
    <Platform type="Platform" material="" x="-6.9322" y="-1.913" rotation="0.0" scaleX="1.0" scaleY="1.179" />
    <Platform type="Platform" material="" x="-8.6522" y="-1.913" rotation="0.0" scaleX="1.0" scaleY="1.179" />
    <Block type="SquareSmall" material="stone" x="-1.5258" y="-3.285" rotation="0" />
    <Block type="RectBig" material="ice" x="6.9625" y="-3.39" rotation="0" />
    <Block type="CircleSmall" material="wood" x="-7.7975" y="-3.275" rotation="0" />
  </GameObjects>
</Level>
