<?xml version="1.0" encoding="utf-16"?>
<Level width="2">
  <Camera x="0" y="-1" minWidth="25" maxWidth="35" />
  <Score highScore="0" />
  <Birds>
    <Bird type="BirdRed"/>
    <Bird type="BirdRed"/>
    <Bird type="BirdRed"/>
  </Birds>
  <Slingshot x="-12.0" y="-2.5" />
  <GameObjects>
    <Pig type="BasicBig" material="" x="-6.0597" y="-1.0678" rotation="359.6578" />
    <Platform type="Platform" material="" x="-6.1617" y="-1.8091" rotation="0.0" scaleX="2.089" scaleY="0.763" />
    <Platform type="Platform" material="" x="-5.2397" y="-1.6781" rotation="0.0" scaleX="1.0" scaleY="1.179" />
    <Platform type="Platform" material="" x="-6.9597" y="-1.6781" rotation="0.0" scaleX="1.0" scaleY="1.179" />
    <Block type="SquareHole" material="ice" x="-4.0944" y="-3.08" rotation="0" />
    <Block type="Circle" material="ice" x="1.0065" y="-3.1" rotation="0" />
    <Block type="CircleSmall" material="ice" x="-9.7738" y="-3.275" rotation="0" />
  </GameObjects>
</Level>
