<?xml version="1.0" encoding="utf-16"?>
<Level width="2">
  <Camera x="0" y="-1" minWidth="25" maxWidth="35" />
  <Score highScore="0" />
  <Birds>
    <Bird type="BirdRed"/>
    <Bird type="BirdRed"/>
    <Bird type="BirdRed"/>
  </Birds>
  <Slingshot x="-12.0" y="-2.5" />
  <GameObjects>
    <Pig type="BasicBig" material="" x="1.6804" y="1.3314" rotation="359.6578" />
    <Platform type="Platform" material="" x="1.5784" y="0.5901" rotation="0.0" scaleX="2.089" scaleY="0.763" />
    <Platform type="Platform" material="" x="2.5004" y="0.7211" rotation="0.0" scaleX="1.0" scaleY="1.179" />
    <Platform type="Platform" material="" x="0.7804" y="0.7211" rotation="0.0" scaleX="1.0" scaleY="1.179" />
    <Block type="Circle" material="ice" x="-9.2292" y="-3.1" rotation="0" />
    <Block type="Triangle" material="stone" x="1.1254" y="-3.09" rotation="0" />
    <Block type="RectBig" material="ice" x="-7.2402" y="-3.39" rotation="0" />
  </GameObjects>
</Level>
