<?xml version="1.0" encoding="utf-16"?>
<Level width="2">
  <Camera x="0" y="-1" minWidth="25" maxWidth="35" />
  <Score highScore="0" />
  <Birds>
    <Bird type="BirdRed"/>
    <Bird type="BirdRed"/>
    <Bird type="BirdRed"/>
  </Birds>
  <Slingshot x="-12.0" y="-2.5" />
  <GameObjects>
    <Pig type="BasicBig" material="" x="0.6339" y="1.8836" rotation="359.6578" />
    <Platform type="Platform" material="" x="0.5319" y="1.1423" rotation="0.0" scaleX="2.089" scaleY="0.763" />
    <Platform type="Platform" material="" x="1.4539" y="1.2733" rotation="0.0" scaleX="1.0" scaleY="1.179" />
    <Platform type="Platform" material="" x="-0.2661" y="1.2733" rotation="0.0" scaleX="1.0" scaleY="1.179" />
    <Block type="SquareHole" material="wood" x="4.2158" y="-3.08" rotation="0" />
    <Block type="Triangle" material="wood" x="-8.1855" y="-3.09" rotation="0" />
    <Block type="RectTiny" material="wood" x="-2.0516" y="-3.39" rotation="0" />
  </GameObjects>
</Level>
