<?xml version="1.0" encoding="utf-16"?>
<Level width="2">
  <Camera x="0" y="-1" minWidth="25" maxWidth="35" />
  <Score highScore="0" />
  <Birds>
    <Bird type="BirdRed"/>
    <Bird type="BirdRed"/>
    <Bird type="BirdRed"/>
  </Birds>
  <Slingshot x="-12.0" y="-2.5" />
  <GameObjects>
    <Pig type="BasicBig" material="" x="2.9905" y="-0.2936" rotation="359.6578" />
    <Platform type="Platform" material="" x="2.8885" y="-1.0349" rotation="0.0" scaleX="2.089" scaleY="0.763" />
    <Platform type="Platform" material="" x="3.8105" y="-0.9039" rotation="0.0" scaleX="1.0" scaleY="1.179" />
    <Platform type="Platform" material="" x="2.0905" y="-0.9039" rotation="0.0" scaleX="1.0" scaleY="1.179" />
    <Block type="RectBig" material="ice" x="-5.489" y="-3.39" rotation="0" />
    <Block type="Triangle" material="stone" x="-2.4413" y="-3.09" rotation="0" />
    <Platform type="Platform" material="" x="-0.1726" y="-3.18" rotation="0" scaleX="1.0" scaleY="1.0" />
  </GameObjects>
</Level>
