<?xml version="1.0" encoding="utf-16"?>
<Level width="2">
  <Camera x="0" y="-1" minWidth="25" maxWidth="35" />
  <Score highScore="0" />
  <Birds>
    <Bird type="BirdRed"/>
    <Bird type="BirdRed"/>
    <Bird type="BirdRed"/>
  </Birds>
  <Slingshot x="-12.0" y="-2.5" />
  <GameObjects>
    <Pig type="BasicBig" material="" x="-0.1407" y="-0.5885" rotation="359.6578" />
    <Platform type="Platform" material="" x="-0.2427" y="-1.3298" rotation="0.0" scaleX="2.089" scaleY="0.763" />
    <Platform type="Platform" material="" x="0.6793" y="-1.1988" rotation="0.0" scaleX="1.0" scaleY="1.179" />
    <Platform type="Platform" material="" x="-1.0407" y="-1.1988" rotation="0.0" scaleX="1.0" scaleY="1.179" />
    <Block type="CircleSmall" material="wood" x="3.9934" y="-3.275" rotation="0" />
    <Block type="SquareSmall" material="stone" x="-8.0312" y="-3.285" rotation="0" />
    <Block type="SquareHole" material="wood" x="0.5294" y="-3.08" rotation="0" />
  </GameObjects>
</Level>
