<?xml version="1.0" encoding="utf-16"?>
<Level width="2">
  <Camera x="0" y="-1" minWidth="25" maxWidth="35" />
  <Score highScore="0" />
  <Birds>
    <Bird type="BirdRed"/>
    <Bird type="BirdRed"/>
    <Bird type="BirdRed"/>
  </Birds>
  <Slingshot x="-12.0" y="-2.5" />
  <GameObjects>
    <Pig type="BasicBig" material="" x="1.1556" y="1.7186" rotation="359.6578" />
    <Platform type="Platform" material="" x="1.0536" y="0.9773" rotation="0.0" scaleX="2.089" scaleY="0.763" />
    <Platform type="Platform" material="" x="1.9756" y="1.1083" rotation="0.0" scaleX="1.0" scaleY="1.179" />
    <Platform type="Platform" material="" x="0.2556" y="1.1083" rotation="0.0" scaleX="1.0" scaleY="1.179" />
    <Block type="SquareHole" material="ice" x="7.5896" y="-3.08" rotation="0" />
    <Platform type="Platform" material="" x="3.194" y="-3.18" rotation="0" scaleX="1.0" scaleY="1.0" />
    <Block type="RectTiny" material="stone" x="1.373" y="-3.39" rotation="0" />
  </GameObjects>
</Level>
