<?xml version="1.0" encoding="utf-16"?>
<Level width="2">
  <Camera x="0" y="-1" minWidth="25" maxWidth="35" />
  <Score highScore="0" />
  <Birds>
    <Bird type="BirdRed"/>
    <Bird type="BirdRed"/>
    <Bird type="BirdRed"/>
  </Birds>
  <Slingshot x="-12.0" y="-2.5" />
  <GameObjects>
    <Pig type="BasicBig" material="" x="-1.3837" y="-0.1776" rotation="359.6578" />
    <Platform type="Platform" material="" x="-1.4857" y="-0.9189" rotation="0.0" scaleX="2.089" scaleY="0.763" />
    <Platform type="Platform" material="" x="-0.5637" y="-0.7878" rotation="0.0" scaleX="1.0" scaleY="1.179" />
    <Platform type="Platform" material="" x="-2.2837" y="-0.7878" rotation="0.0" scaleX="1.0" scaleY="1.179" />
    <Block type="Triangle" material="ice" x="9.0476" y="-3.09" rotation="0" />
    <Platform type="Platform" material="" x="-6.6613" y="-3.18" rotation="0" scaleX="1.0" scaleY="1.0" />
    <Block type="CircleSmall" material="wood" x="-8.5701" y="-3.275" rotation="0" />
  </GameObjects>
</Level>
