<?xml version="1.0" encoding="utf-16"?>
<Level width="2">
  <Camera x="0" y="-1" minWidth="25" maxWidth="35" />
  <Score highScore="0" />
  <Birds>
    <Bird type="BirdRed"/>
    <Bird type="BirdRed"/>
    <Bird type="BirdRed"/>
  </Birds>
  <Slingshot x="-12.0" y="-2.5" />
  <GameObjects>
    <Pig type="BasicBig" material="" x="-7.3408" y="0.158" rotation="359.6578" />
    <Platform type="Platform" material="" x="-7.4428" y="-0.5833" rotation="0.0" scaleX="2.089" scaleY="0.763" />
    <Platform type="Platform" material="" x="-6.5208" y="-0.4523" rotation="0.0" scaleX="1.0" scaleY="1.179" />
    <Platform type="Platform" material="" x="-8.2408" y="-0.4523" rotation="0.0" scaleX="1.0" scaleY="1.179" />
    <Block type="RectMedium" material="ice" x="-8.491" y="-3.39" rotation="0" />
    <Block type="SquareHole" material="ice" x="-3.0826" y="-3.08" rotation="0" />
    <Block type="Triangle" material="wood" x="0.7332" y="-3.09" rotation="0" />
  </GameObjects>
</Level>
