<?xml version="1.0" encoding="utf-16"?>
<Level width="2">
  <Camera x="0" y="-1" minWidth="25" maxWidth="35" />
  <Score highScore="0" />
  <Birds>
    <Bird type="BirdRed"/>
  </Birds>
  <Slingshot x="-12.0" y="-2.5" />
  <GameObjects>
    <Pig type="BasicSmall" material="" x="5.28" y="-0.0132" rotation="1.0769" />
    <Platform type="Platform" material="" x="5.2722" y="-0.4944" rotation="0.0" scaleX="2.089" scaleY="0.763" />
    <Platform type="Platform" material="" x="3.6342" y="0.1296" rotation="90.0" scaleX="2.3272" scaleY="0.763" />
    <Block type="RectBig" material="stone" x="-1.97" y="-3.39" rotation="0" />
    <Block type="Triangle" material="stone" x="-8.7632" y="-3.09" rotation="0" />
    <Block type="RectSmall" material="stone" x="-4.5881" y="-3.39" rotation="0" />
  </GameObjects>
</Level>
