<?xml version="1.0" encoding="utf-16"?>
<Level width="2">
  <Camera x="0" y="-1" minWidth="25" maxWidth="35" />
  <Score highScore="0" />
  <Birds>
    <Bird type="BirdRed"/>
  </Birds>
  <Slingshot x="-12.0" y="-2.5" />
  <GameObjects>
    <Pig type="BasicSmall" material="" x="-1.3583" y="3.7969" rotation="1.0769" />
    <Platform type="Platform" material="" x="-1.366" y="3.3156" rotation="0.0" scaleX="2.089" scaleY="0.763" />
    <Platform type="Platform" material="" x="-3.004" y="3.9396" rotation="90.0" scaleX="2.3272" scaleY="0.763" />
    <Block type="SquareHole" material="stone" x="-6.8654" y="-3.08" rotation="0" />
    <Block type="RectBig" material="wood" x="7.2897" y="-3.39" rotation="0" />
    <Block type="Triangle" material="wood" x="3.9956" y="-3.09" rotation="0" />
  </GameObjects>
</Level>
