<?xml version="1.0" encoding="utf-16"?>
<Level width="2">
  <Camera x="0" y="-1" minWidth="25" maxWidth="35" />
  <Score highScore="0" />
  <Birds>
    <Bird type="BirdRed"/>
  </Birds>
  <Slingshot x="-12.0" y="-2.5" />
  <GameObjects>
    <Pig type="BasicSmall" material="" x="-0.6808" y="0.8644" rotation="1.0769" />
    <Platform type="Platform" material="" x="-0.6886" y="0.3832" rotation="0.0" scaleX="2.089" scaleY="0.763" />
    <Platform type="Platform" material="" x="-2.3266" y="1.0072" rotation="90.0" scaleX="2.3272" scaleY="0.763" />
    <Block type="RectSmall" material="wood" x="-7.0163" y="-3.39" rotation="0" />
    <Block type="RectMedium" material="ice" x="-9.8991" y="-3.39" rotation="0" />
    <Block type="SquareHole" material="wood" x="2.9026" y="-3.08" rotation="0" />
  </GameObjects>
</Level>
