<?xml version="1.0" encoding="utf-16"?>
<Level width="2">
  <Camera x="0" y="-1" minWidth="25" maxWidth="35" />
  <Score highScore="0" />
  <Birds>
    <Bird type="BirdRed"/>
  </Birds>
  <Slingshot x="-12.0" y="-2.5" />
  <GameObjects>
    <Pig type="BasicSmall" material="" x="0.6118" y="-2.6278" rotation="1.0769" />
    <Platform type="Platform" material="" x="0.604" y="-3.109" rotation="0.0" scaleX="2.089" scaleY="0.763" />
    <Platform type="Platform" material="" x="-1.034" y="-2.485" rotation="90.0" scaleX="2.3272" scaleY="0.763" />
    <Block type="Triangle" material="stone" x="6.8632" y="-3.09" rotation="0" />
    <Block type="SquareHole" material="stone" x="3.7453" y="-3.08" rotation="0" />
    <Block type="SquareHole" material="wood" x="-7.3698" y="-3.08" rotation="0" />
  </GameObjects>
</Level>
