<?xml version="1.0" encoding="utf-16"?>
<Level width="2">
  <Camera x="0" y="-1" minWidth="25" maxWidth="35" />
  <Score highScore="0" />
  <Birds>
    <Bird type="BirdRed"/>
  </Birds>
  <Slingshot x="-12.0" y="-2.5" />
  <GameObjects>
    <Pig type="BasicSmall" material="" x="-0.2742" y="2.6945" rotation="1.0769" />
    <Platform type="Platform" material="" x="-0.282" y="2.2133" rotation="0.0" scaleX="2.089" scaleY="0.763" />
    <Platform type="Platform" material="" x="-1.92" y="2.8373" rotation="90.0" scaleX="2.3272" scaleY="0.763" />
    <Block type="SquareHole" material="ice" x="-7.0822" y="-3.08" rotation="0" />
    <Block type="RectSmall" material="wood" x="6.3745" y="-3.39" rotation="0" />
    <Block type="RectFat" material="stone" x="4.3132" y="-3.285" rotation="0" />
  </GameObjects>
</Level>
