<?xml version="1.0" encoding="utf-16"?>
<Level width="2">
  <Camera x="0" y="-1" minWidth="25" maxWidth="35" />
  <Score highScore="0" />
  <Birds>
    <Bird type="BirdRed"/>
  </Birds>
  <Slingshot x="-12.0" y="-2.5" />
  <GameObjects>
    <Pig type="BasicSmall" material="" x="0.0296" y="2.8267" rotation="1.0769" />
    <Platform type="Platform" material="" x="0.0218" y="2.3454" rotation="0.0" scaleX="2.089" scaleY="0.763" />
    <Platform type="Platform" material="" x="-1.6162" y="2.9694" rotation="90.0" scaleX="2.3272" scaleY="0.763" />
    <Block type="RectMedium" material="wood" x="-5.9796" y="-3.39" rotation="0" />
    <Block type="Triangle" material="stone" x="-9.6528" y="-3.09" rotation="0" />
    <Block type="RectFat" material="wood" x="2.077" y="-3.285" rotation="0" />
  </GameObjects>
</Level>
