<?xml version="1.0" encoding="utf-16"?>
<Level width="2">
  <Camera x="0" y="-1" minWidth="25" maxWidth="35" />
  <Score highScore="0" />
  <Birds>
    <Bird type="BirdRed"/>
  </Birds>
  <Slingshot x="-12.0" y="-2.5" />
  <GameObjects>
    <Pig type="BasicSmall" material="" x="-2.3601" y="3.4877" rotation="1.0769" />
    <Platform type="Platform" material="" x="-2.3679" y="3.0064" rotation="0.0" scaleX="2.089" scaleY="0.763" />
    <Platform type="Platform" material="" x="-4.0059" y="3.6304" rotation="90.0" scaleX="2.3272" scaleY="0.763" />
    <Block type="RectBig" material="stone" x="2.4956" y="-3.39" rotation="0" />
    <Block type="RectBig" material="stone" x="5.1885" y="-3.39" rotation="0" />
    <Block type="TriangleHole" material="wood" x="-5.6819" y="-3.09" rotation="0" />
  </GameObjects>
</Level>
