<?xml version="1.0" encoding="utf-16"?>
<Level width="2">
  <Camera x="0" y="-1" minWidth="25" maxWidth="35" />
  <Score highScore="0" />
  <Birds>
    <Bird type="BirdRed"/>
  </Birds>
  <Slingshot x="-12.0" y="-2.5" />
  <GameObjects>
    <Pig type="BasicSmall" material="" x="3.8023" y="1.434" rotation="1.0769" />
    <Platform type="Platform" material="" x="3.7946" y="0.9528" rotation="0.0" scaleX="2.089" scaleY="0.763" />
    <Platform type="Platform" material="" x="2.1566" y="1.5768" rotation="90.0" scaleX="2.3272" scaleY="0.763" />
    <Block type="RectBig" material="wood" x="4.2815" y="-3.39" rotation="0" />
    <Block type="CircleSmall" material="ice" x="-4.5683" y="-3.275" rotation="0" />
    <Block type="SquareTiny" material="ice" x="-9.143" y="-3.39" rotation="0" />
  </GameObjects>
</Level>
