<?xml version="1.0" encoding="utf-16"?>
<Level width="2">
  <Camera x="0" y="-1" minWidth="25" maxWidth="35" />
  <Score highScore="0" />
  <Birds>
    <Bird type="BirdRed"/>
  </Birds>
  <Slingshot x="-12.0" y="-2.5" />
  <GameObjects>
    <Pig type="BasicSmall" material="" x="-2.4338" y="3.432" rotation="1.0769" />
    <Platform type="Platform" material="" x="-2.4416" y="2.9508" rotation="0.0" scaleX="2.089" scaleY="0.763" />
    <Platform type="Platform" material="" x="-4.0796" y="3.5748" rotation="90.0" scaleX="2.3272" scaleY="0.763" />
    <Block type="SquareHole" material="stone" x="-5.5251" y="-3.08" rotation="0" />
    <Block type="CircleSmall" material="ice" x="0.3053" y="-3.275" rotation="0" />
    <Block type="RectTiny" material="stone" x="-3.2282" y="-3.39" rotation="0" />
  </GameObjects>
</Level>
