<?xml version="1.0" encoding="utf-16"?>
<Level width="2">
  <Camera x="0" y="-1" minWidth="25" maxWidth="35" />
  <Score highScore="0" />
  <Birds>
    <Bird type="BirdRed"/>
  </Birds>
  <Slingshot x="-12.0" y="-2.5" />
  <GameObjects>
    <Pig type="BasicSmall" material="" x="-6.9468" y="3.6938" rotation="1.0769" />
    <Platform type="Platform" material="" x="-6.9545" y="3.2126" rotation="0.0" scaleX="2.089" scaleY="0.763" />
    <Platform type="Platform" material="" x="-8.5925" y="3.8366" rotation="90.0" scaleX="2.3272" scaleY="0.763" />
    <Block type="RectSmall" material="ice" x="-8.4904" y="-3.39" rotation="0" />
    <Block type="TriangleHole" material="ice" x="3.9091" y="-3.09" rotation="0" />
    <Platform type="Platform" material="" x="-2.5542" y="-3.18" rotation="0" scaleX="1.0" scaleY="1.0" />
  </GameObjects>
</Level>
