<?xml version="1.0" encoding="utf-16"?>
<Level width="2">
  <Camera x="0" y="-1" minWidth="25" maxWidth="35" />
  <Score highScore="0" />
  <Birds>
    <Bird type="BirdRed"/>
  </Birds>
  <Slingshot x="-12.0" y="-2.5" />
  <GameObjects>
    <Pig type="BasicSmall" material="" x="5.3116" y="-0.1313" rotation="1.0769" />
    <Platform type="Platform" material="" x="5.3039" y="-0.6125" rotation="0.0" scaleX="2.089" scaleY="0.763" />
    <Platform type="Platform" material="" x="3.6659" y="0.0115" rotation="90.0" scaleX="2.3272" scaleY="0.763" />
    <Block type="SquareSmall" material="wood" x="-6.851" y="-3.285" rotation="0" />
    <Block type="Circle" material="stone" x="2.8483" y="-3.1" rotation="0" />
    <Block type="SquareHole" material="stone" x="-2.8936" y="-3.08" rotation="0" />
  </GameObjects>
</Level>
