<?xml version="1.0" encoding="utf-16"?>
<Level width="2">
  <Camera x="0" y="-1" minWidth="25" maxWidth="35" />
  <Score highScore="0" />
  <Birds>
    <Bird type="BirdRed"/>
  </Birds>
  <Slingshot x="-12.0" y="-2.5" />
  <GameObjects>
    <Pig type="BasicSmall" material="" x="3.1134" y="1.4141" rotation="1.0769" />
    <Platform type="Platform" material="" x="3.1057" y="0.9328" rotation="0.0" scaleX="2.089" scaleY="0.763" />
    <Platform type="Platform" material="" x="1.4677" y="1.5568" rotation="90.0" scaleX="2.3272" scaleY="0.763" />
    <Block type="RectMedium" material="ice" x="-3.1465" y="-3.39" rotation="0" />
    <Block type="SquareSmall" material="ice" x="0.5313" y="-3.285" rotation="0" />
    <Block type="TriangleHole" material="ice" x="-8.7695" y="-3.09" rotation="0" />
  </GameObjects>
</Level>
