<?xml version="1.0" encoding="utf-16"?>
<Level width="2">
  <Camera x="0" y="-1" minWidth="25" maxWidth="35" />
  <Score highScore="0" />
  <Birds>
    <Bird type="BirdRed"/>
  </Birds>
  <Slingshot x="-12.0" y="-2.5" />
  <GameObjects>
    <Pig type="BasicSmall" material="" x="3.093" y="-0.3407" rotation="1.0769" />
    <Platform type="Platform" material="" x="3.0853" y="-0.822" rotation="0.0" scaleX="2.089" scaleY="0.763" />
    <Platform type="Platform" material="" x="1.4473" y="-0.198" rotation="90.0" scaleX="2.3272" scaleY="0.763" />
    <Block type="RectBig" material="wood" x="-3.0597" y="-3.39" rotation="0" />
    <Block type="RectBig" material="stone" x="-8.8433" y="-3.39" rotation="0" />
    <Platform type="Platform" material="" x="1.5197" y="-3.18" rotation="0" scaleX="1.0" scaleY="1.0" />
  </GameObjects>
</Level>
