<?xml version="1.0" encoding="utf-16"?>
<Level width="2">
  <Camera x="0" y="-1" minWidth="25" maxWidth="35" />
  <Score highScore="0" />
  <Birds>
    <Bird type="BirdRed"/>
  </Birds>
  <Slingshot x="-12.0" y="-2.5" />
  <GameObjects>
    <Pig type="BasicSmall" material="" x="3.7733" y="-2.8061" rotation="1.0769" />
    <Platform type="Platform" material="" x="3.7655" y="-3.2874" rotation="0.0" scaleX="2.089" scaleY="0.763" />
    <Platform type="Platform" material="" x="2.1275" y="-2.6634" rotation="90.0" scaleX="2.3272" scaleY="0.763" />
    <Block type="RectBig" material="wood" x="8.2344" y="-3.39" rotation="0" />
    <Block type="SquareHole" material="wood" x="-9.3295" y="-3.08" rotation="0" />
    <Block type="RectMedium" material="stone" x="-3.8672" y="-3.39" rotation="0" />
  </GameObjects>
</Level>
