<?xml version="1.0" encoding="utf-16"?>
<Level width="2">
  <Camera x="0" y="-1" minWidth="25" maxWidth="35" />
  <Score highScore="0" />
  <Birds>
    <Bird type="BirdRed"/>
  </Birds>
  <Slingshot x="-12.0" y="-2.5" />
  <GameObjects>
    <Pig type="BasicSmall" material="" x="3.3335" y="-2.1671" rotation="1.0769" />
    <Platform type="Platform" material="" x="3.3257" y="-2.6483" rotation="0.0" scaleX="2.089" scaleY="0.763" />
    <Platform type="Platform" material="" x="1.6877" y="-2.0243" rotation="90.0" scaleX="2.3272" scaleY="0.763" />
    <Block type="SquareHole" material="ice" x="8.1977" y="-3.08" rotation="0" />
    <Block type="SquareHole" material="wood" x="-1.8025" y="-3.08" rotation="0" />
    <Block type="SquareSmall" material="stone" x="-8.337" y="-3.285" rotation="0" />
  </GameObjects>
</Level>
