<?xml version="1.0" encoding="utf-16"?>
<Level width="2">
  <Camera x="0" y="-1" minWidth="25" maxWidth="35" />
  <Score highScore="0" />
  <Birds>
    <Bird type="BirdRed"/>
  </Birds>
  <Slingshot x="-12.0" y="-2.5" />
  <GameObjects>
    <Pig type="BasicSmall" material="" x="0.7298" y="0.4908" rotation="1.0769" />
    <Platform type="Platform" material="" x="0.7221" y="0.0096" rotation="0.0" scaleX="2.089" scaleY="0.763" />
    <Platform type="Platform" material="" x="-0.9159" y="0.6336" rotation="90.0" scaleX="2.3272" scaleY="0.763" />
    <Block type="CircleSmall" material="ice" x="3.8069" y="-3.275" rotation="0" />
    <Block type="RectTiny" material="stone" x="-0.1686" y="-3.39" rotation="0" />
    <Block type="Triangle" material="ice" x="-1.9111" y="-3.09" rotation="0" />
  </GameObjects>
</Level>
