<?xml version="1.0" encoding="utf-16"?>
<Level width="2">
  <Camera x="0" y="-1" minWidth="25" maxWidth="35" />
  <Score highScore="0" />
  <Birds>
    <Bird type="BirdRed"/>
  </Birds>
  <Slingshot x="-12.0" y="-2.5" />
  <GameObjects>
    <Pig type="BasicSmall" material="" x="0.2488" y="3.3206" rotation="1.0769" />
    <Platform type="Platform" material="" x="0.2411" y="2.8393" rotation="0.0" scaleX="2.089" scaleY="0.763" />
    <Platform type="Platform" material="" x="-1.3969" y="3.4633" rotation="90.0" scaleX="2.3272" scaleY="0.763" />
    <Block type="SquareTiny" material="stone" x="-3.6269" y="-3.39" rotation="0" />
    <Block type="Circle" material="ice" x="4.3586" y="-3.1" rotation="0" />
    <Block type="RectSmall" material="stone" x="7.7241" y="-3.39" rotation="0" />
  </GameObjects>
</Level>
