<?xml version="1.0" encoding="utf-16"?>
<Level width="2">
  <Camera x="0" y="-1" minWidth="25" maxWidth="35" />
  <Score highScore="0" />
  <Birds>
    <Bird type="BirdRed"/>
  </Birds>
  <Slingshot x="-12.0" y="-2.5" />
  <GameObjects>
    <Pig type="BasicSmall" material="" x="1.6438" y="0.749" rotation="1.0769" />
    <Platform type="Platform" material="" x="1.636" y="0.2678" rotation="0.0" scaleX="2.089" scaleY="0.763" />
    <Platform type="Platform" material="" x="-0.002" y="0.8918" rotation="90.0" scaleX="2.3272" scaleY="0.763" />
    <Block type="Circle" material="ice" x="5.0136" y="-3.1" rotation="0" />
    <Block type="Triangle" material="stone" x="-9.8769" y="-3.09" rotation="0" />
    <Block type="SquareTiny" material="ice" x="8.0564" y="-3.39" rotation="0" />
  </GameObjects>
</Level>
