<?xml version="1.0" encoding="utf-16"?>
<Level width="2">
  <Camera x="0" y="-1" minWidth="25" maxWidth="35" />
  <Score highScore="0" />
  <Birds>
    <Bird type="BirdRed"/>
  </Birds>
  <Slingshot x="-12.0" y="-2.5" />
  <GameObjects>
    <Pig type="BasicSmall" material="" x="-6.9003" y="-0.9043" rotation="1.0769" />
    <Platform type="Platform" material="" x="-6.9081" y="-1.3855" rotation="0.0" scaleX="2.089" scaleY="0.763" />
    <Platform type="Platform" material="" x="-8.5461" y="-0.7615" rotation="90.0" scaleX="2.3272" scaleY="0.763" />
    <Block type="TriangleHole" material="ice" x="6.6994" y="-3.09" rotation="0" />
    <Block type="SquareHole" material="stone" x="-0.9304" y="-3.08" rotation="0" />
    <Block type="RectSmall" material="ice" x="-3.1515" y="-3.39" rotation="0" />
  </GameObjects>
</Level>
