<?xml version="1.0" encoding="utf-16"?>
<Level width="2">
  <Camera x="0" y="-1" minWidth="25" maxWidth="35" />
  <Score highScore="0" />
  <Birds>
    <Bird type="BirdRed"/>
  </Birds>
  <Slingshot x="-12.0" y="-2.5" />
  <GameObjects>
    <Pig type="BasicSmall" material="" x="3.9121" y="0.5906" rotation="1.0769" />
    <Platform type="Platform" material="" x="3.9044" y="0.1093" rotation="0.0" scaleX="2.089" scaleY="0.763" />
    <Platform type="Platform" material="" x="2.2664" y="0.7333" rotation="90.0" scaleX="2.3272" scaleY="0.763" />
    <Block type="RectTiny" material="wood" x="4.1991" y="-3.39" rotation="0" />
    <Block type="RectSmall" material="wood" x="1.5927" y="-3.39" rotation="0" />
    <Block type="CircleSmall" material="wood" x="-0.9948" y="-3.275" rotation="0" />
  </GameObjects>
</Level>
