<?xml version="1.0" encoding="utf-16"?>
<Level width="2">
  <Camera x="0" y="-1" minWidth="25" maxWidth="35" />
  <Score highScore="0" />
  <Birds>
    <Bird type="BirdRed"/>
  </Birds>
  <Slingshot x="-12.0" y="-2.5" />
  <GameObjects>
    <Pig type="BasicSmall" material="" x="3.246" y="-1.5103" rotation="1.0769" />
    <Platform type="Platform" material="" x="3.2383" y="-1.9915" rotation="0.0" scaleX="2.089" scaleY="0.763" />
    <Platform type="Platform" material="" x="1.6003" y="-1.3675" rotation="90.0" scaleX="2.3272" scaleY="0.763" />
    <Block type="SquareTiny" material="stone" x="-2.116" y="-3.39" rotation="0" />
    <Block type="RectBig" material="ice" x="6.8423" y="-3.39" rotation="0" />
    <Block type="SquareHole" material="stone" x="-0.2557" y="-3.08" rotation="0" />
  </GameObjects>
</Level>
