<?xml version="1.0" encoding="utf-16"?>
<Level width="2">
  <Camera x="0" y="-1" minWidth="25" maxWidth="35" />
  <Score highScore="0" />
  <Birds>
    <Bird type="BirdRed"/>
  </Birds>
  <Slingshot x="-12.0" y="-2.5" />
  <GameObjects>
    <Pig type="BasicSmall" material="" x="2.8875" y="1.4572" rotation="1.0769" />
    <Platform type="Platform" material="" x="2.8797" y="0.9759" rotation="0.0" scaleX="2.089" scaleY="0.763" />
    <Platform type="Platform" material="" x="1.2417" y="1.5999" rotation="90.0" scaleX="2.3272" scaleY="0.763" />
    <Block type="RectBig" material="wood" x="5.5653" y="-3.39" rotation="0" />
    <Block type="SquareHole" material="stone" x="9.3734" y="-3.08" rotation="0" />
    <Block type="Circle" material="stone" x="-7.6247" y="-3.1" rotation="0" />
  </GameObjects>
</Level>
