<?xml version="1.0" encoding="utf-16"?>
<Level width="2">
  <Camera x="0" y="-1" minWidth="25" maxWidth="35" />
  <Score highScore="0" />
  <Birds>
    <Bird type="BirdRed"/>
  </Birds>
  <Slingshot x="-12.0" y="-2.5" />
  <GameObjects>
    <Pig type="BasicSmall" material="" x="0.8678" y="-2.6403" rotation="1.0769" />
    <Platform type="Platform" material="" x="0.86" y="-3.1215" rotation="0.0" scaleX="2.089" scaleY="0.763" />
    <Platform type="Platform" material="" x="-0.778" y="-2.4975" rotation="90.0" scaleX="2.3272" scaleY="0.763" />
    <Block type="RectSmall" material="wood" x="-2.3371" y="-3.39" rotation="0" />
    <Block type="Circle" material="stone" x="6.2604" y="-3.1" rotation="0" />
    <Block type="SquareSmall" material="wood" x="4.7334" y="-3.285" rotation="0" />
  </GameObjects>
</Level>
