<?xml version="1.0" encoding="utf-16"?>
<Level width="2">
  <Camera x="0" y="-1" minWidth="25" maxWidth="35" />
  <Score highScore="0" />
  <Birds>
    <Bird type="BirdRed"/>
  </Birds>
  <Slingshot x="-12.0" y="-2.5" />
  <GameObjects>
    <Pig type="BasicSmall" material="" x="-1.9253" y="1.8505" rotation="1.0769" />
    <Platform type="Platform" material="" x="-1.9331" y="1.3693" rotation="0.0" scaleX="2.089" scaleY="0.763" />
    <Platform type="Platform" material="" x="-3.5711" y="1.9933" rotation="90.0" scaleX="2.3272" scaleY="0.763" />
    <Block type="CircleSmall" material="ice" x="9.0838" y="-3.275" rotation="0" />
    <Block type="Circle" material="stone" x="-3.2791" y="-3.1" rotation="0" />
    <Block type="SquareHole" material="stone" x="-7.0641" y="-3.08" rotation="0" />
  </GameObjects>
</Level>
