<?xml version="1.0" encoding="utf-16"?>
<Level width="2">
  <Camera x="0" y="-1" minWidth="25" maxWidth="35" />
  <Score highScore="0" />
  <Birds>
    <Bird type="BirdRed"/>
  </Birds>
  <Slingshot x="-12.0" y="-2.5" />
  <GameObjects>
    <Pig type="BasicSmall" material="" x="-3.5442" y="-0.2298" rotation="1.0769" />
    <Platform type="Platform" material="" x="-3.552" y="-0.7111" rotation="0.0" scaleX="2.089" scaleY="0.763" />
    <Platform type="Platform" material="" x="-5.19" y="-0.0871" rotation="90.0" scaleX="2.3272" scaleY="0.763" />
    <Block type="CircleSmall" material="wood" x="-4.0036" y="-3.275" rotation="0" />
    <Block type="RectTiny" material="wood" x="-8.6136" y="-3.39" rotation="0" />
    <Block type="RectSmall" material="ice" x="4.4677" y="-3.39" rotation="0" />
  </GameObjects>
</Level>
