<?xml version="1.0" encoding="utf-16"?>
<Level width="2">
  <Camera x="0" y="-1" minWidth="25" maxWidth="35" />
  <Score highScore="0" />
  <Birds>
    <Bird type="BirdRed"/>
  </Birds>
  <Slingshot x="-12.0" y="-2.5" />
  <GameObjects>
    <Pig type="BasicSmall" material="" x="5.9955" y="-1.875" rotation="1.0769" />
    <Platform type="Platform" material="" x="5.9878" y="-2.3563" rotation="0.0" scaleX="2.089" scaleY="0.763" />
    <Platform type="Platform" material="" x="4.3498" y="-1.7323" rotation="90.0" scaleX="2.3272" scaleY="0.763" />
    <Platform type="Platform" material="" x="-3.6254" y="-3.18" rotation="0" scaleX="1.0" scaleY="1.0" />
    <Block type="Circle" material="ice" x="-7.1351" y="-3.1" rotation="0" />
    <Block type="SquareHole" material="wood" x="7.807" y="-3.08" rotation="0" />
  </GameObjects>
</Level>
