<?xml version="1.0" encoding="utf-16"?>
<Level width="2">
  <Camera x="0" y="-1" minWidth="25" maxWidth="35" />
  <Score highScore="0" />
  <Birds>
    <Bird type="BirdRed"/>
  </Birds>
  <Slingshot x="-12.0" y="-2.5" />
  <GameObjects>
    <Pig type="BasicSmall" material="" x="5.1806" y="-1.7557" rotation="1.0769" />
    <Platform type="Platform" material="" x="5.1729" y="-2.237" rotation="0.0" scaleX="2.089" scaleY="0.763" />
    <Platform type="Platform" material="" x="3.5349" y="-1.613" rotation="90.0" scaleX="2.3272" scaleY="0.763" />
    <Platform type="Platform" material="" x="-2.3308" y="-3.18" rotation="0" scaleX="1.0" scaleY="1.0" />
    <Block type="Triangle" material="wood" x="-6.1562" y="-3.09" rotation="0" />
    <Block type="RectTiny" material="wood" x="4.5052" y="-3.39" rotation="0" />
  </GameObjects>
</Level>
