<?xml version="1.0" encoding="utf-16"?>
<Level width="2">
  <Camera x="0" y="-1" minWidth="25" maxWidth="35" />
  <Score highScore="0" />
  <Birds>
    <Bird type="BirdRed"/>
  </Birds>
  <Slingshot x="-12.0" y="-2.5" />
  <GameObjects>
    <Pig type="BasicSmall" material="" x="0.4365" y="2.0764" rotation="1.0769" />
    <Platform type="Platform" material="" x="0.4288" y="1.5952" rotation="0.0" scaleX="2.089" scaleY="0.763" />
    <Platform type="Platform" material="" x="-1.2092" y="2.2192" rotation="90.0" scaleX="2.3272" scaleY="0.763" />
    <Block type="RectSmall" material="stone" x="7.8171" y="-3.39" rotation="0" />
    <Block type="CircleSmall" material="stone" x="2.2789" y="-3.275" rotation="0" />
    <Block type="RectFat" material="wood" x="-0.2699" y="-3.285" rotation="0" />
  </GameObjects>
</Level>
