<?xml version="1.0" encoding="utf-16"?>
<Level width="2">
  <Camera x="0" y="-1" minWidth="25" maxWidth="35" />
  <Score highScore="0" />
  <Birds>
    <Bird type="BirdRed"/>
  </Birds>
  <Slingshot x="-12.0" y="-2.5" />
  <GameObjects>
    <Pig type="BasicSmall" material="" x="1.7254" y="0.9118" rotation="1.0769" />
    <Platform type="Platform" material="" x="1.7177" y="0.4306" rotation="0.0" scaleX="2.089" scaleY="0.763" />
    <Platform type="Platform" material="" x="0.0797" y="1.0546" rotation="90.0" scaleX="2.3272" scaleY="0.763" />
    <Block type="SquareTiny" material="wood" x="-3.2676" y="-3.39" rotation="0" />
    <Block type="RectSmall" material="wood" x="-5.5909" y="-3.39" rotation="0" />
    <Block type="SquareHole" material="ice" x="2.5895" y="-3.08" rotation="0" />
  </GameObjects>
</Level>
