<?xml version="1.0" encoding="utf-16"?>
<Level width="2">
  <Camera x="0" y="-1" minWidth="25" maxWidth="35" />
  <Score highScore="0" />
  <Birds>
    <Bird type="BirdRed"/>
  </Birds>
  <Slingshot x="-12.0" y="-2.5" />
  <GameObjects>
    <Pig type="BasicSmall" material="" x="-5.751" y="0.8299" rotation="1.0769" />
    <Platform type="Platform" material="" x="-5.7588" y="0.3487" rotation="0.0" scaleX="2.089" scaleY="0.763" />
    <Platform type="Platform" material="" x="-7.3968" y="0.9727" rotation="90.0" scaleX="2.3272" scaleY="0.763" />
    <Block type="CircleSmall" material="stone" x="-7.5293" y="-3.275" rotation="0" />
    <Block type="TriangleHole" material="stone" x="2.7846" y="-3.09" rotation="0" />
    <Block type="Triangle" material="stone" x="7.5101" y="-3.09" rotation="0" />
  </GameObjects>
</Level>
