<?xml version="1.0" encoding="utf-16"?>
<Level width="2">
  <Camera x="0" y="-1" minWidth="25" maxWidth="35" />
  <Score highScore="0" />
  <Birds>
    <Bird type="BirdRed"/>
  </Birds>
  <Slingshot x="-12.0" y="-2.5" />
  <GameObjects>
    <Pig type="BasicSmall" material="" x="3.7413" y="-0.993" rotation="1.0769" />
    <Platform type="Platform" material="" x="3.7336" y="-1.4742" rotation="0.0" scaleX="2.089" scaleY="0.763" />
    <Platform type="Platform" material="" x="2.0956" y="-0.8502" rotation="90.0" scaleX="2.3272" scaleY="0.763" />
    <Block type="TriangleHole" material="wood" x="8.9466" y="-3.09" rotation="0" />
    <Block type="RectSmall" material="stone" x="6.9082" y="-3.39" rotation="0" />
    <Block type="TriangleHole" material="stone" x="4.384" y="-3.09" rotation="0" />
  </GameObjects>
</Level>
