<?xml version="1.0" encoding="utf-16"?>
<Level width="2">
  <Camera x="0" y="-1" minWidth="25" maxWidth="35" />
  <Score highScore="0" />
  <Birds>
    <Bird type="BirdRed"/>
  </Birds>
  <Slingshot x="-12.0" y="-2.5" />
  <GameObjects>
    <Pig type="BasicSmall" material="" x="3.7905" y="0.5834" rotation="1.0769" />
    <Platform type="Platform" material="" x="3.7827" y="0.1022" rotation="0.0" scaleX="2.089" scaleY="0.763" />
    <Platform type="Platform" material="" x="2.1447" y="0.7262" rotation="90.0" scaleX="2.3272" scaleY="0.763" />
    <Block type="SquareHole" material="wood" x="6.216" y="-3.08" rotation="0" />
    <Block type="RectFat" material="stone" x="3.2146" y="-3.285" rotation="0" />
    <Block type="RectSmall" material="wood" x="-5.7709" y="-3.39" rotation="0" />
  </GameObjects>
</Level>
