<?xml version="1.0" encoding="utf-16"?>
<Level width="2">
  <Camera x="0" y="-1" minWidth="25" maxWidth="35" />
  <Score highScore="0" />
  <Birds>
    <Bird type="BirdRed"/>
  </Birds>
  <Slingshot x="-12.0" y="-2.5" />
  <GameObjects>
    <Pig type="BasicSmall" material="" x="-4.7886" y="-0.7765" rotation="1.0769" />
    <Platform type="Platform" material="" x="-4.7963" y="-1.2578" rotation="0.0" scaleX="2.089" scaleY="0.763" />
    <Platform type="Platform" material="" x="-6.4343" y="-0.6338" rotation="90.0" scaleX="2.3272" scaleY="0.763" />
    <Platform type="Platform" material="" x="-3.043" y="-3.18" rotation="0" scaleX="1.0" scaleY="1.0" />
    <Block type="CircleSmall" material="wood" x="-8.2401" y="-3.275" rotation="0" />
    <Block type="RectMedium" material="stone" x="2.4709" y="-3.39" rotation="0" />
  </GameObjects>
</Level>
