<?xml version="1.0" encoding="utf-16"?>
<Level width="2">
  <Camera x="0" y="-1" minWidth="25" maxWidth="35" />
  <Score highScore="0" />
  <Birds>
    <Bird type="BirdRed"/>
  </Birds>
  <Slingshot x="-12.0" y="-2.5" />
  <GameObjects>
    <Pig type="BasicSmall" material="" x="-1.9552" y="2.9442" rotation="1.0769" />
    <Platform type="Platform" material="" x="-1.9629" y="2.4629" rotation="0.0" scaleX="2.089" scaleY="0.763" />
    <Platform type="Platform" material="" x="-3.6009" y="3.0869" rotation="90.0" scaleX="2.3272" scaleY="0.763" />
    <Block type="Triangle" material="wood" x="8.4091" y="-3.09" rotation="0" />
    <Block type="Circle" material="stone" x="0.1729" y="-3.1" rotation="0" />
    <Block type="SquareHole" material="wood" x="4.8337" y="-3.08" rotation="0" />
  </GameObjects>
</Level>
