<?xml version="1.0" encoding="utf-16"?>
<Level width="2">
  <Camera x="0" y="-1" minWidth="25" maxWidth="35" />
  <Score highScore="0" />
  <Birds>
    <Bird type="BirdRed"/>
  </Birds>
  <Slingshot x="-12.0" y="-2.5" />
  <GameObjects>
    <Pig type="BasicSmall" material="" x="5.8411" y="-2.1835" rotation="1.0769" />
    <Platform type="Platform" material="" x="5.8334" y="-2.6648" rotation="0.0" scaleX="2.089" scaleY="0.763" />
    <Platform type="Platform" material="" x="4.1954" y="-2.0408" rotation="90.0" scaleX="2.3272" scaleY="0.763" />
    <Block type="RectBig" material="ice" x="-5.2337" y="-3.39" rotation="0" />
    <Block type="SquareTiny" material="stone" x="1.7132" y="-3.39" rotation="0" />
    <Block type="RectFat" material="wood" x="7.7355" y="-3.285" rotation="0" />
  </GameObjects>
</Level>
