<?xml version="1.0" encoding="utf-16"?>
<Level width="2">
  <Camera x="0" y="-1" minWidth="25" maxWidth="35" />
  <Score highScore="0" />
  <Birds>
    <Bird type="BirdRed"/>
  </Birds>
  <Slingshot x="-12.0" y="-2.5" />
  <GameObjects>
    <Pig type="BasicSmall" material="" x="0.4994" y="1.8509" rotation="1.0769" />
    <Platform type="Platform" material="" x="0.4917" y="1.3697" rotation="0.0" scaleX="2.089" scaleY="0.763" />
    <Platform type="Platform" material="" x="-1.1463" y="1.9937" rotation="90.0" scaleX="2.3272" scaleY="0.763" />
    <Block type="SquareHole" material="wood" x="-9.0019" y="-3.08" rotation="0" />
    <Block type="TriangleHole" material="wood" x="-4.7507" y="-3.09" rotation="0" />
    <Block type="SquareHole" material="stone" x="9.3728" y="-3.08" rotation="0" />
  </GameObjects>
</Level>
