<?xml version="1.0" encoding="utf-16"?>
<Level width="2">
  <Camera x="0" y="-1" minWidth="25" maxWidth="35" />
  <Score highScore="0" />
  <Birds>
    <Bird type="BirdRed"/>
  </Birds>
  <Slingshot x="-12.0" y="-2.5" />
  <GameObjects>
    <Pig type="BasicSmall" material="" x="3.2852" y="1.4919" rotation="1.0769" />
    <Platform type="Platform" material="" x="3.2775" y="1.0106" rotation="0.0" scaleX="2.089" scaleY="0.763" />
    <Platform type="Platform" material="" x="1.6395" y="1.6346" rotation="90.0" scaleX="2.3272" scaleY="0.763" />
    <Block type="Triangle" material="stone" x="-9.1183" y="-3.09" rotation="0" />
    <Block type="Triangle" material="wood" x="-3.2011" y="-3.09" rotation="0" />
    <Block type="TriangleHole" material="stone" x="4.2113" y="-3.09" rotation="0" />
  </GameObjects>
</Level>
