<?xml version="1.0" encoding="utf-16"?>
<Level width="2">
  <Camera x="0" y="-1" minWidth="25" maxWidth="35" />
  <Score highScore="0" />
  <Birds>
    <Bird type="BirdRed"/>
  </Birds>
  <Slingshot x="-12.0" y="-2.5" />
  <GameObjects>
    <Pig type="BasicSmall" material="" x="-0.022" y="0.1238" rotation="1.0769" />
    <Platform type="Platform" material="" x="-0.0297" y="-0.3575" rotation="0.0" scaleX="2.089" scaleY="0.763" />
    <Platform type="Platform" material="" x="-1.6677" y="0.2666" rotation="90.0" scaleX="2.3272" scaleY="0.763" />
    <Block type="SquareSmall" material="stone" x="-2.2603" y="-3.285" rotation="0" />
    <Block type="RectFat" material="ice" x="-6.4812" y="-3.285" rotation="0" />
    <Block type="SquareTiny" material="stone" x="3.6912" y="-3.39" rotation="0" />
  </GameObjects>
</Level>
