<?xml version="1.0" encoding="utf-16"?>
<Level width="2">
  <Camera x="0" y="-1" minWidth="25" maxWidth="35" />
  <Score highScore="0" />
  <Birds>
    <Bird type="BirdRed"/>
  </Birds>
  <Slingshot x="-12.0" y="-2.5" />
  <GameObjects>
    <Pig type="BasicSmall" material="" x="-0.8862" y="-1.554" rotation="1.0769" />
    <Platform type="Platform" material="" x="-0.894" y="-2.0352" rotation="0.0" scaleX="2.089" scaleY="0.763" />
    <Platform type="Platform" material="" x="-2.532" y="-1.4112" rotation="90.0" scaleX="2.3272" scaleY="0.763" />
    <Block type="TriangleHole" material="wood" x="-8.375" y="-3.09" rotation="0" />
    <Block type="RectBig" material="stone" x="8.5552" y="-3.39" rotation="0" />
    <Block type="Triangle" material="ice" x="5.6176" y="-3.09" rotation="0" />
  </GameObjects>
</Level>
