<?xml version="1.0" encoding="utf-16"?>
<Level width="2">
  <Camera x="0" y="-1" minWidth="25" maxWidth="35" />
  <Score highScore="0" />
  <Birds>
    <Bird type="BirdRed"/>
  </Birds>
  <Slingshot x="-12.0" y="-2.5" />
  <GameObjects>
    <Pig type="BasicSmall" material="" x="-3.8684" y="-0.1553" rotation="1.0769" />
    <Platform type="Platform" material="" x="-3.8761" y="-0.6366" rotation="0.0" scaleX="2.089" scaleY="0.763" />
    <Platform type="Platform" material="" x="-5.5141" y="-0.0126" rotation="90.0" scaleX="2.3272" scaleY="0.763" />
    <Block type="Circle" material="ice" x="2.7506" y="-3.1" rotation="0" />
    <Block type="RectTiny" material="ice" x="5.8644" y="-3.39" rotation="0" />
    <Block type="RectTiny" material="stone" x="-4.711" y="-3.39" rotation="0" />
  </GameObjects>
</Level>
