<?xml version="1.0" encoding="utf-16"?>
<Level width="2">
  <Camera x="0" y="-1" minWidth="25" maxWidth="35" />
  <Score highScore="0" />
  <Birds>
    <Bird type="BirdRed"/>
  </Birds>
  <Slingshot x="-12.0" y="-2.5" />
  <GameObjects>
    <Pig type="BasicSmall" material="" x="-4.3736" y="3.0759" rotation="1.0769" />
    <Platform type="Platform" material="" x="-4.3814" y="2.5946" rotation="0.0" scaleX="2.089" scaleY="0.763" />
    <Platform type="Platform" material="" x="-6.0194" y="3.2186" rotation="90.0" scaleX="2.3272" scaleY="0.763" />
    <Block type="RectFat" material="wood" x="-6.8793" y="-3.285" rotation="0" />
    <Block type="RectFat" material="ice" x="-9.5049" y="-3.285" rotation="0" />
    <Block type="SquareSmall" material="wood" x="4.7552" y="-3.285" rotation="0" />
  </GameObjects>
</Level>
