<?xml version="1.0" encoding="utf-16"?>
<Level width="2">
  <Camera x="0" y="-1" minWidth="25" maxWidth="35" />
  <Score highScore="0" />
  <Birds>
    <Bird type="BirdRed"/>
  </Birds>
  <Slingshot x="-12.0" y="-2.5" />
  <GameObjects>
    <Pig type="BasicSmall" material="" x="4.4439" y="-2.2288" rotation="1.0769" />
    <Platform type="Platform" material="" x="4.4361" y="-2.71" rotation="0.0" scaleX="2.089" scaleY="0.763" />
    <Platform type="Platform" material="" x="2.7981" y="-2.086" rotation="90.0" scaleX="2.3272" scaleY="0.763" />
    <Platform type="Platform" material="" x="-2.1342" y="-3.18" rotation="0" scaleX="1.0" scaleY="1.0" />
    <Block type="RectMedium" material="stone" x="-9.3175" y="-3.39" rotation="0" />
    <Block type="RectSmall" material="wood" x="0.5027" y="-3.39" rotation="0" />
  </GameObjects>
</Level>
