<?xml version="1.0" encoding="utf-16"?>
<Level width="2">
  <Camera x="0" y="-1" minWidth="25" maxWidth="35" />
  <Score highScore="0" />
  <Birds>
    <Bird type="BirdRed"/>
  </Birds>
  <Slingshot x="-12.0" y="-2.5" />
  <GameObjects>
    <Pig type="BasicSmall" material="" x="-1.4329" y="0.1041" rotation="1.0769" />
    <Platform type="Platform" material="" x="-1.4407" y="-0.3771" rotation="0.0" scaleX="2.089" scaleY="0.763" />
    <Platform type="Platform" material="" x="-3.0787" y="0.2469" rotation="90.0" scaleX="2.3272" scaleY="0.763" />
    <Block type="SquareHole" material="ice" x="-3.3739" y="-3.08" rotation="0" />
    <Block type="TriangleHole" material="ice" x="4.8501" y="-3.09" rotation="0" />
    <Block type="Circle" material="ice" x="-7.6343" y="-3.1" rotation="0" />
  </GameObjects>
</Level>
