<?xml version="1.0" encoding="utf-16"?>
<Level width="2">
  <Camera x="0" y="-1" minWidth="25" maxWidth="35" />
  <Score highScore="0" />
  <Birds>
    <Bird type="BirdRed"/>
  </Birds>
  <Slingshot x="-12.0" y="-2.5" />
  <GameObjects>
    <Pig type="BasicSmall" material="" x="-5.3361" y="-1.7987" rotation="1.0769" />
    <Platform type="Platform" material="" x="-5.3438" y="-2.2799" rotation="0.0" scaleX="2.089" scaleY="0.763" />
    <Platform type="Platform" material="" x="-6.9818" y="-1.6559" rotation="90.0" scaleX="2.3272" scaleY="0.763" />
    <Block type="TriangleHole" material="wood" x="4.5126" y="-3.09" rotation="0" />
    <Block type="Circle" material="stone" x="0.0378" y="-3.1" rotation="0" />
    <Block type="RectBig" material="stone" x="6.397" y="-3.39" rotation="0" />
  </GameObjects>
</Level>
