<?xml version="1.0" encoding="utf-16"?>
<Level width="2">
  <Camera x="0" y="-1" minWidth="25" maxWidth="35" />
  <Score highScore="0" />
  <Birds>
    <Bird type="BirdRed"/>
  </Birds>
  <Slingshot x="-12.0" y="-2.5" />
  <GameObjects>
    <Pig type="BasicSmall" material="" x="1.6172" y="1.8121" rotation="1.0769" />
    <Platform type="Platform" material="" x="1.6095" y="1.3309" rotation="0.0" scaleX="2.089" scaleY="0.763" />
    <Platform type="Platform" material="" x="-0.0285" y="1.9549" rotation="90.0" scaleX="2.3272" scaleY="0.763" />
    <Platform type="Platform" material="" x="2.8298" y="-3.18" rotation="0" scaleX="1.0" scaleY="1.0" />
    <Block type="SquareTiny" material="stone" x="-7.881" y="-3.39" rotation="0" />
    <Block type="RectTiny" material="stone" x="-0.7496" y="-3.39" rotation="0" />
  </GameObjects>
</Level>
