<?xml version="1.0" encoding="utf-16"?>
<Level width="2">
  <Camera x="0" y="-1" minWidth="25" maxWidth="35" />
  <Score highScore="0" />
  <Birds>
    <Bird type="BirdRed"/>
  </Birds>
  <Slingshot x="-12.0" y="-2.5" />
  <GameObjects>
    <Pig type="BasicSmall" material="" x="-1.2223" y="-1.1639" rotation="1.0769" />
    <Platform type="Platform" material="" x="-1.23" y="-1.6452" rotation="0.0" scaleX="2.089" scaleY="0.763" />
    <Platform type="Platform" material="" x="-2.868" y="-1.0212" rotation="90.0" scaleX="2.3272" scaleY="0.763" />
    <Block type="Circle" material="stone" x="-9.0459" y="-3.1" rotation="0" />
    <Platform type="Platform" material="" x="-2.6691" y="-3.18" rotation="0" scaleX="1.0" scaleY="1.0" />
    <Block type="Circle" material="ice" x="1.3238" y="-3.1" rotation="0" />
  </GameObjects>
</Level>
