<?xml version="1.0" encoding="utf-16"?>
<Level width="2">
  <Camera x="0" y="-1" minWidth="25" maxWidth="35" />
  <Score highScore="0" />
  <Birds>
    <Bird type="BirdRed"/>
  </Birds>
  <Slingshot x="-12.0" y="-2.5" />
  <GameObjects>
    <Pig type="BasicSmall" material="" x="-5.4269" y="0.8994" rotation="1.0769" />
    <Platform type="Platform" material="" x="-5.4346" y="0.4182" rotation="0.0" scaleX="2.089" scaleY="0.763" />
    <Platform type="Platform" material="" x="-7.0726" y="1.0422" rotation="90.0" scaleX="2.3272" scaleY="0.763" />
    <Block type="RectTiny" material="wood" x="-7.7071" y="-3.39" rotation="0" />
    <Block type="RectTiny" material="ice" x="5.3313" y="-3.39" rotation="0" />
    <Block type="TriangleHole" material="wood" x="3.216" y="-3.09" rotation="0" />
  </GameObjects>
</Level>
