<?xml version="1.0" encoding="utf-16"?>
<Level width="2">
  <Camera x="0" y="-1" minWidth="25" maxWidth="35" />
  <Score highScore="0" />
  <Birds>
    <Bird type="BirdRed"/>
  </Birds>
  <Slingshot x="-12.0" y="-2.5" />
  <GameObjects>
    <Pig type="BasicSmall" material="" x="0.8518" y="-2.0182" rotation="1.0769" />
    <Platform type="Platform" material="" x="0.8441" y="-2.4995" rotation="0.0" scaleX="2.089" scaleY="0.763" />
    <Platform type="Platform" material="" x="-0.7939" y="-1.8755" rotation="90.0" scaleX="2.3272" scaleY="0.763" />
    <Block type="RectFat" material="ice" x="-9.6128" y="-3.285" rotation="0" />
    <Block type="SquareHole" material="wood" x="2.6525" y="-3.08" rotation="0" />
    <Block type="Circle" material="ice" x="-2.3499" y="-3.1" rotation="0" />
  </GameObjects>
</Level>
