<?xml version="1.0" encoding="utf-16"?>
<Level width="2">
  <Camera x="0" y="-1" minWidth="25" maxWidth="35" />
  <Score highScore="0" />
  <Birds>
    <Bird type="BirdRed"/>
  </Birds>
  <Slingshot x="-12.0" y="-2.5" />
  <GameObjects>
    <Pig type="BasicSmall" material="" x="5.0705" y="-2.2284" rotation="1.0769" />
    <Platform type="Platform" material="" x="5.0628" y="-2.7097" rotation="0.0" scaleX="2.089" scaleY="0.763" />
    <Platform type="Platform" material="" x="3.4248" y="-2.0857" rotation="90.0" scaleX="2.3272" scaleY="0.763" />
    <Block type="TriangleHole" material="wood" x="-3.4672" y="-3.09" rotation="0" />
    <Block type="SquareTiny" material="ice" x="-5.7156" y="-3.39" rotation="0" />
    <Block type="SquareHole" material="stone" x="-0.6578" y="-3.08" rotation="0" />
  </GameObjects>
</Level>
