<?xml version="1.0" encoding="utf-16"?>
<Level width="2">
  <Camera x="0" y="-1" minWidth="25" maxWidth="35" />
  <Score highScore="0" />
  <Birds>
    <Bird type="BirdRed"/>
  </Birds>
  <Slingshot x="-12.0" y="-2.5" />
  <GameObjects>
    <Pig type="BasicSmall" material="" x="1.4247" y="-0.9921" rotation="1.0769" />
    <Platform type="Platform" material="" x="1.417" y="-1.4734" rotation="0.0" scaleX="2.089" scaleY="0.763" />
    <Platform type="Platform" material="" x="-0.221" y="-0.8494" rotation="90.0" scaleX="2.3272" scaleY="0.763" />
    <Block type="RectBig" material="ice" x="-2.7585" y="-3.39" rotation="0" />
    <Block type="RectMedium" material="wood" x="-6.1373" y="-3.39" rotation="0" />
    <Block type="SquareTiny" material="wood" x="7.4971" y="-3.39" rotation="0" />
  </GameObjects>
</Level>
