<?xml version="1.0" encoding="utf-16"?>
<Level width="2">
  <Camera x="0" y="-1" minWidth="25" maxWidth="35" />
  <Score highScore="0" />
  <Birds>
    <Bird type="BirdRed"/>
  </Birds>
  <Slingshot x="-12.0" y="-2.5" />
  <GameObjects>
    <Pig type="BasicSmall" material="" x="-1.5382" y="0.5766" rotation="1.0769" />
    <Platform type="Platform" material="" x="-1.5459" y="0.0954" rotation="0.0" scaleX="2.089" scaleY="0.763" />
    <Platform type="Platform" material="" x="-3.1839" y="0.7194" rotation="90.0" scaleX="2.3272" scaleY="0.763" />
    <Block type="SquareHole" material="ice" x="-8.5486" y="-3.08" rotation="0" />
    <Block type="RectTiny" material="stone" x="-3.3215" y="-3.39" rotation="0" />
    <Block type="TriangleHole" material="wood" x="-0.1552" y="-3.09" rotation="0" />
  </GameObjects>
</Level>
