<?xml version="1.0" encoding="utf-16"?>
<Level width="2">
  <Camera x="0" y="-1" minWidth="25" maxWidth="35" />
  <Score highScore="0" />
  <Birds>
    <Bird type="BirdRed"/>
  </Birds>
  <Slingshot x="-12.0" y="-2.5" />
  <GameObjects>
    <Pig type="BasicSmall" material="" x="5.8984" y="-2.608" rotation="1.0769" />
    <Platform type="Platform" material="" x="5.8907" y="-3.0893" rotation="0.0" scaleX="2.089" scaleY="0.763" />
    <Platform type="Platform" material="" x="4.2527" y="-2.4653" rotation="90.0" scaleX="2.3272" scaleY="0.763" />
    <Platform type="Platform" material="" x="-1.2971" y="-3.18" rotation="0" scaleX="1.0" scaleY="1.0" />
    <Block type="Circle" material="wood" x="-7.4468" y="-3.1" rotation="0" />
    <Block type="SquareTiny" material="wood" x="9.0599" y="-3.39" rotation="0" />
  </GameObjects>
</Level>
