<?xml version="1.0" encoding="utf-16"?>
<Level width="2">
  <Camera x="0" y="-1" minWidth="25" maxWidth="35" />
  <Score highScore="0" />
  <Birds>
    <Bird type="BirdRed"/>
  </Birds>
  <Slingshot x="-12.0" y="-2.5" />
  <GameObjects>
    <Pig type="BasicSmall" material="" x="-5.973" y="-2.5027" rotation="1.0769" />
    <Platform type="Platform" material="" x="-5.9807" y="-2.984" rotation="0.0" scaleX="2.089" scaleY="0.763" />
    <Block type="SquareSmall" material="ice" x="7.0447" y="-3.285" rotation="0" />
    <Block type="RectFat" material="stone" x="-8.4169" y="-3.285" rotation="0" />
    <Block type="CircleSmall" material="wood" x="3.9533" y="-3.275" rotation="0" />
  </GameObjects>
</Level>
