<?xml version="1.0" encoding="utf-16"?>
<Level width="2">
  <Camera x="0" y="-1" minWidth="25" maxWidth="35" />
  <Score highScore="0" />
  <Birds>
    <Bird type="BirdRed"/>
  </Birds>
  <Slingshot x="-12.0" y="-2.5" />
  <GameObjects>
    <Pig type="BasicSmall" material="" x="0.822" y="2.8962" rotation="1.0769" />
    <Platform type="Platform" material="" x="0.8143" y="2.4149" rotation="0.0" scaleX="2.089" scaleY="0.763" />
    <Block type="RectMedium" material="ice" x="-9.8423" y="-3.39" rotation="0" />
    <Block type="RectBig" material="ice" x="8.3254" y="-3.39" rotation="0" />
    <Block type="RectTiny" material="stone" x="5.5728" y="-3.39" rotation="0" />
  </GameObjects>
</Level>
