<?xml version="1.0" encoding="utf-16"?>
<Level width="2">
  <Camera x="0" y="-1" minWidth="25" maxWidth="35" />
  <Score highScore="0" />
  <Birds>
    <Bird type="BirdRed"/>
  </Birds>
  <Slingshot x="-12.0" y="-2.5" />
  <GameObjects>
    <Pig type="BasicSmall" material="" x="0.815" y="1.7989" rotation="1.0769" />
    <Platform type="Platform" material="" x="0.8073" y="1.3176" rotation="0.0" scaleX="2.089" scaleY="0.763" />
    <Block type="Circle" material="wood" x="8.6527" y="-3.1" rotation="0" />
    <Block type="SquareSmall" material="ice" x="6.4836" y="-3.285" rotation="0" />
    <Block type="Circle" material="wood" x="-4.2114" y="-3.1" rotation="0" />
  </GameObjects>
</Level>
