<?xml version="1.0" encoding="utf-16"?>
<Level width="2">
  <Camera x="0" y="-1" minWidth="25" maxWidth="35" />
  <Score highScore="0" />
  <Birds>
    <Bird type="BirdRed"/>
  </Birds>
  <Slingshot x="-12.0" y="-2.5" />
  <GameObjects>
    <Pig type="BasicSmall" material="" x="2.7117" y="1.7801" rotation="1.0769" />
    <Platform type="Platform" material="" x="2.7039" y="1.2988" rotation="0.0" scaleX="2.089" scaleY="0.763" />
    <Block type="SquareHole" material="ice" x="9.2792" y="-3.08" rotation="0" />
    <Block type="CircleSmall" material="wood" x="3.1246" y="-3.275" rotation="0" />
    <Block type="RectSmall" material="wood" x="6.1875" y="-3.39" rotation="0" />
  </GameObjects>
</Level>
