<?xml version="1.0" encoding="utf-16"?>
<Level width="2">
  <Camera x="0" y="-1" minWidth="25" maxWidth="35" />
  <Score highScore="0" />
  <Birds>
    <Bird type="BirdRed"/>
  </Birds>
  <Slingshot x="-12.0" y="-2.5" />
  <GameObjects>
    <Pig type="BasicSmall" material="" x="-0.751" y="-1.9091" rotation="1.0769" />
    <Platform type="Platform" material="" x="-0.7587" y="-2.3904" rotation="0.0" scaleX="2.089" scaleY="0.763" />
    <Block type="SquareHole" material="wood" x="-9.5185" y="-3.08" rotation="0" />
    <Block type="CircleSmall" material="stone" x="-5.6852" y="-3.275" rotation="0" />
    <Block type="Triangle" material="stone" x="0.9819" y="-3.09" rotation="0" />
  </GameObjects>
</Level>
