<?xml version="1.0" encoding="utf-16"?>
<Level width="2">
  <Camera x="0" y="-1" minWidth="25" maxWidth="35" />
  <Score highScore="0" />
  <Birds>
    <Bird type="BirdRed"/>
  </Birds>
  <Slingshot x="-12.0" y="-2.5" />
  <GameObjects>
    <Pig type="BasicSmall" material="" x="4.6998" y="-1.0884" rotation="1.0769" />
    <Platform type="Platform" material="" x="4.6921" y="-1.5697" rotation="0.0" scaleX="2.089" scaleY="0.763" />
    <Block type="RectMedium" material="ice" x="5.95" y="-3.39" rotation="0" />
    <Block type="RectSmall" material="ice" x="-6.2412" y="-3.39" rotation="0" />
    <Block type="SquareHole" material="ice" x="-2.0865" y="-3.08" rotation="0" />
  </GameObjects>
</Level>
