<?xml version="1.0" encoding="utf-16"?>
<Level width="2">
  <Camera x="0" y="-1" minWidth="25" maxWidth="35" />
  <Score highScore="0" />
  <Birds>
    <Bird type="BirdRed"/>
  </Birds>
  <Slingshot x="-12.0" y="-2.5" />
  <GameObjects>
    <Pig type="BasicSmall" material="" x="-4.0015" y="-0.7168" rotation="1.0769" />
    <Platform type="Platform" material="" x="-4.0092" y="-1.1981" rotation="0.0" scaleX="2.089" scaleY="0.763" />
    <Block type="SquareSmall" material="ice" x="-9.8734" y="-3.285" rotation="0" />
    <Block type="Circle" material="wood" x="6.6656" y="-3.1" rotation="0" />
    <Block type="SquareHole" material="wood" x="3.0872" y="-3.08" rotation="0" />
  </GameObjects>
</Level>
