<?xml version="1.0" encoding="utf-16"?>
<Level width="2">
  <Camera x="0" y="-1" minWidth="25" maxWidth="35" />
  <Score highScore="0" />
  <Birds>
    <Bird type="BirdRed"/>
  </Birds>
  <Slingshot x="-12.0" y="-2.5" />
  <GameObjects>
    <Pig type="BasicSmall" material="" x="-4.1844" y="-2.7268" rotation="1.0769" />
    <Platform type="Platform" material="" x="-4.1921" y="-3.208" rotation="0.0" scaleX="2.089" scaleY="0.763" />
    <Block type="TriangleHole" material="ice" x="7.0158" y="-3.09" rotation="0" />
    <Block type="TriangleHole" material="stone" x="2.623" y="-3.09" rotation="0" />
    <Block type="TriangleHole" material="stone" x="-9.3259" y="-3.09" rotation="0" />
  </GameObjects>
</Level>
