<?xml version="1.0" encoding="utf-16"?>
<Level width="2">
  <Camera x="0" y="-1" minWidth="25" maxWidth="35" />
  <Score highScore="0" />
  <Birds>
    <Bird type="BirdRed"/>
  </Birds>
  <Slingshot x="-12.0" y="-2.5" />
  <GameObjects>
    <Pig type="BasicSmall" material="" x="-0.269" y="2.1951" rotation="1.0769" />
    <Platform type="Platform" material="" x="-0.2767" y="1.7138" rotation="0.0" scaleX="2.089" scaleY="0.763" />
    <Block type="SquareSmall" material="wood" x="1.0685" y="-3.285" rotation="0" />
    <Block type="RectFat" material="ice" x="-0.8774" y="-3.285" rotation="0" />
    <Block type="SquareSmall" material="wood" x="5.1116" y="-3.285" rotation="0" />
  </GameObjects>
</Level>
