<?xml version="1.0" encoding="utf-16"?>
<Level width="2">
  <Camera x="0" y="-1" minWidth="25" maxWidth="35" />
  <Score highScore="0" />
  <Birds>
    <Bird type="BirdRed"/>
  </Birds>
  <Slingshot x="-12.0" y="-2.5" />
  <GameObjects>
    <Pig type="BasicSmall" material="" x="3.7444" y="-1.859" rotation="1.0769" />
    <Platform type="Platform" material="" x="3.7366" y="-2.3403" rotation="0.0" scaleX="2.089" scaleY="0.763" />
    <Block type="CircleSmall" material="ice" x="-2.2686" y="-3.275" rotation="0" />
    <Block type="RectTiny" material="stone" x="-8.5004" y="-3.39" rotation="0" />
    <Block type="SquareHole" material="stone" x="8.6752" y="-3.08" rotation="0" />
  </GameObjects>
</Level>
