<?xml version="1.0" encoding="utf-16"?>
<Level width="2">
  <Camera x="0" y="-1" minWidth="25" maxWidth="35" />
  <Score highScore="0" />
  <Birds>
    <Bird type="BirdRed"/>
  </Birds>
  <Slingshot x="-12.0" y="-2.5" />
  <GameObjects>
    <Pig type="BasicSmall" material="" x="-0.1818" y="1.3634" rotation="1.0769" />
    <Platform type="Platform" material="" x="-0.1895" y="0.8821" rotation="0.0" scaleX="2.089" scaleY="0.763" />
    <Block type="RectTiny" material="wood" x="9.3393" y="-3.39" rotation="0" />
    <Block type="SquareTiny" material="stone" x="-0.457" y="-3.39" rotation="0" />
    <Platform type="Platform" material="" x="2.5535" y="-3.18" rotation="0" scaleX="1.0" scaleY="1.0" />
  </GameObjects>
</Level>
