<?xml version="1.0" encoding="utf-16"?>
<Level width="2">
  <Camera x="0" y="-1" minWidth="25" maxWidth="35" />
  <Score highScore="0" />
  <Birds>
    <Bird type="BirdRed"/>
  </Birds>
  <Slingshot x="-12.0" y="-2.5" />
  <GameObjects>
    <Pig type="BasicSmall" material="" x="-0.7622" y="-1.7227" rotation="1.0769" />
    <Platform type="Platform" material="" x="-0.77" y="-2.204" rotation="0.0" scaleX="2.089" scaleY="0.763" />
    <Block type="TriangleHole" material="stone" x="-4.5605" y="-3.09" rotation="0" />
    <Block type="RectTiny" material="wood" x="2.395" y="-3.39" rotation="0" />
    <Block type="Triangle" material="wood" x="8.8804" y="-3.09" rotation="0" />
  </GameObjects>
</Level>
