<?xml version="1.0" encoding="utf-16"?>
<Level width="2">
  <Camera x="0" y="-1" minWidth="25" maxWidth="35" />
  <Score highScore="0" />
  <Birds>
    <Bird type="BirdRed"/>
  </Birds>
  <Slingshot x="-12.0" y="-2.5" />
  <GameObjects>
    <Pig type="BasicSmall" material="" x="0.819" y="-0.1726" rotation="1.0769" />
    <Platform type="Platform" material="" x="0.8113" y="-0.6539" rotation="0.0" scaleX="2.089" scaleY="0.763" />
    <Block type="Circle" material="wood" x="-9.2371" y="-3.1" rotation="0" />
    <Block type="CircleSmall" material="wood" x="-3.1304" y="-3.275" rotation="0" />
    <Block type="RectBig" material="stone" x="-0.9902" y="-3.39" rotation="0" />
  </GameObjects>
</Level>
