<?xml version="1.0" encoding="utf-16"?>
<Level width="2">
  <Camera x="0" y="-1" minWidth="25" maxWidth="35" />
  <Score highScore="0" />
  <Birds>
    <Bird type="BirdRed"/>
  </Birds>
  <Slingshot x="-12.0" y="-2.5" />
  <GameObjects>
    <Pig type="BasicSmall" material="" x="-1.981" y="-2.7963" rotation="1.0769" />
    <Platform type="Platform" material="" x="-1.9887" y="-3.2776" rotation="0.0" scaleX="2.089" scaleY="0.763" />
    <Block type="Triangle" material="wood" x="-4.3695" y="-3.09" rotation="0" />
    <Block type="Triangle" material="wood" x="-7.4406" y="-3.09" rotation="0" />
    <Block type="RectFat" material="wood" x="1.9318" y="-3.285" rotation="0" />
  </GameObjects>
</Level>
