<?xml version="1.0" encoding="utf-16"?>
<Level width="2">
  <Camera x="0" y="-1" minWidth="25" maxWidth="35" />
  <Score highScore="0" />
  <Birds>
    <Bird type="BirdRed"/>
  </Birds>
  <Slingshot x="-12.0" y="-2.5" />
  <GameObjects>
    <Pig type="BasicSmall" material="" x="0.9099" y="2.643" rotation="1.0769" />
    <Platform type="Platform" material="" x="0.9021" y="2.1617" rotation="0.0" scaleX="2.089" scaleY="0.763" />
    <Block type="TriangleHole" material="ice" x="2.1732" y="-3.09" rotation="0" />
    <Block type="Circle" material="ice" x="-3.7525" y="-3.1" rotation="0" />
    <Block type="CircleSmall" material="stone" x="-0.4491" y="-3.275" rotation="0" />
  </GameObjects>
</Level>
