<?xml version="1.0" encoding="utf-16"?>
<Level width="2">
  <Camera x="0" y="-1" minWidth="25" maxWidth="35" />
  <Score highScore="0" />
  <Birds>
    <Bird type="BirdRed"/>
  </Birds>
  <Slingshot x="-12.0" y="-2.5" />
  <GameObjects>
    <Pig type="BasicSmall" material="" x="4.018" y="0.2169" rotation="1.0769" />
    <Platform type="Platform" material="" x="4.0103" y="-0.2644" rotation="0.0" scaleX="2.089" scaleY="0.763" />
    <Block type="Triangle" material="wood" x="-1.9126" y="-3.09" rotation="0" />
    <Block type="Circle" material="ice" x="8.8473" y="-3.1" rotation="0" />
    <Block type="SquareHole" material="wood" x="3.9747" y="-3.08" rotation="0" />
  </GameObjects>
</Level>
