<?xml version="1.0" encoding="utf-16"?>
<Level width="2">
  <Camera x="0" y="-1" minWidth="25" maxWidth="35" />
  <Score highScore="0" />
  <Birds>
    <Bird type="BirdRed"/>
  </Birds>
  <Slingshot x="-12.0" y="-2.5" />
  <GameObjects>
    <Pig type="BasicSmall" material="" x="-0.6091" y="-1.1663" rotation="1.0769" />
    <Platform type="Platform" material="" x="-0.6168" y="-1.6476" rotation="0.0" scaleX="2.089" scaleY="0.763" />
    <Block type="RectMedium" material="ice" x="-9.3223" y="-3.39" rotation="0" />
    <Block type="Circle" material="wood" x="6.8056" y="-3.1" rotation="0" />
    <Block type="RectSmall" material="wood" x="0.3704" y="-3.39" rotation="0" />
  </GameObjects>
</Level>
