<?xml version="1.0" encoding="utf-16"?>
<Level width="2">
  <Camera x="0" y="-1" minWidth="25" maxWidth="35" />
  <Score highScore="0" />
  <Birds>
    <Bird type="BirdRed"/>
  </Birds>
  <Slingshot x="-12.0" y="-2.5" />
  <GameObjects>
    <Pig type="BasicSmall" material="" x="0.1848" y="1.9586" rotation="1.0769" />
    <Platform type="Platform" material="" x="0.1771" y="1.4773" rotation="0.0" scaleX="2.089" scaleY="0.763" />
    <Block type="RectSmall" material="wood" x="0.9664" y="-3.39" rotation="0" />
    <Block type="RectMedium" material="wood" x="3.3779" y="-3.39" rotation="0" />
    <Block type="TriangleHole" material="ice" x="-5.3724" y="-3.09" rotation="0" />
  </GameObjects>
</Level>
