<?xml version="1.0" encoding="utf-16"?>
<Level width="2">
  <Camera x="0" y="-1" minWidth="25" maxWidth="35" />
  <Score highScore="0" />
  <Birds>
    <Bird type="BirdRed"/>
  </Birds>
  <Slingshot x="-12.0" y="-2.5" />
  <GameObjects>
    <Pig type="BasicSmall" material="" x="1.7018" y="1.286" rotation="1.0769" />
    <Platform type="Platform" material="" x="1.6941" y="0.8047" rotation="0.0" scaleX="2.089" scaleY="0.763" />
    <Block type="RectMedium" material="wood" x="-2.7351" y="-3.39" rotation="0" />
    <Block type="RectMedium" material="wood" x="9.1273" y="-3.39" rotation="0" />
    <Block type="RectMedium" material="stone" x="3.5603" y="-3.39" rotation="0" />
  </GameObjects>
</Level>
