<?xml version="1.0" encoding="utf-16"?>
<Level width="2">
  <Camera x="0" y="-1" minWidth="25" maxWidth="35" />
  <Score highScore="0" />
  <Birds>
    <Bird type="BirdRed"/>
  </Birds>
  <Slingshot x="-12.0" y="-2.5" />
  <GameObjects>
    <Pig type="BasicSmall" material="" x="-5.9632" y="0.6101" rotation="1.0769" />
    <Platform type="Platform" material="" x="-5.971" y="0.1289" rotation="0.0" scaleX="2.089" scaleY="0.763" />
    <Block type="RectSmall" material="stone" x="-8.8161" y="-3.39" rotation="0" />
    <Block type="RectMedium" material="ice" x="0.2515" y="-3.39" rotation="0" />
    <Block type="CircleSmall" material="stone" x="-2.4118" y="-3.275" rotation="0" />
  </GameObjects>
</Level>
