<?xml version="1.0" encoding="utf-16"?>
<Level width="2">
  <Camera x="0" y="-1" minWidth="25" maxWidth="35" />
  <Score highScore="0" />
  <Birds>
    <Bird type="BirdRed"/>
  </Birds>
  <Slingshot x="-12.0" y="-2.5" />
  <GameObjects>
    <Pig type="BasicSmall" material="" x="5.5813" y="-2.1079" rotation="1.0769" />
    <Platform type="Platform" material="" x="5.5736" y="-2.5891" rotation="0.0" scaleX="2.089" scaleY="0.763" />
    <Block type="RectTiny" material="ice" x="3.2418" y="-3.39" rotation="0" />
    <Block type="RectTiny" material="wood" x="-5.1303" y="-3.39" rotation="0" />
    <Block type="RectBig" material="stone" x="-9.9561" y="-3.39" rotation="0" />
  </GameObjects>
</Level>
