<?xml version="1.0" encoding="utf-16"?>
<Level width="2">
  <Camera x="0" y="-1" minWidth="25" maxWidth="35" />
  <Score highScore="0" />
  <Birds>
    <Bird type="BirdRed"/>
  </Birds>
  <Slingshot x="-12.0" y="-2.5" />
  <GameObjects>
    <Pig type="BasicSmall" material="" x="4.025" y="-2.8145" rotation="1.0769" />
    <Platform type="Platform" material="" x="4.0173" y="-3.2958" rotation="0.0" scaleX="2.089" scaleY="0.763" />
    <Block type="Triangle" material="stone" x="8.9674" y="-3.09" rotation="0" />
    <Block type="SquareSmall" material="ice" x="-1.0602" y="-3.285" rotation="0" />
    <Block type="RectMedium" material="stone" x="-5.3331" y="-3.39" rotation="0" />
  </GameObjects>
</Level>
