<?xml version="1.0" encoding="utf-16"?>
<Level width="2">
  <Camera x="0" y="-1" minWidth="25" maxWidth="35" />
  <Score highScore="0" />
  <Birds>
    <Bird type="BirdRed"/>
  </Birds>
  <Slingshot x="-12.0" y="-2.5" />
  <GameObjects>
    <Pig type="BasicSmall" material="" x="5.9483" y="-1.8714" rotation="1.0769" />
    <Platform type="Platform" material="" x="5.9405" y="-2.3526" rotation="0.0" scaleX="2.089" scaleY="0.763" />
    <Block type="Triangle" material="ice" x="-7.3563" y="-3.09" rotation="0" />
    <Block type="CircleSmall" material="ice" x="8.7472" y="-3.275" rotation="0" />
    <Block type="Triangle" material="stone" x="-4.799" y="-3.09" rotation="0" />
  </GameObjects>
</Level>
