<?xml version="1.0" encoding="utf-16"?>
<Level width="2">
  <Camera x="0" y="-1" minWidth="25" maxWidth="35" />
  <Score highScore="0" />
  <Birds>
    <Bird type="BirdRed"/>
    <Bird type="BirdRed"/>
    <Bird type="BirdRed"/>
  </Birds>
  <Slingshot x="-12.0" y="-2.5" />
  <GameObjects>
    <Pig type="BasicBig" material="" x="1.6419" y="-3.0071" rotation="359.8405" />
    <Platform type="Platform" material="" x="17.86" y="1.09" rotation="0.0" scaleX="1.1216" scaleY="27.9981" />
    <Block type="RectTiny" material="stone" x="-0.3594" y="-3.39" rotation="0" />
    <Block type="RectBig" material="stone" x="-5.8815" y="-3.39" rotation="0" />
    <Block type="SquareTiny" material="stone" x="6.1972" y="-3.39" rotation="0" />
  </GameObjects>
</Level>
