<?xml version="1.0" encoding="utf-16"?>
<Level width="2">
  <Camera x="0" y="-1" minWidth="25" maxWidth="35" />
  <Score highScore="0" />
  <Birds>
    <Bird type="BirdRed"/>
    <Bird type="BirdRed"/>
    <Bird type="BirdRed"/>
  </Birds>
  <Slingshot x="-12.0" y="-2.5" />
  <GameObjects>
    <Pig type="BasicBig" material="" x="4.8092" y="-3.0071" rotation="359.8405" />
    <Platform type="Platform" material="" x="17.86" y="1.09" rotation="0.0" scaleX="1.1216" scaleY="27.9981" />
    <Block type="TriangleHole" material="stone" x="2.6599" y="-3.09" rotation="0" />
    <Platform type="Platform" material="" x="6.81" y="-3.18" rotation="0" scaleX="1.0" scaleY="1.0" />
    <Block type="CircleSmall" material="stone" x="-6.461" y="-3.275" rotation="0" />
  </GameObjects>
</Level>
