<?xml version="1.0" encoding="utf-16"?>
<Level width="2">
  <Camera x="0" y="-1" minWidth="25" maxWidth="35" />
  <Score highScore="0" />
  <Birds>
    <Bird type="BirdRed"/>
    <Bird type="BirdRed"/>
    <Bird type="BirdRed"/>
  </Birds>
  <Slingshot x="-12.0" y="-2.5" />
  <GameObjects>
    <Pig type="BasicBig" material="" x="5.8308" y="-3.0071" rotation="359.8405" />
    <Platform type="Platform" material="" x="17.86" y="1.09" rotation="0.0" scaleX="1.1216" scaleY="27.9981" />
    <Block type="TriangleHole" material="ice" x="-7.709" y="-3.09" rotation="0" />
    <Block type="Circle" material="ice" x="-5.8333" y="-3.1" rotation="0" />
    <Block type="SquareHole" material="ice" x="9.1682" y="-3.08" rotation="0" />
  </GameObjects>
</Level>
