<?xml version="1.0" encoding="utf-16"?>
<Level width="2">
  <Camera x="0" y="-1" minWidth="25" maxWidth="35" />
  <Score highScore="0" />
  <Birds>
    <Bird type="BirdRed"/>
    <Bird type="BirdRed"/>
    <Bird type="BirdRed"/>
  </Birds>
  <Slingshot x="-12.0" y="-2.5" />
  <GameObjects>
    <Pig type="BasicBig" material="" x="4.6259" y="-3.0071" rotation="359.8405" />
    <Platform type="Platform" material="" x="17.86" y="1.09" rotation="0.0" scaleX="1.1216" scaleY="27.9981" />
    <Block type="SquareHole" material="stone" x="0.0126" y="-3.08" rotation="0" />
    <Block type="RectMedium" material="stone" x="-6.42" y="-3.39" rotation="0" />
    <Block type="CircleSmall" material="wood" x="-2.9945" y="-3.275" rotation="0" />
  </GameObjects>
</Level>
