<?xml version="1.0" encoding="utf-16"?>
<Level width="2">
  <Camera x="0" y="-1" minWidth="25" maxWidth="35" />
  <Score highScore="0" />
  <Birds>
    <Bird type="BirdRed"/>
    <Bird type="BirdRed"/>
    <Bird type="BirdRed"/>
  </Birds>
  <Slingshot x="-12.0" y="-2.5" />
  <GameObjects>
    <Pig type="BasicBig" material="" x="-8.0301" y="-3.0071" rotation="359.8405" />
    <Platform type="Platform" material="" x="17.86" y="1.09" rotation="0.0" scaleX="1.1216" scaleY="27.9981" />
    <Block type="RectFat" material="wood" x="3.4277" y="-3.285" rotation="0" />
    <Block type="CircleSmall" material="wood" x="-5.8104" y="-3.275" rotation="0" />
    <Block type="SquareTiny" material="ice" x="-0.1161" y="-3.39" rotation="0" />
  </GameObjects>
</Level>
