<?xml version="1.0" encoding="utf-16"?>
<Level width="2">
  <Camera x="0" y="-1" minWidth="25" maxWidth="35" />
  <Score highScore="0" />
  <Birds>
    <Bird type="BirdRed"/>
    <Bird type="BirdRed"/>
    <Bird type="BirdRed"/>
  </Birds>
  <Slingshot x="-12.0" y="-2.5" />
  <GameObjects>
    <Pig type="BasicBig" material="" x="6.5683" y="-3.0071" rotation="359.8405" />
    <Platform type="Platform" material="" x="17.86" y="1.09" rotation="0.0" scaleX="1.1216" scaleY="27.9981" />
    <Platform type="Platform" material="" x="8.3603" y="-3.18" rotation="0" scaleX="1.0" scaleY="1.0" />
    <Block type="Circle" material="ice" x="4.8092" y="-3.1" rotation="0" />
    <Block type="SquareSmall" material="stone" x="-7.0252" y="-3.285" rotation="0" />
  </GameObjects>
</Level>
