<?xml version="1.0" encoding="utf-16"?>
<Level width="2">
  <Camera x="0" y="-1" minWidth="25" maxWidth="35" />
  <Score highScore="0" />
  <Birds>
    <Bird type="BirdRed"/>
    <Bird type="BirdRed"/>
    <Bird type="BirdRed"/>
  </Birds>
  <Slingshot x="-12.0" y="-2.5" />
  <GameObjects>
    <Pig type="BasicBig" material="" x="8.2701" y="-3.0071" rotation="359.8405" />
    <Platform type="Platform" material="" x="17.86" y="1.09" rotation="0.0" scaleX="1.1216" scaleY="27.9981" />
    <Block type="TriangleHole" material="stone" x="3.9832" y="-3.09" rotation="0" />
    <Block type="RectFat" material="ice" x="-8.7657" y="-3.285" rotation="0" />
    <Block type="Triangle" material="wood" x="1.7622" y="-3.09" rotation="0" />
  </GameObjects>
</Level>
