<?xml version="1.0" encoding="utf-16"?>
<Level width="2">
  <Camera x="0" y="-1" minWidth="25" maxWidth="35" />
  <Score highScore="0" />
  <Birds>
    <Bird type="BirdRed"/>
  </Birds>
  <Slingshot x="-12.0" y="-2.5" />
  <GameObjects>
    <Pig type="BasicSmall" material="" x="5.7943" y="-3.2668" rotation="1.2135" />
    <Block type="SquareSmall" material="wood" x="4.2702" y="-3.285" rotation="0" />
    <Block type="SquareHole" material="stone" x="0.8529" y="-3.08" rotation="0" />
    <Block type="TriangleHole" material="stone" x="-3.0456" y="-3.09" rotation="0" />
  </GameObjects>
</Level>
