<?xml version="1.0" encoding="utf-16"?>
<Level width="2">
  <Camera x="0" y="-1" minWidth="25" maxWidth="35" />
  <Score highScore="0" />
  <Birds>
    <Bird type="BirdRed"/>
  </Birds>
  <Slingshot x="-12.0" y="-2.5" />
  <GameObjects>
    <Pig type="BasicSmall" material="" x="1.5645" y="-3.2668" rotation="1.2135" />
    <Block type="CircleSmall" material="wood" x="-4.0104" y="-3.275" rotation="0" />
    <Block type="CircleSmall" material="stone" x="-2.6174" y="-3.275" rotation="0" />
    <Block type="RectFat" material="wood" x="4.1281" y="-3.285" rotation="0" />
  </GameObjects>
</Level>
