<?xml version="1.0" encoding="utf-16"?>
<Level width="2">
  <Camera x="0" y="-1" minWidth="25" maxWidth="35" />
  <Score highScore="0" />
  <Birds>
    <Bird type="BirdRed"/>
  </Birds>
  <Slingshot x="-12.0" y="-2.5" />
  <GameObjects>
    <Pig type="BasicSmall" material="" x="-4.1945" y="-3.2668" rotation="1.2135" />
    <Platform type="Platform" material="" x="1.7873" y="-3.18" rotation="0" scaleX="1.0" scaleY="1.0" />
    <Block type="SquareHole" material="ice" x="-2.7056" y="-3.08" rotation="0" />
    <Block type="TriangleHole" material="ice" x="8.3461" y="-3.09" rotation="0" />
  </GameObjects>
</Level>
