<?xml version="1.0" encoding="utf-16"?>
<Level width="2">
  <Camera x="0" y="-1" minWidth="25" maxWidth="35" />
  <Score highScore="0" />
  <Birds>
    <Bird type="BirdRed"/>
  </Birds>
  <Slingshot x="-12.0" y="-2.5" />
  <GameObjects>
    <Pig type="BasicSmall" material="" x="-2.2258" y="-3.2668" rotation="1.2135" />
    <Block type="SquareTiny" material="ice" x="2.3786" y="-3.39" rotation="0" />
    <Block type="CircleSmall" material="wood" x="5.9749" y="-3.275" rotation="0" />
    <Block type="TriangleHole" material="ice" x="7.2716" y="-3.09" rotation="0" />
  </GameObjects>
</Level>
