<?xml version="1.0" encoding="utf-16"?>
<Level width="2">
  <Camera x="0" y="-1" minWidth="25" maxWidth="35" />
  <Score highScore="0" />
  <Birds>
    <Bird type="BirdRed"/>
  </Birds>
  <Slingshot x="-12.0" y="-2.5" />
  <GameObjects>
    <Pig type="BasicSmall" material="" x="-4.3861" y="-3.2668" rotation="1.2135" />
    <Block type="TriangleHole" material="wood" x="-1.2653" y="-3.09" rotation="0" />
    <Block type="Triangle" material="ice" x="-7.7886" y="-3.09" rotation="0" />
    <Block type="TriangleHole" material="ice" x="9.3853" y="-3.09" rotation="0" />
  </GameObjects>
</Level>
