<?xml version="1.0" encoding="utf-16"?>
<Level width="2">
  <Camera x="0" y="-1" minWidth="25" maxWidth="35" />
  <Score highScore="0" />
  <Birds>
    <Bird type="BirdRed"/>
  </Birds>
  <Slingshot x="-12.0" y="-2.5" />
  <GameObjects>
    <Pig type="BasicSmall" material="" x="4.2302" y="-3.2668" rotation="1.2135" />
    <Block type="SquareSmall" material="stone" x="1.256" y="-3.285" rotation="0" />
    <Block type="RectSmall" material="stone" x="-2.4459" y="-3.39" rotation="0" />
    <Block type="Circle" material="wood" x="-4.6623" y="-3.1" rotation="0" />
  </GameObjects>
</Level>
