<?xml version="1.0" encoding="utf-16"?>
<Level width="2">
  <Camera x="0" y="-1" minWidth="25" maxWidth="35" />
  <Score highScore="0" />
  <Birds>
    <Bird type="BirdRed"/>
  </Birds>
  <Slingshot x="-12.0" y="-2.5" />
  <GameObjects>
    <Pig type="BasicSmall" material="" x="3.5326" y="-3.2668" rotation="1.2135" />
    <Block type="Circle" material="ice" x="-8.8787" y="-3.1" rotation="0" />
    <Block type="SquareSmall" material="wood" x="-3.6701" y="-3.285" rotation="0" />
    <Block type="Triangle" material="stone" x="-0.2996" y="-3.09" rotation="0" />
  </GameObjects>
</Level>
