<?xml version="1.0" encoding="utf-16"?>
<Level width="2">
  <Camera x="0" y="-1" minWidth="25" maxWidth="35" />
  <Score highScore="0" />
  <Birds>
    <Bird type="BirdRed"/>
  </Birds>
  <Slingshot x="-12.0" y="-2.5" />
  <GameObjects>
    <Pig type="BasicSmall" material="" x="-4.7665" y="-3.2668" rotation="1.2135" />
    <Block type="RectBig" material="stone" x="-7.5623" y="-3.39" rotation="0" />
    <Block type="RectTiny" material="wood" x="4.5437" y="-3.39" rotation="0" />
    <Block type="RectMedium" material="stone" x="7.3063" y="-3.39" rotation="0" />
  </GameObjects>
</Level>
