<?xml version="1.0" encoding="utf-16"?>
<Level width="2">
  <Camera x="0" y="-1" minWidth="25" maxWidth="35" />
  <Score highScore="0" />
  <Birds>
    <Bird type="BirdRed"/>
  </Birds>
  <Slingshot x="-12.0" y="-2.5" />
  <GameObjects>
    <Pig type="BasicSmall" material="" x="1.1433" y="-3.2668" rotation="1.2135" />
    <Block type="Circle" material="stone" x="-0.857" y="-3.1" rotation="0" />
    <Block type="RectTiny" material="wood" x="-6.4236" y="-3.39" rotation="0" />
    <Block type="TriangleHole" material="stone" x="5.5007" y="-3.09" rotation="0" />
  </GameObjects>
</Level>
