<?xml version="1.0" encoding="utf-16"?>
<Level width="2">
  <Camera x="0" y="-1" minWidth="25" maxWidth="35" />
  <Score highScore="0" />
  <Birds>
    <Bird type="BirdRed"/>
  </Birds>
  <Slingshot x="-12.0" y="-2.5" />
  <GameObjects>
    <Pig type="BasicSmall" material="" x="4.2504" y="-3.2668" rotation="1.2135" />
    <Block type="SquareSmall" material="ice" x="-0.5329" y="-3.285" rotation="0" />
    <Block type="TriangleHole" material="wood" x="-3.9624" y="-3.09" rotation="0" />
    <Platform type="Platform" material="" x="-9.7582" y="-3.18" rotation="0" scaleX="1.0" scaleY="1.0" />
  </GameObjects>
</Level>
