<?xml version="1.0" encoding="utf-16"?>
<Level width="2">
  <Camera x="0" y="-1" minWidth="25" maxWidth="35" />
  <Score highScore="0" />
  <Birds>
    <Bird type="BirdRed"/>
  </Birds>
  <Slingshot x="-12.0" y="-2.5" />
  <GameObjects>
    <Pig type="BasicSmall" material="" x="-0.2452" y="-3.2668" rotation="1.2135" />
    <Block type="RectBig" material="wood" x="-3.5049" y="-3.39" rotation="0" />
    <Block type="SquareSmall" material="ice" x="3.6811" y="-3.285" rotation="0" />
    <Block type="Triangle" material="wood" x="6.1514" y="-3.09" rotation="0" />
  </GameObjects>
</Level>
