<?xml version="1.0" encoding="utf-16"?>
<Level width="2">
  <Camera x="0" y="-1" minWidth="25" maxWidth="35" />
  <Score highScore="0" />
  <Birds>
    <Bird type="BirdRed"/>
  </Birds>
  <Slingshot x="-12.0" y="-2.5" />
  <GameObjects>
    <Pig type="BasicSmall" material="" x="8.7793" y="-3.2668" rotation="1.2135" />
    <Block type="CircleSmall" material="stone" x="0.9389" y="-3.275" rotation="0" />
    <Block type="RectMedium" material="stone" x="7.5" y="-3.39" rotation="0" />
    <Block type="SquareHole" material="ice" x="-4.2777" y="-3.08" rotation="0" />
  </GameObjects>
</Level>
