<?xml version="1.0" encoding="utf-16"?>
<Level width="2">
  <Camera x="0" y="-1" minWidth="25" maxWidth="35" />
  <Score highScore="0" />
  <Birds>
    <Bird type="BirdRed"/>
  </Birds>
  <Slingshot x="-12.0" y="-2.5" />
  <GameObjects>
    <Pig type="BasicSmall" material="" x="5.7296" y="-3.2668" rotation="1.2135" />
    <Block type="RectMedium" material="wood" x="-0.8686" y="-3.39" rotation="0" />
    <Block type="SquareHole" material="stone" x="-4.2381" y="-3.08" rotation="0" />
    <Block type="RectMedium" material="wood" x="8.9245" y="-3.39" rotation="0" />
  </GameObjects>
</Level>
