<?xml version="1.0" encoding="utf-16"?>
<Level width="2">
  <Camera x="0" y="-1" minWidth="25" maxWidth="35" />
  <Score highScore="0" />
  <Birds>
    <Bird type="BirdRed"/>
  </Birds>
  <Slingshot x="-12.0" y="-2.5" />
  <GameObjects>
    <Pig type="BasicSmall" material="" x="1.1315" y="-3.2668" rotation="1.2135" />
    <Block type="Circle" material="ice" x="4.4881" y="-3.1" rotation="0" />
    <Platform type="Platform" material="" x="7.4742" y="-3.18" rotation="0" scaleX="1.0" scaleY="1.0" />
    <Block type="Circle" material="stone" x="-4.2372" y="-3.1" rotation="0" />
  </GameObjects>
</Level>
