<?xml version="1.0" encoding="utf-16"?>
<Level width="2">
  <Camera x="0" y="-1" minWidth="25" maxWidth="35" />
  <Score highScore="0" />
  <Birds>
    <Bird type="BirdRed"/>
  </Birds>
  <Slingshot x="-12.0" y="-2.5" />
  <GameObjects>
    <Pig type="BasicSmall" material="" x="-0.1649" y="-3.2668" rotation="1.2135" />
    <Block type="Circle" material="wood" x="9.0684" y="-3.1" rotation="0" />
    <Block type="CircleSmall" material="stone" x="-3.8828" y="-3.275" rotation="0" />
    <Block type="SquareTiny" material="stone" x="-1.5166" y="-3.39" rotation="0" />
  </GameObjects>
</Level>
