<?xml version="1.0" encoding="utf-16"?>
<Level width="2">
  <Camera x="0" y="-1" minWidth="25" maxWidth="35" />
  <Score highScore="0" />
  <Birds>
    <Bird type="BirdRed"/>
  </Birds>
  <Slingshot x="-12.0" y="-2.5" />
  <GameObjects>
    <Pig type="BasicSmall" material="" x="3.0083" y="-3.2668" rotation="1.2135" />
    <Block type="SquareSmall" material="ice" x="6.5773" y="-3.285" rotation="0" />
    <Block type="RectFat" material="wood" x="1.4702" y="-3.285" rotation="0" />
    <Block type="RectFat" material="ice" x="8.0963" y="-3.285" rotation="0" />
  </GameObjects>
</Level>
