<?xml version="1.0" encoding="utf-16"?>
<Level width="2">
  <Camera x="0" y="-1" minWidth="25" maxWidth="35" />
  <Score highScore="0" />
  <Birds>
    <Bird type="BirdRed"/>
  </Birds>
  <Slingshot x="-12.0" y="-2.5" />
  <GameObjects>
    <Pig type="BasicSmall" material="" x="-0.1598" y="-3.2668" rotation="1.2135" />
    <Block type="RectBig" material="ice" x="1.3315" y="-3.39" rotation="0" />
    <Block type="SquareTiny" material="wood" x="-3.6871" y="-3.39" rotation="0" />
    <Block type="TriangleHole" material="wood" x="-9.1227" y="-3.09" rotation="0" />
  </GameObjects>
</Level>
