<?xml version="1.0" encoding="utf-16"?>
<Level width="2">
  <Camera x="0" y="-1" minWidth="25" maxWidth="35" />
  <Score highScore="0" />
  <Birds>
    <Bird type="BirdRed"/>
  </Birds>
  <Slingshot x="-12.0" y="-2.5" />
  <GameObjects>
    <Pig type="BasicSmall" material="" x="-5.514" y="-0.8461" rotation="1.0769" />
    <Block type="Circle" material="wood" x="-5.5899" y="0.5511" rotation="359.8677" />
    <Platform type="Platform" material="" x="-5.5218" y="-1.3274" rotation="0.0" scaleX="2.089" scaleY="0.763" />
    <Platform type="Platform" material="" x="-5.5498" y="-0.0834" rotation="0.0" scaleX="2.089" scaleY="0.763" />
    <Block type="RectFat" material="ice" x="-9.1064" y="-3.285" rotation="0" />
    <Block type="RectTiny" material="wood" x="-4.8471" y="-3.39" rotation="0" />
    <Block type="RectFat" material="stone" x="8.681" y="-3.285" rotation="0" />
  </GameObjects>
</Level>
