<?xml version="1.0" encoding="utf-16"?>
<Level width="2">
  <Camera x="0" y="-1" minWidth="25" maxWidth="35" />
  <Score highScore="0" />
  <Birds>
    <Bird type="BirdRed"/>
  </Birds>
  <Slingshot x="-12.0" y="-2.5" />
  <GameObjects>
    <Pig type="BasicSmall" material="" x="-4.2483" y="0.4249" rotation="1.0769" />
    <Block type="Circle" material="wood" x="-4.3242" y="1.8222" rotation="359.8677" />
    <Platform type="Platform" material="" x="-4.2561" y="-0.0563" rotation="0.0" scaleX="2.089" scaleY="0.763" />
    <Platform type="Platform" material="" x="-4.2841" y="1.1877" rotation="0.0" scaleX="2.089" scaleY="0.763" />
    <Platform type="Platform" material="" x="-0.0326" y="-3.18" rotation="0" scaleX="1.0" scaleY="1.0" />
    <Platform type="Platform" material="" x="5.0697" y="-3.18" rotation="0" scaleX="1.0" scaleY="1.0" />
    <Block type="RectTiny" material="stone" x="-2.1968" y="-3.39" rotation="0" />
  </GameObjects>
</Level>
