<?xml version="1.0" encoding="utf-16"?>
<Level width="2">
  <Camera x="0" y="-1" minWidth="25" maxWidth="35" />
  <Score highScore="0" />
  <Birds>
    <Bird type="BirdRed"/>
  </Birds>
  <Slingshot x="-12.0" y="-2.5" />
  <GameObjects>
    <Pig type="BasicSmall" material="" x="-6.8815" y="-1.8236" rotation="1.0769" />
    <Block type="Circle" material="wood" x="-6.9574" y="-0.4263" rotation="359.8677" />
    <Platform type="Platform" material="" x="-6.8892" y="-2.3048" rotation="0.0" scaleX="2.089" scaleY="0.763" />
    <Platform type="Platform" material="" x="-6.9172" y="-1.0608" rotation="0.0" scaleX="2.089" scaleY="0.763" />
    <Block type="RectMedium" material="ice" x="6.2131" y="-3.39" rotation="0" />
    <Platform type="Platform" material="" x="2.7519" y="-3.18" rotation="0" scaleX="1.0" scaleY="1.0" />
    <Block type="SquareSmall" material="ice" x="8.1212" y="-3.285" rotation="0" />
  </GameObjects>
</Level>
