<?xml version="1.0" encoding="utf-16"?>
<Level width="2">
  <Camera x="0" y="-1" minWidth="25" maxWidth="35" />
  <Score highScore="0" />
  <Birds>
    <Bird type="BirdRed"/>
  </Birds>
  <Slingshot x="-12.0" y="-2.5" />
  <GameObjects>
    <Pig type="BasicSmall" material="" x="-3.8271" y="-2.0144" rotation="1.0769" />
    <Block type="Circle" material="wood" x="-3.903" y="-0.6172" rotation="359.8677" />
    <Platform type="Platform" material="" x="-3.8348" y="-2.4957" rotation="0.0" scaleX="2.089" scaleY="0.763" />
    <Platform type="Platform" material="" x="-3.8628" y="-1.2517" rotation="0.0" scaleX="2.089" scaleY="0.763" />
    <Block type="SquareSmall" material="ice" x="6.6689" y="-3.285" rotation="0" />
    <Block type="SquareTiny" material="stone" x="2.3644" y="-3.39" rotation="0" />
    <Block type="TriangleHole" material="stone" x="-1.5392" y="-3.09" rotation="0" />
  </GameObjects>
</Level>
