<?xml version="1.0" encoding="utf-16"?>
<Level width="2">
  <Camera x="0" y="-1" minWidth="25" maxWidth="35" />
  <Score highScore="0" />
  <Birds>
    <Bird type="BirdRed"/>
  </Birds>
  <Slingshot x="-12.0" y="-2.5" />
  <GameObjects>
    <Pig type="BasicSmall" material="" x="-2.885" y="0.2888" rotation="1.0769" />
    <Block type="Circle" material="wood" x="-2.9609" y="1.6861" rotation="359.8677" />
    <Platform type="Platform" material="" x="-2.8928" y="-0.1924" rotation="0.0" scaleX="2.089" scaleY="0.763" />
    <Platform type="Platform" material="" x="-2.9208" y="1.0516" rotation="0.0" scaleX="2.089" scaleY="0.763" />
    <Block type="RectMedium" material="stone" x="3.9177" y="-3.39" rotation="0" />
    <Block type="Circle" material="ice" x="-4.2478" y="-3.1" rotation="0" />
    <Block type="CircleSmall" material="stone" x="8.1787" y="-3.275" rotation="0" />
  </GameObjects>
</Level>
