<?xml version="1.0" encoding="utf-16"?>
<Level width="2">
  <Camera x="0" y="-1" minWidth="25" maxWidth="35" />
  <Score highScore="0" />
  <Birds>
    <Bird type="BirdRed"/>
  </Birds>
  <Slingshot x="-12.0" y="-2.5" />
  <GameObjects>
    <Pig type="BasicSmall" material="" x="-1.4221" y="2.575" rotation="1.0769" />
    <Block type="Circle" material="wood" x="-1.498" y="3.9723" rotation="359.8677" />
    <Platform type="Platform" material="" x="-1.4298" y="2.0937" rotation="0.0" scaleX="2.089" scaleY="0.763" />
    <Platform type="Platform" material="" x="-1.4578" y="3.3377" rotation="0.0" scaleX="2.089" scaleY="0.763" />
    <Block type="RectSmall" material="ice" x="-2.837" y="-3.39" rotation="0" />
    <Block type="CircleSmall" material="stone" x="4.2748" y="-3.275" rotation="0" />
    <Block type="Triangle" material="ice" x="-6.4096" y="-3.09" rotation="0" />
  </GameObjects>
</Level>
