<?xml version="1.0" encoding="utf-16"?>
<Level width="2">
  <Camera x="0" y="-1" minWidth="25" maxWidth="35" />
  <Score highScore="0" />
  <Birds>
    <Bird type="BirdRed"/>
  </Birds>
  <Slingshot x="-12.0" y="-2.5" />
  <GameObjects>
    <Pig type="BasicSmall" material="" x="-4.6766" y="-0.5206" rotation="1.0769" />
    <Block type="Circle" material="wood" x="-4.7525" y="0.8767" rotation="359.8677" />
    <Platform type="Platform" material="" x="-4.6844" y="-1.0019" rotation="0.0" scaleX="2.089" scaleY="0.763" />
    <Platform type="Platform" material="" x="-4.7124" y="0.2421" rotation="0.0" scaleX="2.089" scaleY="0.763" />
    <Platform type="Platform" material="" x="0.2908" y="-3.18" rotation="0" scaleX="1.0" scaleY="1.0" />
    <Block type="SquareSmall" material="wood" x="4.5728" y="-3.285" rotation="0" />
    <Block type="RectBig" material="ice" x="1.8654" y="-3.39" rotation="0" />
  </GameObjects>
</Level>
