<?xml version="1.0" encoding="utf-16"?>
<Level width="2">
  <Camera x="0" y="-1" minWidth="25" maxWidth="35" />
  <Score highScore="0" />
  <Birds>
    <Bird type="BirdRed"/>
  </Birds>
  <Slingshot x="-12.0" y="-2.5" />
  <GameObjects>
    <Pig type="BasicSmall" material="" x="1.5022" y="-0.2352" rotation="1.0769" />
    <Block type="Circle" material="wood" x="1.4263" y="1.1621" rotation="359.8677" />
    <Platform type="Platform" material="" x="1.4944" y="-0.7165" rotation="0.0" scaleX="2.089" scaleY="0.763" />
    <Platform type="Platform" material="" x="1.4664" y="0.5275" rotation="0.0" scaleX="2.089" scaleY="0.763" />
    <Block type="TriangleHole" material="stone" x="8.1992" y="-3.09" rotation="0" />
    <Block type="RectTiny" material="ice" x="0.6497" y="-3.39" rotation="0" />
    <Block type="SquareSmall" material="ice" x="3.5149" y="-3.285" rotation="0" />
  </GameObjects>
</Level>
