<?xml version="1.0" encoding="utf-16"?>
<Level width="2">
  <Camera x="0" y="-1" minWidth="25" maxWidth="35" />
  <Score highScore="0" />
  <Birds>
    <Bird type="BirdRed"/>
  </Birds>
  <Slingshot x="-12.0" y="-2.5" />
  <GameObjects>
    <Pig type="BasicSmall" material="" x="-4.7471" y="0.1554" rotation="1.0769" />
    <Block type="Circle" material="wood" x="-4.823" y="1.5527" rotation="359.8677" />
    <Platform type="Platform" material="" x="-4.7548" y="-0.3258" rotation="0.0" scaleX="2.089" scaleY="0.763" />
    <Platform type="Platform" material="" x="-4.7828" y="0.9182" rotation="0.0" scaleX="2.089" scaleY="0.763" />
    <Block type="TriangleHole" material="wood" x="9.0716" y="-3.09" rotation="0" />
    <Block type="Circle" material="wood" x="5.9991" y="-3.1" rotation="0" />
    <Block type="Triangle" material="ice" x="-2.9184" y="-3.09" rotation="0" />
  </GameObjects>
</Level>
