<?xml version="1.0" encoding="utf-16"?>
<Level width="2">
  <Camera x="0" y="-1" minWidth="25" maxWidth="35" />
  <Score highScore="0" />
  <Birds>
    <Bird type="BirdRed"/>
  </Birds>
  <Slingshot x="-12.0" y="-2.5" />
  <GameObjects>
    <Pig type="BasicSmall" material="" x="1.7167" y="0.2959" rotation="1.0769" />
    <Block type="Circle" material="wood" x="1.6408" y="1.6932" rotation="359.8677" />
    <Platform type="Platform" material="" x="1.709" y="-0.1854" rotation="0.0" scaleX="2.089" scaleY="0.763" />
    <Platform type="Platform" material="" x="1.681" y="1.0587" rotation="0.0" scaleX="2.089" scaleY="0.763" />
    <Block type="RectTiny" material="stone" x="-1.1709" y="-3.39" rotation="0" />
    <Block type="Triangle" material="ice" x="-3.7798" y="-3.09" rotation="0" />
    <Platform type="Platform" material="" x="-5.8303" y="-3.18" rotation="0" scaleX="1.0" scaleY="1.0" />
  </GameObjects>
</Level>
