<?xml version="1.0" encoding="utf-16"?>
<Level width="2">
  <Camera x="0" y="-1" minWidth="25" maxWidth="35" />
  <Score highScore="0" />
  <Birds>
    <Bird type="BirdRed"/>
  </Birds>
  <Slingshot x="-12.0" y="-2.5" />
  <GameObjects>
    <Pig type="BasicSmall" material="" x="-3.4935" y="-0.4446" rotation="1.0769" />
    <Block type="Circle" material="wood" x="-3.5694" y="0.9526" rotation="359.8677" />
    <Platform type="Platform" material="" x="-3.5012" y="-0.9259" rotation="0.0" scaleX="2.089" scaleY="0.763" />
    <Platform type="Platform" material="" x="-3.5292" y="0.3181" rotation="0.0" scaleX="2.089" scaleY="0.763" />
    <Block type="RectSmall" material="stone" x="-8.4485" y="-3.39" rotation="0" />
    <Block type="RectSmall" material="ice" x="7.8335" y="-3.39" rotation="0" />
    <Block type="RectFat" material="ice" x="5.605" y="-3.285" rotation="0" />
  </GameObjects>
</Level>
