<?xml version="1.0" encoding="utf-16"?>
<Level width="2">
  <Camera x="0" y="-1" minWidth="25" maxWidth="35" />
  <Score highScore="0" />
  <Birds>
    <Bird type="BirdRed"/>
  </Birds>
  <Slingshot x="-12.0" y="-2.5" />
  <GameObjects>
    <Pig type="BasicSmall" material="" x="-0.9103" y="0.1755" rotation="1.0769" />
    <Block type="Circle" material="wood" x="-0.9862" y="1.5727" rotation="359.8677" />
    <Platform type="Platform" material="" x="-0.9181" y="-0.3058" rotation="0.0" scaleX="2.089" scaleY="0.763" />
    <Platform type="Platform" material="" x="-0.9461" y="0.9382" rotation="0.0" scaleX="2.089" scaleY="0.763" />
    <Block type="RectFat" material="wood" x="8.1189" y="-3.285" rotation="0" />
    <Block type="CircleSmall" material="ice" x="-0.674" y="-3.275" rotation="0" />
    <Block type="SquareSmall" material="ice" x="-7.2071" y="-3.285" rotation="0" />
  </GameObjects>
</Level>
