<?xml version="1.0" encoding="utf-16"?>
<Level width="2">
  <Camera x="0" y="-1" minWidth="25" maxWidth="35" />
  <Score highScore="0" />
  <Birds>
    <Bird type="BirdRed"/>
  </Birds>
  <Slingshot x="-12.0" y="-2.5" />
  <GameObjects>
    <Pig type="BasicSmall" material="" x="0.6152" y="-1.4234" rotation="1.0769" />
    <Block type="Circle" material="wood" x="0.5394" y="-0.0262" rotation="359.8677" />
    <Platform type="Platform" material="" x="0.6075" y="-1.9047" rotation="0.0" scaleX="2.089" scaleY="0.763" />
    <Platform type="Platform" material="" x="0.5795" y="-0.6607" rotation="0.0" scaleX="2.089" scaleY="0.763" />
    <Block type="RectMedium" material="wood" x="-9.9045" y="-3.39" rotation="0" />
    <Block type="SquareTiny" material="stone" x="-4.3307" y="-3.39" rotation="0" />
    <Block type="RectSmall" material="stone" x="2.1796" y="-3.39" rotation="0" />
  </GameObjects>
</Level>
