<?xml version="1.0" encoding="utf-16"?>
<Level width="2">
  <Camera x="0" y="-1" minWidth="25" maxWidth="35" />
  <Score highScore="0" />
  <Birds>
    <Bird type="BirdRed"/>
  </Birds>
  <Slingshot x="-12.0" y="-2.5" />
  <GameObjects>
    <Pig type="BasicSmall" material="" x="-3.0102" y="-1.0188" rotation="1.0769" />
    <Block type="Circle" material="wood" x="-3.0861" y="0.3784" rotation="359.8677" />
    <Platform type="Platform" material="" x="-3.0179" y="-1.5001" rotation="0.0" scaleX="2.089" scaleY="0.763" />
    <Platform type="Platform" material="" x="-3.0459" y="-0.2561" rotation="0.0" scaleX="2.089" scaleY="0.763" />
    <Block type="RectBig" material="wood" x="-0.0104" y="-3.39" rotation="0" />
    <Block type="SquareSmall" material="wood" x="7.6145" y="-3.285" rotation="0" />
    <Block type="RectMedium" material="ice" x="-5.7009" y="-3.39" rotation="0" />
  </GameObjects>
</Level>
