<?xml version="1.0" encoding="utf-16"?>
<Level width="2">
  <Camera x="0" y="-1" minWidth="25" maxWidth="35" />
  <Score highScore="0" />
  <Birds>
    <Bird type="BirdRed"/>
  </Birds>
  <Slingshot x="-12.0" y="-2.5" />
  <GameObjects>
    <Pig type="BasicSmall" material="" x="-4.0189" y="1.2835" rotation="1.0769" />
    <Block type="Circle" material="wood" x="-4.0948" y="2.6808" rotation="359.8677" />
    <Platform type="Platform" material="" x="-4.0267" y="0.8023" rotation="0.0" scaleX="2.089" scaleY="0.763" />
    <Platform type="Platform" material="" x="-4.0547" y="2.0463" rotation="0.0" scaleX="2.089" scaleY="0.763" />
    <Block type="RectFat" material="stone" x="-9.6767" y="-3.285" rotation="0" />
    <Block type="Circle" material="wood" x="8.0472" y="-3.1" rotation="0" />
    <Block type="Triangle" material="wood" x="0.5196" y="-3.09" rotation="0" />
  </GameObjects>
</Level>
