<?xml version="1.0" encoding="utf-16"?>
<Level width="2">
  <Camera x="0" y="-1" minWidth="25" maxWidth="35" />
  <Score highScore="0" />
  <Birds>
    <Bird type="BirdRed"/>
  </Birds>
  <Slingshot x="-12.0" y="-2.5" />
  <GameObjects>
    <Pig type="BasicSmall" material="" x="-1.6031" y="1.7007" rotation="1.0769" />
    <Block type="Circle" material="wood" x="-1.679" y="3.0979" rotation="359.8677" />
    <Platform type="Platform" material="" x="-1.6108" y="1.2194" rotation="0.0" scaleX="2.089" scaleY="0.763" />
    <Platform type="Platform" material="" x="-1.6388" y="2.4634" rotation="0.0" scaleX="2.089" scaleY="0.763" />
    <Block type="RectMedium" material="wood" x="-1.8177" y="-3.39" rotation="0" />
    <Block type="TriangleHole" material="ice" x="2.7466" y="-3.09" rotation="0" />
    <Block type="Circle" material="stone" x="7.1617" y="-3.1" rotation="0" />
  </GameObjects>
</Level>
