<?xml version="1.0" encoding="utf-16"?>
<Level width="2">
  <Camera x="0" y="-1" minWidth="25" maxWidth="35" />
  <Score highScore="0" />
  <Birds>
    <Bird type="BirdRed"/>
  </Birds>
  <Slingshot x="-12.0" y="-2.5" />
  <GameObjects>
    <Pig type="BasicSmall" material="" x="-2.2265" y="0.137" rotation="1.0769" />
    <Block type="Circle" material="wood" x="-2.3024" y="1.5342" rotation="359.8677" />
    <Platform type="Platform" material="" x="-2.2343" y="-0.3443" rotation="0.0" scaleX="2.089" scaleY="0.763" />
    <Platform type="Platform" material="" x="-2.2623" y="0.8997" rotation="0.0" scaleX="2.089" scaleY="0.763" />
    <Block type="RectFat" material="stone" x="-0.7079" y="-3.285" rotation="0" />
    <Block type="Triangle" material="stone" x="4.123" y="-3.09" rotation="0" />
    <Block type="TriangleHole" material="ice" x="8.2783" y="-3.09" rotation="0" />
  </GameObjects>
</Level>
