<?xml version="1.0" encoding="utf-16"?>
<Level width="2">
  <Camera x="0" y="-1" minWidth="25" maxWidth="35" />
  <Score highScore="0" />
  <Birds>
    <Bird type="BirdRed"/>
  </Birds>
  <Slingshot x="-12.0" y="-2.5" />
  <GameObjects>
    <Pig type="BasicSmall" material="" x="-3.8928" y="-0.0921" rotation="1.0769" />
    <Block type="Circle" material="wood" x="-3.9687" y="1.3052" rotation="359.8677" />
    <Platform type="Platform" material="" x="-3.9006" y="-0.5734" rotation="0.0" scaleX="2.089" scaleY="0.763" />
    <Platform type="Platform" material="" x="-3.9286" y="0.6706" rotation="0.0" scaleX="2.089" scaleY="0.763" />
    <Block type="Circle" material="stone" x="-6.552" y="-3.1" rotation="0" />
    <Block type="SquareSmall" material="stone" x="7.1944" y="-3.285" rotation="0" />
    <Block type="RectMedium" material="stone" x="3.8742" y="-3.39" rotation="0" />
  </GameObjects>
</Level>
