<?xml version="1.0" encoding="utf-16"?>
<Level width="2">
  <Camera x="0" y="-1" minWidth="25" maxWidth="35" />
  <Score highScore="0" />
  <Birds>
    <Bird type="BirdRed"/>
  </Birds>
  <Slingshot x="-12.0" y="-2.5" />
  <GameObjects>
    <Pig type="BasicSmall" material="" x="-2.3774" y="-1.7118" rotation="1.0769" />
    <Block type="Circle" material="wood" x="-2.4533" y="-0.3145" rotation="359.8677" />
    <Platform type="Platform" material="" x="-2.3851" y="-2.193" rotation="0.0" scaleX="2.089" scaleY="0.763" />
    <Platform type="Platform" material="" x="-2.4131" y="-0.949" rotation="0.0" scaleX="2.089" scaleY="0.763" />
    <Block type="RectBig" material="stone" x="5.9115" y="-3.39" rotation="0" />
    <Block type="RectTiny" material="stone" x="9.0686" y="-3.39" rotation="0" />
    <Block type="RectBig" material="stone" x="-5.9657" y="-3.39" rotation="0" />
  </GameObjects>
</Level>
