<?xml version="1.0" encoding="utf-16"?>
<Level width="2">
  <Camera x="0" y="-1" minWidth="25" maxWidth="35" />
  <Score highScore="0" />
  <Birds>
    <Bird type="BirdRed"/>
  </Birds>
  <Slingshot x="-12.0" y="-2.5" />
  <GameObjects>
    <Pig type="BasicSmall" material="" x="-1.0917" y="0.4055" rotation="1.0769" />
    <Block type="Circle" material="wood" x="-1.1676" y="1.8028" rotation="359.8677" />
    <Platform type="Platform" material="" x="-1.0994" y="-0.0758" rotation="0.0" scaleX="2.089" scaleY="0.763" />
    <Platform type="Platform" material="" x="-1.1274" y="1.1682" rotation="0.0" scaleX="2.089" scaleY="0.763" />
    <Block type="TriangleHole" material="stone" x="9.2291" y="-3.09" rotation="0" />
    <Block type="Triangle" material="stone" x="-3.5584" y="-3.09" rotation="0" />
    <Block type="SquareHole" material="stone" x="-9.7998" y="-3.08" rotation="0" />
  </GameObjects>
</Level>
