<?xml version="1.0" encoding="utf-16"?>
<Level width="2">
  <Camera x="0" y="-1" minWidth="25" maxWidth="35" />
  <Score highScore="0" />
  <Birds>
    <Bird type="BirdRed"/>
  </Birds>
  <Slingshot x="-12.0" y="-2.5" />
  <GameObjects>
    <Pig type="BasicSmall" material="" x="0.7222" y="1.3572" rotation="1.0769" />
    <Block type="Circle" material="wood" x="0.6463" y="2.7544" rotation="359.8677" />
    <Platform type="Platform" material="" x="0.7145" y="0.8759" rotation="0.0" scaleX="2.089" scaleY="0.763" />
    <Platform type="Platform" material="" x="0.6865" y="2.1199" rotation="0.0" scaleX="2.089" scaleY="0.763" />
    <Block type="Circle" material="stone" x="-2.4281" y="-3.1" rotation="0" />
    <Block type="CircleSmall" material="wood" x="3.323" y="-3.275" rotation="0" />
    <Block type="CircleSmall" material="ice" x="8.2844" y="-3.275" rotation="0" />
  </GameObjects>
</Level>
