<?xml version="1.0" encoding="utf-16"?>
<Level width="2">
  <Camera x="0" y="-1" minWidth="25" maxWidth="35" />
  <Score highScore="0" />
  <Birds>
    <Bird type="BirdRed"/>
  </Birds>
  <Slingshot x="-12.0" y="-2.5" />
  <GameObjects>
    <Pig type="BasicSmall" material="" x="-2.9433" y="3.5802" rotation="1.0769" />
    <Block type="Circle" material="wood" x="-3.0192" y="4.9775" rotation="359.8677" />
    <Platform type="Platform" material="" x="-2.951" y="3.099" rotation="0.0" scaleX="2.089" scaleY="0.763" />
    <Platform type="Platform" material="" x="-2.979" y="4.343" rotation="0.0" scaleX="2.089" scaleY="0.763" />
    <Block type="RectMedium" material="stone" x="5.6048" y="-3.39" rotation="0" />
    <Block type="RectBig" material="wood" x="8.2802" y="-3.39" rotation="0" />
    <Platform type="Platform" material="" x="2.6445" y="-3.18" rotation="0" scaleX="1.0" scaleY="1.0" />
  </GameObjects>
</Level>
