<?xml version="1.0" encoding="utf-16"?>
<Level width="2">
  <Camera x="0" y="-1" minWidth="25" maxWidth="35" />
  <Score highScore="0" />
  <Birds>
    <Bird type="BirdRed"/>
  </Birds>
  <Slingshot x="-12.0" y="-2.5" />
  <GameObjects>
    <Pig type="BasicSmall" material="" x="-3.0286" y="2.2812" rotation="1.0769" />
    <Block type="Circle" material="wood" x="-3.1045" y="3.6785" rotation="359.8677" />
    <Platform type="Platform" material="" x="-3.0364" y="1.7999" rotation="0.0" scaleX="2.089" scaleY="0.763" />
    <Platform type="Platform" material="" x="-3.0644" y="3.0439" rotation="0.0" scaleX="2.089" scaleY="0.763" />
    <Block type="SquareHole" material="wood" x="9.2685" y="-3.08" rotation="0" />
    <Block type="CircleSmall" material="stone" x="1.3878" y="-3.275" rotation="0" />
    <Block type="SquareHole" material="wood" x="6.6536" y="-3.08" rotation="0" />
  </GameObjects>
</Level>
