<?xml version="1.0" encoding="utf-16"?>
<Level width="2">
  <Camera x="0" y="-1" minWidth="25" maxWidth="35" />
  <Score highScore="0" />
  <Birds>
    <Bird type="BirdRed"/>
  </Birds>
  <Slingshot x="-12.0" y="-2.5" />
  <GameObjects>
    <Pig type="BasicSmall" material="" x="-4.9751" y="-1.0604" rotation="1.0769" />
    <Block type="Circle" material="wood" x="-5.051" y="0.3369" rotation="359.8677" />
    <Platform type="Platform" material="" x="-4.9829" y="-1.5417" rotation="0.0" scaleX="2.089" scaleY="0.763" />
    <Platform type="Platform" material="" x="-5.0109" y="-0.2977" rotation="0.0" scaleX="2.089" scaleY="0.763" />
    <Block type="RectSmall" material="wood" x="-6.8999" y="-3.39" rotation="0" />
    <Block type="RectSmall" material="stone" x="8.8684" y="-3.39" rotation="0" />
    <Platform type="Platform" material="" x="-0.8745" y="-3.18" rotation="0" scaleX="1.0" scaleY="1.0" />
  </GameObjects>
</Level>
