<?xml version="1.0" encoding="utf-16"?>
<Level width="2">
  <Camera x="0" y="-1" minWidth="25" maxWidth="35" />
  <Score highScore="0" />
  <Birds>
    <Bird type="BirdRed"/>
  </Birds>
  <Slingshot x="-12.0" y="-2.5" />
  <GameObjects>
    <Pig type="BasicSmall" material="" x="-2.2735" y="3.9838" rotation="1.0769" />
    <Block type="Circle" material="wood" x="-2.3494" y="5.3811" rotation="359.8677" />
    <Platform type="Platform" material="" x="-2.2812" y="3.5026" rotation="0.0" scaleX="2.089" scaleY="0.763" />
    <Platform type="Platform" material="" x="-2.3092" y="4.7466" rotation="0.0" scaleX="2.089" scaleY="0.763" />
    <Platform type="Platform" material="" x="7.9152" y="-3.18" rotation="0" scaleX="1.0" scaleY="1.0" />
    <Block type="RectSmall" material="ice" x="-1.4127" y="-3.39" rotation="0" />
    <Block type="RectFat" material="stone" x="5.7152" y="-3.285" rotation="0" />
  </GameObjects>
</Level>
