<?xml version="1.0" encoding="utf-16"?>
<Level width="2">
  <Camera x="0" y="-1" minWidth="25" maxWidth="35" />
  <Score highScore="0" />
  <Birds>
    <Bird type="BirdRed"/>
  </Birds>
  <Slingshot x="-12.0" y="-2.5" />
  <GameObjects>
    <Pig type="BasicSmall" material="" x="-0.0515" y="-2.1286" rotation="1.0769" />
    <Block type="Circle" material="wood" x="-0.1274" y="-0.7313" rotation="359.8677" />
    <Platform type="Platform" material="" x="-0.0592" y="-2.6099" rotation="0.0" scaleX="2.089" scaleY="0.763" />
    <Platform type="Platform" material="" x="-0.0872" y="-1.3659" rotation="0.0" scaleX="2.089" scaleY="0.763" />
    <Block type="Triangle" material="wood" x="8.7166" y="-3.09" rotation="0" />
    <Block type="Triangle" material="wood" x="3.028" y="-3.09" rotation="0" />
    <Block type="CircleSmall" material="stone" x="5.5481" y="-3.275" rotation="0" />
  </GameObjects>
</Level>
