<?xml version="1.0" encoding="utf-16"?>
<Level width="2">
  <Camera x="0" y="-1" minWidth="25" maxWidth="35" />
  <Score highScore="0" />
  <Birds>
    <Bird type="BirdRed"/>
  </Birds>
  <Slingshot x="-12.0" y="-2.5" />
  <GameObjects>
    <Pig type="BasicSmall" material="" x="0.0213" y="2.684" rotation="1.0769" />
    <Block type="Circle" material="wood" x="-0.0546" y="4.0812" rotation="359.8677" />
    <Platform type="Platform" material="" x="0.0136" y="2.2027" rotation="0.0" scaleX="2.089" scaleY="0.763" />
    <Platform type="Platform" material="" x="-0.0144" y="3.4467" rotation="0.0" scaleX="2.089" scaleY="0.763" />
    <Block type="Circle" material="ice" x="-6.6006" y="-3.1" rotation="0" />
    <Block type="SquareHole" material="wood" x="-9.323" y="-3.08" rotation="0" />
    <Block type="RectBig" material="ice" x="-2.0949" y="-3.39" rotation="0" />
  </GameObjects>
</Level>
