<?xml version="1.0" encoding="utf-16"?>
<Level width="2">
  <Camera x="0" y="-1" minWidth="25" maxWidth="35" />
  <Score highScore="0" />
  <Birds>
    <Bird type="BirdRed"/>
  </Birds>
  <Slingshot x="-12.0" y="-2.5" />
  <GameObjects>
    <Pig type="BasicSmall" material="" x="0.2606" y="-0.9241" rotation="1.0769" />
    <Block type="Circle" material="wood" x="0.1847" y="0.4731" rotation="359.8677" />
    <Platform type="Platform" material="" x="0.2529" y="-1.4054" rotation="0.0" scaleX="2.089" scaleY="0.763" />
    <Platform type="Platform" material="" x="0.2249" y="-0.1614" rotation="0.0" scaleX="2.089" scaleY="0.763" />
    <Block type="TriangleHole" material="ice" x="-3.9172" y="-3.09" rotation="0" />
    <Block type="RectBig" material="wood" x="3.9175" y="-3.39" rotation="0" />
    <Block type="TriangleHole" material="wood" x="-1.058" y="-3.09" rotation="0" />
  </GameObjects>
</Level>
