<?xml version="1.0" encoding="utf-16"?>
<Level width="2">
  <Camera x="0" y="-1" minWidth="25" maxWidth="35" />
  <Score highScore="0" />
  <Birds>
    <Bird type="BirdRed"/>
  </Birds>
  <Slingshot x="-12.0" y="-2.5" />
  <GameObjects>
    <Pig type="BasicSmall" material="" x="1.4945" y="-2.1293" rotation="1.0769" />
    <Platform type="Platform" material="" x="1.4868" y="-2.6106" rotation="0.0" scaleX="2.089" scaleY="0.763" />
    <Platform type="Platform" material="" x="0.5788" y="-2.1406" rotation="90.0" scaleX="2.2311" scaleY="0.763" />
    <Block type="SquareHole" material="stone" x="-6.0937" y="-3.08" rotation="0" />
    <Block type="SquareHole" material="stone" x="5.4166" y="-3.08" rotation="0" />
    <Block type="RectSmall" material="ice" x="-7.9595" y="-3.39" rotation="0" />
  </GameObjects>
</Level>
