<?xml version="1.0" encoding="utf-16"?>
<Level width="2">
  <Camera x="0" y="-1" minWidth="25" maxWidth="35" />
  <Score highScore="0" />
  <Birds>
    <Bird type="BirdRed"/>
  </Birds>
  <Slingshot x="-12.0" y="-2.5" />
  <GameObjects>
    <Pig type="BasicSmall" material="" x="-4.0203" y="-1.1872" rotation="1.0769" />
    <Block type="Circle" material="wood" x="-4.0962" y="0.2101" rotation="359.8677" />
    <Platform type="Platform" material="" x="-4.028" y="-1.6685" rotation="0.0" scaleX="2.089" scaleY="0.763" />
    <Platform type="Platform" material="" x="-4.056" y="-0.4244" rotation="0.0" scaleX="2.089" scaleY="0.763" />
    <Block type="RectBig" material="wood" x="-9.8764" y="-3.39" rotation="0" />
    <Block type="SquareSmall" material="ice" x="0.119" y="-3.285" rotation="0" />
    <Block type="RectBig" material="stone" x="6.685" y="-3.39" rotation="0" />
  </GameObjects>
</Level>
