<?xml version="1.0" encoding="utf-16"?>
<Level width="2">
  <Camera x="0" y="-1" minWidth="25" maxWidth="35" />
  <Score highScore="0" />
  <Birds>
    <Bird type="BirdRed"/>
  </Birds>
  <Slingshot x="-12.0" y="-2.5" />
  <GameObjects>
    <Pig type="BasicSmall" material="" x="-3.8059" y="-0.5917" rotation="1.0769" />
    <Platform type="Platform" material="" x="-3.8136" y="-1.073" rotation="0.0" scaleX="2.089" scaleY="0.763" />
    <Platform type="Platform" material="" x="-4.7216" y="-0.603" rotation="90.0" scaleX="2.2311" scaleY="0.763" />
    <Block type="RectTiny" material="wood" x="-9.2415" y="-3.39" rotation="0" />
    <Block type="SquareHole" material="wood" x="-2.3407" y="-3.08" rotation="0" />
    <Block type="CircleSmall" material="wood" x="3.5941" y="-3.275" rotation="0" />
  </GameObjects>
</Level>
