<?xml version="1.0" encoding="utf-16"?>
<Level width="2">
  <Camera x="0" y="-1" minWidth="25" maxWidth="35" />
  <Score highScore="0" />
  <Birds>
    <Bird type="BirdRed"/>
  </Birds>
  <Slingshot x="-12.0" y="-2.5" />
  <GameObjects>
    <Pig type="BasicSmall" material="" x="3.35" y="1.6177" rotation="1.0769" />
    <Platform type="Platform" material="" x="3.3423" y="1.1365" rotation="0.0" scaleX="2.089" scaleY="0.763" />
    <Platform type="Platform" material="" x="2.4343" y="1.6065" rotation="90.0" scaleX="2.2311" scaleY="0.763" />
    <Block type="Circle" material="ice" x="-2.387" y="-3.1" rotation="0" />
    <Block type="Triangle" material="stone" x="2.424" y="-3.09" rotation="0" />
    <Block type="RectFat" material="ice" x="-9.8842" y="-3.285" rotation="0" />
  </GameObjects>
</Level>
