<?xml version="1.0" encoding="utf-16"?>
<Level width="2">
  <Camera x="0" y="-1" minWidth="25" maxWidth="35" />
  <Score highScore="0" />
  <Birds>
    <Bird type="BirdRed"/>
  </Birds>
  <Slingshot x="-12.0" y="-2.5" />
  <GameObjects>
    <Pig type="BasicSmall" material="" x="-1.6355" y="2.4979" rotation="1.0769" />
    <Block type="Circle" material="wood" x="-1.7114" y="3.8951" rotation="359.8677" />
    <Platform type="Platform" material="" x="-1.6433" y="2.0166" rotation="0.0" scaleX="2.089" scaleY="0.763" />
    <Platform type="Platform" material="" x="-1.6713" y="3.2606" rotation="0.0" scaleX="2.089" scaleY="0.763" />
    <Block type="RectFat" material="stone" x="8.9038" y="-3.285" rotation="0" />
    <Block type="SquareSmall" material="stone" x="0.2022" y="-3.285" rotation="0" />
    <Block type="SquareTiny" material="ice" x="-2.0262" y="-3.39" rotation="0" />
  </GameObjects>
</Level>
