<?xml version="1.0" encoding="utf-16"?>
<Level width="2">
  <Camera x="0" y="-1" minWidth="25" maxWidth="35" />
  <Score highScore="0" />
  <Birds>
    <Bird type="BirdRed"/>
  </Birds>
  <Slingshot x="-12.0" y="-2.5" />
  <GameObjects>
    <Pig type="BasicSmall" material="" x="-4.415" y="0.4236" rotation="1.0769" />
    <Platform type="Platform" material="" x="-4.4228" y="-0.0577" rotation="0.0" scaleX="2.089" scaleY="0.763" />
    <Platform type="Platform" material="" x="-5.3308" y="0.4123" rotation="90.0" scaleX="2.2311" scaleY="0.763" />
    <Block type="SquareTiny" material="ice" x="-8.7699" y="-3.39" rotation="0" />
    <Block type="RectFat" material="stone" x="7.1096" y="-3.285" rotation="0" />
    <Block type="Triangle" material="ice" x="1.3342" y="-3.09" rotation="0" />
  </GameObjects>
</Level>
