<?xml version="1.0" encoding="utf-16"?>
<Level width="2">
  <Camera x="0" y="-1" minWidth="25" maxWidth="35" />
  <Score highScore="0" />
  <Birds>
    <Bird type="BirdRed"/>
  </Birds>
  <Slingshot x="-12.0" y="-2.5" />
  <GameObjects>
    <Pig type="BasicSmall" material="" x="-4.5427" y="3.6877" rotation="1.0769" />
    <Platform type="Platform" material="" x="-4.5505" y="3.2064" rotation="0.0" scaleX="2.089" scaleY="0.763" />
    <Platform type="Platform" material="" x="-5.4585" y="3.6764" rotation="90.0" scaleX="2.2311" scaleY="0.763" />
    <Block type="TriangleHole" material="wood" x="-3.9116" y="-3.09" rotation="0" />
    <Platform type="Platform" material="" x="0.9668" y="-3.18" rotation="0" scaleX="1.0" scaleY="1.0" />
    <Block type="RectMedium" material="wood" x="-1.0511" y="-3.39" rotation="0" />
  </GameObjects>
</Level>
