<?xml version="1.0" encoding="utf-16"?>
<Level width="2">
  <Camera x="0" y="-1" minWidth="25" maxWidth="35" />
  <Score highScore="0" />
  <Birds>
    <Bird type="BirdRed"/>
  </Birds>
  <Slingshot x="-12.0" y="-2.5" />
  <GameObjects>
    <Pig type="BasicSmall" material="" x="-2.1941" y="-0.3554" rotation="1.0769" />
    <Block type="Circle" material="wood" x="-2.27" y="1.0419" rotation="359.8677" />
    <Platform type="Platform" material="" x="-2.2018" y="-0.8366" rotation="0.0" scaleX="2.089" scaleY="0.763" />
    <Platform type="Platform" material="" x="-2.2298" y="0.4074" rotation="0.0" scaleX="2.089" scaleY="0.763" />
    <Block type="SquareTiny" material="ice" x="7.156" y="-3.39" rotation="0" />
    <Block type="Triangle" material="wood" x="-2.2432" y="-3.09" rotation="0" />
    <Block type="SquareHole" material="wood" x="9.0817" y="-3.08" rotation="0" />
  </GameObjects>
</Level>
