<?xml version="1.0" encoding="utf-16"?>
<Level width="2">
  <Camera x="0" y="-1" minWidth="25" maxWidth="35" />
  <Score highScore="0" />
  <Birds>
    <Bird type="BirdRed"/>
  </Birds>
  <Slingshot x="-12.0" y="-2.5" />
  <GameObjects>
    <Pig type="BasicSmall" material="" x="2.7107" y="1.506" rotation="1.0769" />
    <Block type="Circle" material="wood" x="2.6348" y="2.9032" rotation="359.8677" />
    <Platform type="Platform" material="" x="2.703" y="1.0247" rotation="0.0" scaleX="2.089" scaleY="0.763" />
    <Platform type="Platform" material="" x="2.675" y="2.2687" rotation="0.0" scaleX="2.089" scaleY="0.763" />
    <Block type="CircleSmall" material="wood" x="-6.4538" y="-3.275" rotation="0" />
    <Block type="RectSmall" material="wood" x="0.6831" y="-3.39" rotation="0" />
    <Block type="RectFat" material="ice" x="-8.2745" y="-3.285" rotation="0" />
  </GameObjects>
</Level>
