<?xml version="1.0" encoding="utf-16"?>
<Level width="2">
  <Camera x="0" y="-1" minWidth="25" maxWidth="35" />
  <Score highScore="0" />
  <Birds>
    <Bird type="BirdRed"/>
  </Birds>
  <Slingshot x="-12.0" y="-2.5" />
  <GameObjects>
    <Pig type="BasicSmall" material="" x="-6.9197" y="-1.5337" rotation="1.0769" />
    <Block type="Circle" material="wood" x="-6.9956" y="-0.1364" rotation="359.8677" />
    <Platform type="Platform" material="" x="-6.9274" y="-2.015" rotation="0.0" scaleX="2.089" scaleY="0.763" />
    <Platform type="Platform" material="" x="-6.9554" y="-0.771" rotation="0.0" scaleX="2.089" scaleY="0.763" />
    <Block type="RectFat" material="stone" x="-0.4293" y="-3.285" rotation="0" />
    <Block type="RectFat" material="ice" x="6.1691" y="-3.285" rotation="0" />
    <Block type="SquareHole" material="wood" x="-2.967" y="-3.08" rotation="0" />
  </GameObjects>
</Level>
