<?xml version="1.0" encoding="utf-16"?>
<Level width="2">
  <Camera x="0" y="-1" minWidth="25" maxWidth="35" />
  <Score highScore="0" />
  <Birds>
    <Bird type="BirdRed"/>
  </Birds>
  <Slingshot x="-12.0" y="-2.5" />
  <GameObjects>
    <Pig type="BasicSmall" material="" x="-3.6217" y="-1.4046" rotation="1.0769" />
    <Block type="Circle" material="wood" x="-3.6976" y="-0.0073" rotation="359.8677" />
    <Platform type="Platform" material="" x="-3.6294" y="-1.8859" rotation="0.0" scaleX="2.089" scaleY="0.763" />
    <Platform type="Platform" material="" x="-3.6574" y="-0.6419" rotation="0.0" scaleX="2.089" scaleY="0.763" />
    <Block type="RectFat" material="stone" x="-0.0796" y="-3.285" rotation="0" />
    <Platform type="Platform" material="" x="-1.603" y="-3.18" rotation="0" scaleX="1.0" scaleY="1.0" />
    <Block type="Triangle" material="ice" x="-7.131" y="-3.09" rotation="0" />
  </GameObjects>
</Level>
