<?xml version="1.0" encoding="utf-16"?>
<Level width="2">
  <Camera x="0" y="-1" minWidth="25" maxWidth="35" />
  <Score highScore="0" />
  <Birds>
    <Bird type="BirdRed"/>
  </Birds>
  <Slingshot x="-12.0" y="-2.5" />
  <GameObjects>
    <Pig type="BasicSmall" material="" x="-1.4691" y="1.1992" rotation="1.0769" />
    <Platform type="Platform" material="" x="-1.4768" y="0.7179" rotation="0.0" scaleX="2.089" scaleY="0.763" />
    <Platform type="Platform" material="" x="-2.3848" y="1.1879" rotation="90.0" scaleX="2.2311" scaleY="0.763" />
    <Block type="RectTiny" material="stone" x="8.3857" y="-3.39" rotation="0" />
    <Block type="RectTiny" material="ice" x="-7.4549" y="-3.39" rotation="0" />
    <Block type="CircleSmall" material="stone" x="-9.1312" y="-3.275" rotation="0" />
  </GameObjects>
</Level>
