<?xml version="1.0" encoding="utf-16"?>
<Level width="2">
  <Camera x="0" y="-1" minWidth="25" maxWidth="35" />
  <Score highScore="0" />
  <Birds>
    <Bird type="BirdRed"/>
  </Birds>
  <Slingshot x="-12.0" y="-2.5" />
  <GameObjects>
    <Pig type="BasicSmall" material="" x="-2.8073" y="1.911" rotation="1.0769" />
    <Block type="Circle" material="wood" x="-2.8832" y="3.3083" rotation="359.8677" />
    <Platform type="Platform" material="" x="-2.8151" y="1.4297" rotation="0.0" scaleX="2.089" scaleY="0.763" />
    <Platform type="Platform" material="" x="-2.8431" y="2.6738" rotation="0.0" scaleX="2.089" scaleY="0.763" />
    <Block type="Circle" material="stone" x="-1.7683" y="-3.1" rotation="0" />
    <Block type="SquareSmall" material="stone" x="0.6539" y="-3.285" rotation="0" />
    <Block type="RectFat" material="stone" x="4.1181" y="-3.285" rotation="0" />
  </GameObjects>
</Level>
