<?xml version="1.0" encoding="utf-16"?>
<Level width="2">
  <Camera x="0" y="-1" minWidth="25" maxWidth="35" />
  <Score highScore="0" />
  <Birds>
    <Bird type="BirdRed"/>
  </Birds>
  <Slingshot x="-12.0" y="-2.5" />
  <GameObjects>
    <Pig type="BasicSmall" material="" x="-3.9443" y="2.0027" rotation="1.0769" />
    <Block type="Circle" material="wood" x="-4.0202" y="3.3999" rotation="359.8677" />
    <Platform type="Platform" material="" x="-3.9521" y="1.5214" rotation="0.0" scaleX="2.089" scaleY="0.763" />
    <Platform type="Platform" material="" x="-3.9801" y="2.7654" rotation="0.0" scaleX="2.089" scaleY="0.763" />
    <Block type="SquareHole" material="wood" x="5.6246" y="-3.08" rotation="0" />
    <Block type="Triangle" material="stone" x="0.9238" y="-3.09" rotation="0" />
    <Block type="SquareHole" material="stone" x="-5.8931" y="-3.08" rotation="0" />
  </GameObjects>
</Level>
