<?xml version="1.0" encoding="utf-16"?>
<Level width="2">
  <Camera x="0" y="-1" minWidth="25" maxWidth="35" />
  <Score highScore="0" />
  <Birds>
    <Bird type="BirdRed"/>
  </Birds>
  <Slingshot x="-12.0" y="-2.5" />
  <GameObjects>
    <Pig type="BasicSmall" material="" x="-1.2117" y="-1.2044" rotation="1.0769" />
    <Platform type="Platform" material="" x="-1.2195" y="-1.6857" rotation="0.0" scaleX="2.089" scaleY="0.763" />
    <Platform type="Platform" material="" x="-2.1275" y="-1.2157" rotation="90.0" scaleX="2.2311" scaleY="0.763" />
    <Block type="RectFat" material="ice" x="3.2799" y="-3.285" rotation="0" />
    <Block type="Triangle" material="ice" x="1.3277" y="-3.09" rotation="0" />
    <Block type="RectMedium" material="wood" x="8.9379" y="-3.39" rotation="0" />
  </GameObjects>
</Level>
