<?xml version="1.0" encoding="utf-16"?>
<Level width="2">
  <Camera x="0" y="-1" minWidth="25" maxWidth="35" />
  <Score highScore="0" />
  <Birds>
    <Bird type="BirdRed"/>
  </Birds>
  <Slingshot x="-12.0" y="-2.5" />
  <GameObjects>
    <Pig type="BasicSmall" material="" x="-1.0558" y="1.0292" rotation="1.0769" />
    <Platform type="Platform" material="" x="-1.0635" y="0.5479" rotation="0.0" scaleX="2.089" scaleY="0.763" />
    <Platform type="Platform" material="" x="-1.9715" y="1.0179" rotation="90.0" scaleX="2.2311" scaleY="0.763" />
    <Block type="Triangle" material="ice" x="-0.1028" y="-3.09" rotation="0" />
    <Block type="TriangleHole" material="ice" x="-5.1747" y="-3.09" rotation="0" />
    <Block type="Circle" material="ice" x="2.1948" y="-3.1" rotation="0" />
  </GameObjects>
</Level>
