<?xml version="1.0" encoding="utf-16"?>
<Level width="2">
  <Camera x="0" y="-1" minWidth="25" maxWidth="35" />
  <Score highScore="0" />
  <Birds>
    <Bird type="BirdRed"/>
  </Birds>
  <Slingshot x="-12.0" y="-2.5" />
  <GameObjects>
    <Pig type="BasicSmall" material="" x="-1.1139" y="2.1947" rotation="1.0769" />
    <Block type="Circle" material="wood" x="-1.1898" y="3.592" rotation="359.8677" />
    <Platform type="Platform" material="" x="-1.1216" y="1.7135" rotation="0.0" scaleX="2.089" scaleY="0.763" />
    <Platform type="Platform" material="" x="-1.1496" y="2.9575" rotation="0.0" scaleX="2.089" scaleY="0.763" />
    <Block type="SquareHole" material="wood" x="-9.1986" y="-3.08" rotation="0" />
    <Block type="RectFat" material="stone" x="4.9203" y="-3.285" rotation="0" />
    <Block type="RectMedium" material="ice" x="8.7112" y="-3.39" rotation="0" />
  </GameObjects>
</Level>
