<?xml version="1.0" encoding="utf-16"?>
<Level width="2">
  <Camera x="0" y="-1" minWidth="25" maxWidth="35" />
  <Score highScore="0" />
  <Birds>
    <Bird type="BirdRed"/>
  </Birds>
  <Slingshot x="-12.0" y="-2.5" />
  <GameObjects>
    <Pig type="BasicSmall" material="" x="-0.5593" y="-2.0397" rotation="1.0769" />
    <Platform type="Platform" material="" x="-0.5671" y="-2.521" rotation="0.0" scaleX="2.089" scaleY="0.763" />
    <Platform type="Platform" material="" x="-1.4751" y="-2.051" rotation="90.0" scaleX="2.2311" scaleY="0.763" />
    <Block type="RectBig" material="wood" x="-4.255" y="-3.39" rotation="0" />
    <Block type="RectTiny" material="wood" x="2.4806" y="-3.39" rotation="0" />
    <Block type="CircleSmall" material="ice" x="7.1407" y="-3.275" rotation="0" />
  </GameObjects>
</Level>
