<?xml version="1.0" encoding="utf-16"?>
<Level width="2">
  <Camera x="0" y="-1" minWidth="25" maxWidth="35" />
  <Score highScore="0" />
  <Birds>
    <Bird type="BirdRed"/>
  </Birds>
  <Slingshot x="-12.0" y="-2.5" />
  <GameObjects>
    <Pig type="BasicSmall" material="" x="-2.2631" y="0.3779" rotation="1.0769" />
    <Block type="Circle" material="wood" x="-2.339" y="1.7751" rotation="359.8677" />
    <Platform type="Platform" material="" x="-2.2709" y="-0.1034" rotation="0.0" scaleX="2.089" scaleY="0.763" />
    <Platform type="Platform" material="" x="-2.2989" y="1.1406" rotation="0.0" scaleX="2.089" scaleY="0.763" />
    <Block type="SquareHole" material="stone" x="2.5454" y="-3.08" rotation="0" />
    <Block type="RectFat" material="stone" x="5.0334" y="-3.285" rotation="0" />
    <Block type="CircleSmall" material="ice" x="7.3161" y="-3.275" rotation="0" />
  </GameObjects>
</Level>
