<?xml version="1.0" encoding="utf-16"?>
<Level width="2">
  <Camera x="0" y="-1" minWidth="25" maxWidth="35" />
  <Score highScore="0" />
  <Birds>
    <Bird type="BirdRed"/>
  </Birds>
  <Slingshot x="-12.0" y="-2.5" />
  <GameObjects>
    <Pig type="BasicSmall" material="" x="-6.3771" y="-1.5945" rotation="1.0769" />
    <Platform type="Platform" material="" x="-6.3849" y="-2.0757" rotation="0.0" scaleX="2.089" scaleY="0.763" />
    <Platform type="Platform" material="" x="-7.2928" y="-1.6057" rotation="90.0" scaleX="2.2311" scaleY="0.763" />
    <Block type="SquareHole" material="wood" x="8.043" y="-3.08" rotation="0" />
    <Block type="TriangleHole" material="stone" x="1.1598" y="-3.09" rotation="0" />
    <Block type="Circle" material="stone" x="4.8415" y="-3.1" rotation="0" />
  </GameObjects>
</Level>
