<?xml version="1.0" encoding="utf-16"?>
<Level width="2">
  <Camera x="0" y="-1" minWidth="25" maxWidth="35" />
  <Score highScore="0" />
  <Birds>
    <Bird type="BirdRed"/>
  </Birds>
  <Slingshot x="-12.0" y="-2.5" />
  <GameObjects>
    <Pig type="BasicSmall" material="" x="-5.798" y="2.0628" rotation="1.0769" />
    <Platform type="Platform" material="" x="-5.8058" y="1.5816" rotation="0.0" scaleX="2.089" scaleY="0.763" />
    <Platform type="Platform" material="" x="-6.7138" y="2.0516" rotation="90.0" scaleX="2.2311" scaleY="0.763" />
    <Block type="CircleSmall" material="wood" x="-9.2464" y="-3.275" rotation="0" />
    <Block type="RectBig" material="stone" x="5.5407" y="-3.39" rotation="0" />
    <Block type="Triangle" material="stone" x="-5.9375" y="-3.09" rotation="0" />
  </GameObjects>
</Level>
