<?xml version="1.0" encoding="utf-16"?>
<Level width="2">
  <Camera x="0" y="-1" minWidth="25" maxWidth="35" />
  <Score highScore="0" />
  <Birds>
    <Bird type="BirdRed"/>
  </Birds>
  <Slingshot x="-12.0" y="-2.5" />
  <GameObjects>
    <Pig type="BasicSmall" material="" x="-2.8227" y="0.9378" rotation="1.0769" />
    <Platform type="Platform" material="" x="-2.8304" y="0.4565" rotation="0.0" scaleX="2.089" scaleY="0.763" />
    <Platform type="Platform" material="" x="-3.7384" y="0.9265" rotation="90.0" scaleX="2.2311" scaleY="0.763" />
    <Block type="RectFat" material="wood" x="-3.9303" y="-3.285" rotation="0" />
    <Block type="RectMedium" material="wood" x="3.512" y="-3.39" rotation="0" />
    <Platform type="Platform" material="" x="-2.278" y="-3.18" rotation="0" scaleX="1.0" scaleY="1.0" />
  </GameObjects>
</Level>
