<?xml version="1.0" encoding="utf-16"?>
<Level width="2">
  <Camera x="0" y="-1" minWidth="25" maxWidth="35" />
  <Score highScore="0" />
  <Birds>
    <Bird type="BirdRed"/>
  </Birds>
  <Slingshot x="-12.0" y="-2.5" />
  <GameObjects>
    <Pig type="BasicSmall" material="" x="-6.3906" y="-0.5516" rotation="1.0769" />
    <Platform type="Platform" material="" x="-6.3983" y="-1.0328" rotation="0.0" scaleX="2.089" scaleY="0.763" />
    <Platform type="Platform" material="" x="-7.3063" y="-0.5628" rotation="90.0" scaleX="2.2311" scaleY="0.763" />
    <Block type="RectBig" material="stone" x="-1.2031" y="-3.39" rotation="0" />
    <Block type="Triangle" material="ice" x="4.0971" y="-3.09" rotation="0" />
    <Block type="RectFat" material="stone" x="-4.1685" y="-3.285" rotation="0" />
  </GameObjects>
</Level>
