<?xml version="1.0" encoding="utf-16"?>
<Level width="2">
  <Camera x="0" y="-1" minWidth="25" maxWidth="35" />
  <Score highScore="0" />
  <Birds>
    <Bird type="BirdRed"/>
  </Birds>
  <Slingshot x="-12.0" y="-2.5" />
  <GameObjects>
    <Pig type="BasicSmall" material="" x="-2.6062" y="1.4808" rotation="1.0769" />
    <Block type="Circle" material="wood" x="-2.6821" y="2.8781" rotation="359.8677" />
    <Platform type="Platform" material="" x="-2.614" y="0.9996" rotation="0.0" scaleX="2.089" scaleY="0.763" />
    <Platform type="Platform" material="" x="-2.642" y="2.2436" rotation="0.0" scaleX="2.089" scaleY="0.763" />
    <Block type="RectSmall" material="wood" x="6.2301" y="-3.39" rotation="0" />
    <Block type="RectMedium" material="stone" x="1.8976" y="-3.39" rotation="0" />
    <Block type="SquareSmall" material="wood" x="-3.3732" y="-3.285" rotation="0" />
  </GameObjects>
</Level>
