<?xml version="1.0" encoding="utf-16"?>
<Level width="2">
  <Camera x="0" y="-1" minWidth="25" maxWidth="35" />
  <Score highScore="0" />
  <Birds>
    <Bird type="BirdRed"/>
  </Birds>
  <Slingshot x="-12.0" y="-2.5" />
  <GameObjects>
    <Pig type="BasicSmall" material="" x="0.9695" y="-0.7032" rotation="1.0769" />
    <Platform type="Platform" material="" x="0.9618" y="-1.1845" rotation="0.0" scaleX="2.089" scaleY="0.763" />
    <Platform type="Platform" material="" x="0.0538" y="-0.7145" rotation="90.0" scaleX="2.2311" scaleY="0.763" />
    <Block type="TriangleHole" material="stone" x="-4.2285" y="-3.09" rotation="0" />
    <Block type="TriangleHole" material="ice" x="0.7538" y="-3.09" rotation="0" />
    <Block type="Triangle" material="stone" x="-1.874" y="-3.09" rotation="0" />
  </GameObjects>
</Level>
