<?xml version="1.0" encoding="utf-16"?>
<Level width="2">
  <Camera x="0" y="-1" minWidth="25" maxWidth="35" />
  <Score highScore="0" />
  <Birds>
    <Bird type="BirdRed"/>
  </Birds>
  <Slingshot x="-12.0" y="-2.5" />
  <GameObjects>
    <Pig type="BasicSmall" material="" x="-3.509" y="2.2453" rotation="1.0769" />
    <Block type="Circle" material="wood" x="-3.5849" y="3.6426" rotation="359.8677" />
    <Platform type="Platform" material="" x="-3.5167" y="1.7641" rotation="0.0" scaleX="2.089" scaleY="0.763" />
    <Platform type="Platform" material="" x="-3.5447" y="3.0081" rotation="0.0" scaleX="2.089" scaleY="0.763" />
    <Block type="CircleSmall" material="stone" x="-3.4825" y="-3.275" rotation="0" />
    <Block type="SquareHole" material="ice" x="-7.34" y="-3.08" rotation="0" />
    <Block type="SquareSmall" material="ice" x="-2.1108" y="-3.285" rotation="0" />
  </GameObjects>
</Level>
