<?xml version="1.0" encoding="utf-16"?>
<Level width="2">
  <Camera x="0" y="-1" minWidth="25" maxWidth="35" />
  <Score highScore="0" />
  <Birds>
    <Bird type="BirdRed"/>
  </Birds>
  <Slingshot x="-12.0" y="-2.5" />
  <GameObjects>
    <Pig type="BasicSmall" material="" x="-5.3825" y="-1.7745" rotation="1.0769" />
    <Block type="Circle" material="wood" x="-5.4584" y="-0.3772" rotation="359.8677" />
    <Platform type="Platform" material="" x="-5.3903" y="-2.2558" rotation="0.0" scaleX="2.089" scaleY="0.763" />
    <Platform type="Platform" material="" x="-5.4183" y="-1.0118" rotation="0.0" scaleX="2.089" scaleY="0.763" />
    <Block type="SquareHole" material="stone" x="-6.6931" y="-3.08" rotation="0" />
    <Block type="RectSmall" material="wood" x="0.8011" y="-3.39" rotation="0" />
    <Block type="RectMedium" material="stone" x="-4.4139" y="-3.39" rotation="0" />
  </GameObjects>
</Level>
