<?xml version="1.0" encoding="utf-16"?>
<Level width="2">
  <Camera x="0" y="-1" minWidth="25" maxWidth="35" />
  <Score highScore="0" />
  <Birds>
    <Bird type="BirdRed"/>
  </Birds>
  <Slingshot x="-12.0" y="-2.5" />
  <GameObjects>
    <Pig type="BasicSmall" material="" x="-1.3424" y="-1.3291" rotation="1.0769" />
    <Block type="Circle" material="wood" x="-1.4183" y="0.0682" rotation="359.8677" />
    <Platform type="Platform" material="" x="-1.3502" y="-1.8103" rotation="0.0" scaleX="2.089" scaleY="0.763" />
    <Platform type="Platform" material="" x="-1.3782" y="-0.5663" rotation="0.0" scaleX="2.089" scaleY="0.763" />
    <Block type="Circle" material="stone" x="6.1104" y="-3.1" rotation="0" />
    <Block type="RectBig" material="ice" x="2.3982" y="-3.39" rotation="0" />
    <Block type="Triangle" material="ice" x="-6.4444" y="-3.09" rotation="0" />
  </GameObjects>
</Level>
