<?xml version="1.0" encoding="utf-16"?>
<Level width="2">
  <Camera x="0" y="-1" minWidth="25" maxWidth="35" />
  <Score highScore="0" />
  <Birds>
    <Bird type="BirdRed"/>
  </Birds>
  <Slingshot x="-12.0" y="-2.5" />
  <GameObjects>
    <Pig type="BasicSmall" material="" x="1.7685" y="-2.6099" rotation="1.0769" />
    <Platform type="Platform" material="" x="1.7608" y="-3.0911" rotation="0.0" scaleX="2.089" scaleY="0.763" />
    <Platform type="Platform" material="" x="0.8528" y="-2.6211" rotation="90.0" scaleX="2.2311" scaleY="0.763" />
    <Platform type="Platform" material="" x="-1.1554" y="-3.18" rotation="0" scaleX="1.0" scaleY="1.0" />
    <Block type="RectSmall" material="wood" x="-7.5125" y="-3.39" rotation="0" />
    <Block type="SquareSmall" material="wood" x="-2.8542" y="-3.285" rotation="0" />
  </GameObjects>
</Level>
