<?xml version="1.0" encoding="utf-16"?>
<Level width="2">
  <Camera x="0" y="-1" minWidth="25" maxWidth="35" />
  <Score highScore="0" />
  <Birds>
    <Bird type="BirdRed"/>
  </Birds>
  <Slingshot x="-12.0" y="-2.5" />
  <GameObjects>
    <Pig type="BasicSmall" material="" x="-1.8012" y="2.5577" rotation="1.0769" />
    <Block type="Circle" material="wood" x="-1.8771" y="3.9549" rotation="359.8677" />
    <Platform type="Platform" material="" x="-1.8089" y="2.0764" rotation="0.0" scaleX="2.089" scaleY="0.763" />
    <Platform type="Platform" material="" x="-1.8369" y="3.3204" rotation="0.0" scaleX="2.089" scaleY="0.763" />
    <Block type="RectTiny" material="wood" x="5.5851" y="-3.39" rotation="0" />
    <Block type="Triangle" material="wood" x="-8.5981" y="-3.09" rotation="0" />
    <Block type="SquareTiny" material="ice" x="-3.1095" y="-3.39" rotation="0" />
  </GameObjects>
</Level>
