<?xml version="1.0" encoding="utf-16"?>
<Level width="2">
  <Camera x="0" y="-1" minWidth="25" maxWidth="35" />
  <Score highScore="0" />
  <Birds>
    <Bird type="BirdRed"/>
  </Birds>
  <Slingshot x="-12.0" y="-2.5" />
  <GameObjects>
    <Pig type="BasicSmall" material="" x="-0.5868" y="3.475" rotation="1.0769" />
    <Block type="Circle" material="wood" x="-0.6627" y="4.8723" rotation="359.8677" />
    <Platform type="Platform" material="" x="-0.5946" y="2.9937" rotation="0.0" scaleX="2.089" scaleY="0.763" />
    <Platform type="Platform" material="" x="-0.6226" y="4.2377" rotation="0.0" scaleX="2.089" scaleY="0.763" />
    <Block type="RectBig" material="stone" x="8.7347" y="-3.39" rotation="0" />
    <Block type="RectFat" material="wood" x="-7.9642" y="-3.285" rotation="0" />
    <Block type="SquareHole" material="ice" x="3.2909" y="-3.08" rotation="0" />
  </GameObjects>
</Level>
