<?xml version="1.0" encoding="utf-16"?>
<Level width="2">
  <Camera x="0" y="-1" minWidth="25" maxWidth="35" />
  <Score highScore="0" />
  <Birds>
    <Bird type="BirdRed"/>
  </Birds>
  <Slingshot x="-12.0" y="-2.5" />
  <GameObjects>
    <Pig type="BasicSmall" material="" x="-4.9759" y="-2.2341" rotation="1.0769" />
    <Platform type="Platform" material="" x="-4.9836" y="-2.7154" rotation="0.0" scaleX="2.089" scaleY="0.763" />
    <Platform type="Platform" material="" x="-5.8916" y="-2.2454" rotation="90.0" scaleX="2.2311" scaleY="0.763" />
    <Block type="RectTiny" material="wood" x="-1.6975" y="-3.39" rotation="0" />
    <Block type="TriangleHole" material="stone" x="-0.171" y="-3.09" rotation="0" />
    <Block type="TriangleHole" material="wood" x="-9.2461" y="-3.09" rotation="0" />
  </GameObjects>
</Level>
