<?xml version="1.0" encoding="utf-16"?>
<Level width="2">
  <Camera x="0" y="-1" minWidth="25" maxWidth="35" />
  <Score highScore="0" />
  <Birds>
    <Bird type="BirdRed"/>
  </Birds>
  <Slingshot x="-12.0" y="-2.5" />
  <GameObjects>
    <Pig type="BasicSmall" material="" x="-4.4825" y="-0.0478" rotation="1.0769" />
    <Platform type="Platform" material="" x="-4.4902" y="-0.5291" rotation="0.0" scaleX="2.089" scaleY="0.763" />
    <Platform type="Platform" material="" x="-5.3982" y="-0.0591" rotation="90.0" scaleX="2.2311" scaleY="0.763" />
    <Block type="SquareTiny" material="wood" x="-5.7791" y="-3.39" rotation="0" />
    <Block type="SquareSmall" material="wood" x="7.9084" y="-3.285" rotation="0" />
    <Block type="TriangleHole" material="stone" x="9.3125" y="-3.09" rotation="0" />
  </GameObjects>
</Level>
