<?xml version="1.0" encoding="utf-16"?>
<Level width="2">
  <Camera x="0" y="-1" minWidth="25" maxWidth="35" />
  <Score highScore="0" />
  <Birds>
    <Bird type="BirdRed"/>
  </Birds>
  <Slingshot x="-12.0" y="-2.5" />
  <GameObjects>
    <Pig type="BasicSmall" material="" x="-1.4078" y="-2.3652" rotation="1.0769" />
    <Platform type="Platform" material="" x="-1.4155" y="-2.8464" rotation="0.0" scaleX="2.089" scaleY="0.763" />
    <Platform type="Platform" material="" x="-2.3235" y="-2.3764" rotation="90.0" scaleX="2.2311" scaleY="0.763" />
    <Block type="RectSmall" material="ice" x="3.2406" y="-3.39" rotation="0" />
    <Block type="Triangle" material="wood" x="8.1652" y="-3.09" rotation="0" />
    <Block type="RectBig" material="ice" x="0.6066" y="-3.39" rotation="0" />
  </GameObjects>
</Level>
