<?xml version="1.0" encoding="utf-16"?>
<Level width="2">
  <Camera x="0" y="-1" minWidth="25" maxWidth="35" />
  <Score highScore="0" />
  <Birds>
    <Bird type="BirdRed"/>
  </Birds>
  <Slingshot x="-12.0" y="-2.5" />
  <GameObjects>
    <Pig type="BasicSmall" material="" x="1.0796" y="-1.1872" rotation="1.0769" />
    <Block type="Circle" material="wood" x="1.0036" y="0.2101" rotation="359.8677" />
    <Platform type="Platform" material="" x="1.0718" y="-1.6684" rotation="0.0" scaleX="2.089" scaleY="0.763" />
    <Platform type="Platform" material="" x="1.0438" y="-0.4244" rotation="0.0" scaleX="2.089" scaleY="0.763" />
    <Block type="SquareTiny" material="wood" x="7.5376" y="-3.39" rotation="0" />
    <Block type="Triangle" material="ice" x="2.7904" y="-3.09" rotation="0" />
    <Block type="RectMedium" material="wood" x="-9.9371" y="-3.39" rotation="0" />
  </GameObjects>
</Level>
