<?xml version="1.0" encoding="utf-16"?>
<Level width="2">
  <Camera x="0" y="-1" minWidth="25" maxWidth="35" />
  <Score highScore="0" />
  <Birds>
    <Bird type="BirdRed"/>
  </Birds>
  <Slingshot x="-12.0" y="-2.5" />
  <GameObjects>
    <Pig type="BasicSmall" material="" x="-6.4093" y="1.7682" rotation="1.0769" />
    <Platform type="Platform" material="" x="-6.4171" y="1.287" rotation="0.0" scaleX="2.089" scaleY="0.763" />
    <Platform type="Platform" material="" x="-7.3251" y="1.757" rotation="90.0" scaleX="2.2311" scaleY="0.763" />
    <Platform type="Platform" material="" x="2.9378" y="-3.18" rotation="0" scaleX="1.0" scaleY="1.0" />
    <Block type="SquareTiny" material="ice" x="-0.4654" y="-3.39" rotation="0" />
    <Block type="RectBig" material="ice" x="-5.9637" y="-3.39" rotation="0" />
  </GameObjects>
</Level>
