<?xml version="1.0" encoding="utf-16"?>
<Level width="2">
  <Camera x="0" y="-1" minWidth="25" maxWidth="35" />
  <Score highScore="0" />
  <Birds>
    <Bird type="BirdRed"/>
  </Birds>
  <Slingshot x="-12.0" y="-2.5" />
  <GameObjects>
    <Pig type="BasicSmall" material="" x="-2.1661" y="0.4195" rotation="1.0769" />
    <Block type="Circle" material="wood" x="-2.242" y="1.8168" rotation="359.8677" />
    <Platform type="Platform" material="" x="-2.1739" y="-0.0617" rotation="0.0" scaleX="2.089" scaleY="0.763" />
    <Platform type="Platform" material="" x="-2.2019" y="1.1823" rotation="0.0" scaleX="2.089" scaleY="0.763" />
    <Block type="Triangle" material="wood" x="-9.7303" y="-3.09" rotation="0" />
    <Block type="Triangle" material="ice" x="3.6948" y="-3.09" rotation="0" />
    <Block type="SquareTiny" material="wood" x="0.9228" y="-3.39" rotation="0" />
  </GameObjects>
</Level>
