<?xml version="1.0" encoding="utf-16"?>
<Level width="2">
  <Camera x="0" y="-1" minWidth="25" maxWidth="35" />
  <Score highScore="0" />
  <Birds>
    <Bird type="BirdRed"/>
  </Birds>
  <Slingshot x="-12.0" y="-2.5" />
  <GameObjects>
    <Pig type="BasicSmall" material="" x="-2.5014" y="0.5784" rotation="1.0769" />
    <Platform type="Platform" material="" x="-2.5092" y="0.0971" rotation="0.0" scaleX="2.089" scaleY="0.763" />
    <Platform type="Platform" material="" x="-3.4172" y="0.5671" rotation="90.0" scaleX="2.2311" scaleY="0.763" />
    <Block type="SquareHole" material="ice" x="8.8986" y="-3.08" rotation="0" />
    <Block type="CircleSmall" material="wood" x="-9.0524" y="-3.275" rotation="0" />
    <Block type="SquareSmall" material="wood" x="-5.2076" y="-3.285" rotation="0" />
  </GameObjects>
</Level>
