<?xml version="1.0" encoding="utf-16"?>
<Level width="2">
  <Camera x="0" y="-1" minWidth="25" maxWidth="35" />
  <Score highScore="0" />
  <Birds>
    <Bird type="BirdRed"/>
  </Birds>
  <Slingshot x="-12.0" y="-2.5" />
  <GameObjects>
    <Pig type="BasicSmall" material="" x="0.9493" y="-2.4596" rotation="1.0769" />
    <Platform type="Platform" material="" x="0.9415" y="-2.9408" rotation="0.0" scaleX="2.089" scaleY="0.763" />
    <Platform type="Platform" material="" x="0.0335" y="-2.4708" rotation="90.0" scaleX="2.2311" scaleY="0.763" />
    <Block type="RectFat" material="stone" x="-8.6124" y="-3.285" rotation="0" />
    <Block type="TriangleHole" material="ice" x="-5.8599" y="-3.09" rotation="0" />
    <Block type="SquareHole" material="stone" x="3.9859" y="-3.08" rotation="0" />
  </GameObjects>
</Level>
