<?xml version="1.0" encoding="utf-16"?>
<Level width="2">
  <Camera x="0" y="-1" minWidth="25" maxWidth="35" />
  <Score highScore="0" />
  <Birds>
    <Bird type="BirdRed"/>
  </Birds>
  <Slingshot x="-12.0" y="-2.5" />
  <GameObjects>
    <Pig type="BasicSmall" material="" x="-1.0161" y="1.1185" rotation="1.0769" />
    <Block type="Circle" material="wood" x="-1.092" y="2.5158" rotation="359.8677" />
    <Platform type="Platform" material="" x="-1.0239" y="0.6373" rotation="0.0" scaleX="2.089" scaleY="0.763" />
    <Platform type="Platform" material="" x="-1.0519" y="1.8813" rotation="0.0" scaleX="2.089" scaleY="0.763" />
    <Block type="RectSmall" material="ice" x="-1.7183" y="-3.39" rotation="0" />
    <Platform type="Platform" material="" x="-0.1026" y="-3.18" rotation="0" scaleX="1.0" scaleY="1.0" />
    <Block type="SquareTiny" material="wood" x="-5.1553" y="-3.39" rotation="0" />
  </GameObjects>
</Level>
