<?xml version="1.0" encoding="utf-16"?>
<Level width="2">
  <Camera x="0" y="-1" minWidth="25" maxWidth="35" />
  <Score highScore="0" />
  <Birds>
    <Bird type="BirdRed"/>
  </Birds>
  <Slingshot x="-12.0" y="-2.5" />
  <GameObjects>
    <Pig type="BasicSmall" material="" x="-1.5222" y="2.3557" rotation="1.0769" />
    <Platform type="Platform" material="" x="-1.5299" y="1.8744" rotation="0.0" scaleX="2.089" scaleY="0.763" />
    <Platform type="Platform" material="" x="-2.4379" y="2.3444" rotation="90.0" scaleX="2.2311" scaleY="0.763" />
    <Block type="Circle" material="ice" x="1.5063" y="-3.1" rotation="0" />
    <Block type="SquareHole" material="wood" x="-0.4085" y="-3.08" rotation="0" />
    <Block type="Circle" material="ice" x="8.3335" y="-3.1" rotation="0" />
  </GameObjects>
</Level>
