<?xml version="1.0" encoding="utf-16"?>
<Level width="2">
  <Camera x="0" y="-1" minWidth="25" maxWidth="35" />
  <Score highScore="0" />
  <Birds>
    <Bird type="BirdRed"/>
  </Birds>
  <Slingshot x="-12.0" y="-2.5" />
  <GameObjects>
    <Pig type="BasicSmall" material="" x="-6.1222" y="-2.483" rotation="1.0769" />
    <Block type="Circle" material="wood" x="-6.1981" y="-1.0857" rotation="359.8677" />
    <Platform type="Platform" material="" x="-6.13" y="-2.9643" rotation="0.0" scaleX="2.089" scaleY="0.763" />
    <Platform type="Platform" material="" x="-6.158" y="-1.7203" rotation="0.0" scaleX="2.089" scaleY="0.763" />
    <Block type="RectSmall" material="ice" x="2.5753" y="-3.39" rotation="0" />
    <Block type="RectFat" material="stone" x="-3.6341" y="-3.285" rotation="0" />
    <Block type="RectTiny" material="wood" x="0.0325" y="-3.39" rotation="0" />
  </GameObjects>
</Level>
