<?xml version="1.0" encoding="utf-16"?>
<Level width="2">
  <Camera x="0" y="-1" minWidth="25" maxWidth="35" />
  <Score highScore="0" />
  <Birds>
    <Bird type="BirdRed"/>
  </Birds>
  <Slingshot x="-12.0" y="-2.5" />
  <GameObjects>
    <Pig type="BasicSmall" material="" x="-2.8843" y="1.3151" rotation="1.0769" />
    <Block type="Circle" material="wood" x="-2.9602" y="2.7123" rotation="359.8677" />
    <Platform type="Platform" material="" x="-2.8921" y="0.8338" rotation="0.0" scaleX="2.089" scaleY="0.763" />
    <Platform type="Platform" material="" x="-2.9201" y="2.0778" rotation="0.0" scaleX="2.089" scaleY="0.763" />
    <Block type="RectMedium" material="wood" x="-1.8285" y="-3.39" rotation="0" />
    <Block type="CircleSmall" material="stone" x="-8.5382" y="-3.275" rotation="0" />
    <Block type="RectSmall" material="wood" x="5.1851" y="-3.39" rotation="0" />
  </GameObjects>
</Level>
