<?xml version="1.0" encoding="utf-16"?>
<Level width="2">
  <Camera x="0" y="-1" minWidth="25" maxWidth="35" />
  <Score highScore="0" />
  <Birds>
    <Bird type="BirdRed"/>
  </Birds>
  <Slingshot x="-12.0" y="-2.5" />
  <GameObjects>
    <Pig type="BasicSmall" material="" x="-4.9309" y="1.1101" rotation="1.0769" />
    <Platform type="Platform" material="" x="-4.9387" y="0.6288" rotation="0.0" scaleX="2.089" scaleY="0.763" />
    <Platform type="Platform" material="" x="-5.8467" y="1.0988" rotation="90.0" scaleX="2.2311" scaleY="0.763" />
    <Block type="RectMedium" material="wood" x="-9.6454" y="-3.39" rotation="0" />
    <Block type="SquareTiny" material="stone" x="-3.1976" y="-3.39" rotation="0" />
    <Block type="RectFat" material="ice" x="8.4502" y="-3.285" rotation="0" />
  </GameObjects>
</Level>
