<?xml version="1.0" encoding="utf-16"?>
<Level width="2">
  <Camera x="0" y="-1" minWidth="25" maxWidth="35" />
  <Score highScore="0" />
  <Birds>
    <Bird type="BirdRed"/>
  </Birds>
  <Slingshot x="-12.0" y="-2.5" />
  <GameObjects>
    <Pig type="BasicSmall" material="" x="-3.4776" y="1.6029" rotation="1.0769" />
    <Platform type="Platform" material="" x="-3.4854" y="1.1216" rotation="0.0" scaleX="2.089" scaleY="0.763" />
    <Platform type="Platform" material="" x="-4.3934" y="1.5916" rotation="90.0" scaleX="2.2311" scaleY="0.763" />
    <Block type="SquareSmall" material="ice" x="-1.95" y="-3.285" rotation="0" />
    <Block type="SquareSmall" material="stone" x="3.6432" y="-3.285" rotation="0" />
    <Block type="SquareHole" material="stone" x="-5.8943" y="-3.08" rotation="0" />
  </GameObjects>
</Level>
