<?xml version="1.0" encoding="utf-16"?>
<Level width="2">
  <Camera x="0" y="-1" minWidth="25" maxWidth="35" />
  <Score highScore="0" />
  <Birds>
    <Bird type="BirdRed"/>
  </Birds>
  <Slingshot x="-12.0" y="-2.5" />
  <GameObjects>
    <Pig type="BasicSmall" material="" x="-6.5978" y="-1.8284" rotation="1.0769" />
    <Block type="Circle" material="wood" x="-6.6737" y="-0.4311" rotation="359.8677" />
    <Platform type="Platform" material="" x="-6.6056" y="-2.3097" rotation="0.0" scaleX="2.089" scaleY="0.763" />
    <Platform type="Platform" material="" x="-6.6336" y="-1.0656" rotation="0.0" scaleX="2.089" scaleY="0.763" />
    <Block type="TriangleHole" material="stone" x="-9.7113" y="-3.09" rotation="0" />
    <Block type="CircleSmall" material="ice" x="2.3566" y="-3.275" rotation="0" />
    <Block type="RectMedium" material="stone" x="5.7424" y="-3.39" rotation="0" />
  </GameObjects>
</Level>
