<?xml version="1.0" encoding="utf-16"?>
<Level width="2">
  <Camera x="0" y="-1" minWidth="25" maxWidth="35" />
  <Score highScore="0" />
  <Birds>
    <Bird type="BirdRed"/>
  </Birds>
  <Slingshot x="-12.0" y="-2.5" />
  <GameObjects>
    <Pig type="BasicSmall" material="" x="1.2081" y="-2.5704" rotation="1.0769" />
    <Platform type="Platform" material="" x="1.2003" y="-3.0516" rotation="0.0" scaleX="2.089" scaleY="0.763" />
    <Platform type="Platform" material="" x="0.2923" y="-2.5816" rotation="90.0" scaleX="2.2311" scaleY="0.763" />
    <Block type="Circle" material="wood" x="-7.0311" y="-3.1" rotation="0" />
    <Block type="SquareHole" material="ice" x="-2.5435" y="-3.08" rotation="0" />
    <Block type="RectTiny" material="stone" x="8.5234" y="-3.39" rotation="0" />
  </GameObjects>
</Level>
