<?xml version="1.0" encoding="utf-16"?>
<Level width="2">
  <Camera x="0" y="-1" minWidth="25" maxWidth="35" />
  <Score highScore="0" />
  <Birds>
    <Bird type="BirdRed"/>
  </Birds>
  <Slingshot x="-12.0" y="-2.5" />
  <GameObjects>
    <Pig type="BasicSmall" material="" x="-3.4848" y="0.4733" rotation="1.0769" />
    <Block type="Circle" material="wood" x="-3.5607" y="1.8706" rotation="359.8677" />
    <Platform type="Platform" material="" x="-3.4926" y="-0.0079" rotation="0.0" scaleX="2.089" scaleY="0.763" />
    <Platform type="Platform" material="" x="-3.5206" y="1.2361" rotation="0.0" scaleX="2.089" scaleY="0.763" />
    <Platform type="Platform" material="" x="-8.8666" y="-3.18" rotation="0" scaleX="1.0" scaleY="1.0" />
    <Block type="SquareSmall" material="wood" x="3.9183" y="-3.285" rotation="0" />
    <Block type="RectFat" material="stone" x="2.4325" y="-3.285" rotation="0" />
  </GameObjects>
</Level>
