<?xml version="1.0" encoding="utf-16"?>
<Level width="2">
  <Camera x="0" y="-1" minWidth="25" maxWidth="35" />
  <Score highScore="0" />
  <Birds>
    <Bird type="BirdRed"/>
  </Birds>
  <Slingshot x="-12.0" y="-2.5" />
  <GameObjects>
    <Pig type="BasicSmall" material="" x="-6.2211" y="1.9069" rotation="1.0769" />
    <Platform type="Platform" material="" x="-6.2288" y="1.4257" rotation="0.0" scaleX="2.089" scaleY="0.763" />
    <Platform type="Platform" material="" x="-7.1368" y="1.8957" rotation="90.0" scaleX="2.2311" scaleY="0.763" />
    <Block type="RectMedium" material="stone" x="-5.0241" y="-3.39" rotation="0" />
    <Platform type="Platform" material="" x="-9.2968" y="-3.18" rotation="0" scaleX="1.0" scaleY="1.0" />
    <Block type="SquareHole" material="ice" x="-1.1767" y="-3.08" rotation="0" />
  </GameObjects>
</Level>
