<?xml version="1.0" encoding="utf-16"?>
<Level width="2">
  <Camera x="0" y="-1" minWidth="25" maxWidth="35" />
  <Score highScore="0" />
  <Birds>
    <Bird type="BirdRed"/>
  </Birds>
  <Slingshot x="-12.0" y="-2.5" />
  <GameObjects>
    <Pig type="BasicSmall" material="" x="-5.5103" y="1.9319" rotation="1.0769" />
    <Platform type="Platform" material="" x="-5.518" y="1.4506" rotation="0.0" scaleX="2.089" scaleY="0.763" />
    <Platform type="Platform" material="" x="-6.426" y="1.9206" rotation="90.0" scaleX="2.2311" scaleY="0.763" />
    <Block type="TriangleHole" material="ice" x="4.0518" y="-3.09" rotation="0" />
    <Block type="RectSmall" material="wood" x="9.3346" y="-3.39" rotation="0" />
    <Block type="SquareTiny" material="wood" x="-1.5008" y="-3.39" rotation="0" />
  </GameObjects>
</Level>
