<?xml version="1.0" encoding="utf-16"?>
<Level width="2">
  <Camera x="0" y="-1" minWidth="25" maxWidth="35" />
  <Score highScore="0" />
  <Birds>
    <Bird type="BirdRed"/>
  </Birds>
  <Slingshot x="-12.0" y="-2.5" />
  <GameObjects>
    <Pig type="BasicSmall" material="" x="-6.5955" y="-2.4138" rotation="1.0769" />
    <Platform type="Platform" material="" x="-6.6032" y="-2.8951" rotation="0.0" scaleX="2.089" scaleY="0.763" />
    <Platform type="Platform" material="" x="-7.5112" y="-2.4251" rotation="90.0" scaleX="2.2311" scaleY="0.763" />
    <Block type="SquareSmall" material="stone" x="4.5977" y="-3.285" rotation="0" />
    <Block type="TriangleHole" material="wood" x="-2.6364" y="-3.09" rotation="0" />
    <Block type="RectFat" material="stone" x="8.2134" y="-3.285" rotation="0" />
  </GameObjects>
</Level>
