<?xml version="1.0" encoding="utf-16"?>
<Level width="2">
  <Camera x="0" y="-1" minWidth="25" maxWidth="35" />
  <Score highScore="0" />
  <Birds>
    <Bird type="BirdRed"/>
  </Birds>
  <Slingshot x="-12.0" y="-2.5" />
  <GameObjects>
    <Pig type="BasicSmall" material="" x="-0.2053" y="-2.0924" rotation="1.0769" />
    <Block type="Circle" material="wood" x="-0.2812" y="-0.6952" rotation="359.8677" />
    <Platform type="Platform" material="" x="-0.2131" y="-2.5737" rotation="0.0" scaleX="2.089" scaleY="0.763" />
    <Platform type="Platform" material="" x="-0.2411" y="-1.3297" rotation="0.0" scaleX="2.089" scaleY="0.763" />
    <Block type="CircleSmall" material="wood" x="-8.5374" y="-3.275" rotation="0" />
    <Block type="RectSmall" material="stone" x="-3.5686" y="-3.39" rotation="0" />
    <Platform type="Platform" material="" x="-6.7986" y="-3.18" rotation="0" scaleX="1.0" scaleY="1.0" />
  </GameObjects>
</Level>
