<?xml version="1.0" encoding="utf-16"?>
<Level width="2">
  <Camera x="0" y="-1" minWidth="25" maxWidth="35" />
  <Score highScore="0" />
  <Birds>
    <Bird type="BirdRed"/>
  </Birds>
  <Slingshot x="-12.0" y="-2.5" />
  <GameObjects>
    <Pig type="BasicSmall" material="" x="0.0171" y="2.2125" rotation="1.0769" />
    <Block type="Circle" material="wood" x="-0.0588" y="3.6098" rotation="359.8677" />
    <Platform type="Platform" material="" x="0.0094" y="1.7313" rotation="0.0" scaleX="2.089" scaleY="0.763" />
    <Platform type="Platform" material="" x="-0.0186" y="2.9753" rotation="0.0" scaleX="2.089" scaleY="0.763" />
    <Block type="Circle" material="wood" x="-3.2094" y="-3.1" rotation="0" />
    <Platform type="Platform" material="" x="3.7574" y="-3.18" rotation="0" scaleX="1.0" scaleY="1.0" />
    <Block type="Circle" material="stone" x="8.3271" y="-3.1" rotation="0" />
  </GameObjects>
</Level>
