<?xml version="1.0" encoding="utf-16"?>
<Level width="2">
  <Camera x="0" y="-1" minWidth="25" maxWidth="35" />
  <Score highScore="0" />
  <Birds>
    <Bird type="BirdRed"/>
  </Birds>
  <Slingshot x="-12.0" y="-2.5" />
  <GameObjects>
    <Pig type="BasicSmall" material="" x="-3.4478" y="-2.6095" rotation="1.0769" />
    <Block type="Circle" material="wood" x="-3.5237" y="-1.2122" rotation="359.8677" />
    <Platform type="Platform" material="" x="-3.4555" y="-3.0908" rotation="0.0" scaleX="2.089" scaleY="0.763" />
    <Platform type="Platform" material="" x="-3.4835" y="-1.8468" rotation="0.0" scaleX="2.089" scaleY="0.763" />
    <Block type="RectSmall" material="stone" x="5.757" y="-3.39" rotation="0" />
    <Block type="Triangle" material="wood" x="2.6796" y="-3.09" rotation="0" />
    <Block type="SquareHole" material="stone" x="-9.7561" y="-3.08" rotation="0" />
  </GameObjects>
</Level>
