<?xml version="1.0" encoding="utf-16"?>
<Level width="2">
  <Camera x="0" y="-1" minWidth="25" maxWidth="35" />
  <Score highScore="0" />
  <Birds>
    <Bird type="BirdRed"/>
  </Birds>
  <Slingshot x="-12.0" y="-2.5" />
  <GameObjects>
    <Pig type="BasicSmall" material="" x="-4.5057" y="3.8363" rotation="1.0769" />
    <Platform type="Platform" material="" x="-4.5135" y="3.355" rotation="0.0" scaleX="2.089" scaleY="0.763" />
    <Platform type="Platform" material="" x="-5.4215" y="3.825" rotation="90.0" scaleX="2.2311" scaleY="0.763" />
    <Block type="RectSmall" material="stone" x="8.6728" y="-3.39" rotation="0" />
    <Block type="Circle" material="ice" x="2.892" y="-3.1" rotation="0" />
    <Platform type="Platform" material="" x="-0.7811" y="-3.18" rotation="0" scaleX="1.0" scaleY="1.0" />
  </GameObjects>
</Level>
