<?xml version="1.0" encoding="utf-16"?>
<Level width="2">
  <Camera x="0" y="-1" minWidth="25" maxWidth="35" />
  <Score highScore="0" />
  <Birds>
    <Bird type="BirdRed"/>
  </Birds>
  <Slingshot x="-12.0" y="-2.5" />
  <GameObjects>
    <Pig type="BasicSmall" material="" x="-2.2553" y="0.608" rotation="1.0769" />
    <Block type="Circle" material="wood" x="-2.3312" y="2.0052" rotation="359.8677" />
    <Platform type="Platform" material="" x="-2.263" y="0.1267" rotation="0.0" scaleX="2.089" scaleY="0.763" />
    <Platform type="Platform" material="" x="-2.291" y="1.3707" rotation="0.0" scaleX="2.089" scaleY="0.763" />
    <Block type="SquareSmall" material="ice" x="-0.1978" y="-3.285" rotation="0" />
    <Block type="RectTiny" material="wood" x="3.8071" y="-3.39" rotation="0" />
    <Block type="Circle" material="wood" x="6.0897" y="-3.1" rotation="0" />
  </GameObjects>
</Level>
