<?xml version="1.0" encoding="utf-16"?>
<Level width="2">
  <Camera x="0" y="-1" minWidth="25" maxWidth="35" />
  <Score highScore="0" />
  <Birds>
    <Bird type="BirdRed"/>
  </Birds>
  <Slingshot x="-12.0" y="-2.5" />
  <GameObjects>
    <Pig type="BasicSmall" material="" x="-1.7866" y="3.9226" rotation="1.0769" />
    <Platform type="Platform" material="" x="-1.7944" y="3.4413" rotation="0.0" scaleX="2.089" scaleY="0.763" />
    <Platform type="Platform" material="" x="-2.7024" y="3.9113" rotation="90.0" scaleX="2.2311" scaleY="0.763" />
    <Block type="SquareTiny" material="stone" x="3.2399" y="-3.39" rotation="0" />
    <Block type="TriangleHole" material="wood" x="-5.9429" y="-3.09" rotation="0" />
    <Block type="RectSmall" material="ice" x="-9.6095" y="-3.39" rotation="0" />
  </GameObjects>
</Level>
