<?xml version="1.0" encoding="utf-16"?>
<Level width="2">
  <Camera x="0" y="-1" minWidth="25" maxWidth="35" />
  <Score highScore="0" />
  <Birds>
    <Bird type="BirdRed"/>
  </Birds>
  <Slingshot x="-12.0" y="-2.5" />
  <GameObjects>
    <Pig type="BasicSmall" material="" x="-5.9122" y="3.9339" rotation="1.0769" />
    <Platform type="Platform" material="" x="-5.9199" y="3.4527" rotation="0.0" scaleX="2.089" scaleY="0.763" />
    <Platform type="Platform" material="" x="-6.8279" y="3.9227" rotation="90.0" scaleX="2.2311" scaleY="0.763" />
    <Block type="Triangle" material="ice" x="8.476" y="-3.09" rotation="0" />
    <Block type="CircleSmall" material="wood" x="-5.7516" y="-3.275" rotation="0" />
    <Block type="CircleSmall" material="ice" x="1.2392" y="-3.275" rotation="0" />
  </GameObjects>
</Level>
