<?xml version="1.0" encoding="utf-16"?>
<Level width="2">
  <Camera x="0" y="-1" minWidth="25" maxWidth="35" />
  <Score highScore="0" />
  <Birds>
    <Bird type="BirdRed"/>
  </Birds>
  <Slingshot x="-12.0" y="-2.5" />
  <GameObjects>
    <Pig type="BasicSmall" material="" x="-3.6186" y="2.1369" rotation="1.0769" />
    <Platform type="Platform" material="" x="-3.6263" y="1.6556" rotation="0.0" scaleX="2.089" scaleY="0.763" />
    <Platform type="Platform" material="" x="-4.5343" y="2.1256" rotation="90.0" scaleX="2.2311" scaleY="0.763" />
    <Block type="RectBig" material="wood" x="0.5133" y="-3.39" rotation="0" />
    <Block type="CircleSmall" material="wood" x="8.0517" y="-3.275" rotation="0" />
    <Block type="RectFat" material="stone" x="-8.595" y="-3.285" rotation="0" />
  </GameObjects>
</Level>
