<?xml version="1.0" encoding="utf-16"?>
<Level width="2">
  <Camera x="0" y="-1" minWidth="25" maxWidth="35" />
  <Score highScore="0" />
  <Birds>
    <Bird type="BirdRed"/>
  </Birds>
  <Slingshot x="-12.0" y="-2.5" />
  <GameObjects>
    <Pig type="BasicSmall" material="" x="1.1047" y="-1.2158" rotation="1.0769" />
    <Block type="Circle" material="wood" x="1.0288" y="0.1815" rotation="359.8677" />
    <Platform type="Platform" material="" x="1.097" y="-1.697" rotation="0.0" scaleX="2.089" scaleY="0.763" />
    <Platform type="Platform" material="" x="1.069" y="-0.453" rotation="0.0" scaleX="2.089" scaleY="0.763" />
    <Block type="SquareTiny" material="stone" x="0.6972" y="-3.39" rotation="0" />
    <Block type="Circle" material="ice" x="5.1566" y="-3.1" rotation="0" />
    <Platform type="Platform" material="" x="-7.1692" y="-3.18" rotation="0" scaleX="1.0" scaleY="1.0" />
  </GameObjects>
</Level>
