<?xml version="1.0" encoding="utf-16"?>
<Level width="2">
  <Camera x="0" y="-1" minWidth="25" maxWidth="35" />
  <Score highScore="0" />
  <Birds>
    <Bird type="BirdRed"/>
  </Birds>
  <Slingshot x="-12.0" y="-2.5" />
  <GameObjects>
    <Pig type="BasicSmall" material="" x="-4.2774" y="0.4023" rotation="1.0769" />
    <Platform type="Platform" material="" x="-4.2851" y="-0.079" rotation="0.0" scaleX="2.089" scaleY="0.763" />
    <Platform type="Platform" material="" x="-5.1931" y="0.391" rotation="90.0" scaleX="2.2311" scaleY="0.763" />
    <Block type="RectSmall" material="wood" x="8.8151" y="-3.39" rotation="0" />
    <Block type="RectMedium" material="wood" x="0.8802" y="-3.39" rotation="0" />
    <Block type="RectSmall" material="ice" x="3.1845" y="-3.39" rotation="0" />
  </GameObjects>
</Level>
