<?xml version="1.0" encoding="utf-16"?>
<Level width="2">
  <Camera x="0" y="-1" minWidth="25" maxWidth="35" />
  <Score highScore="0" />
  <Birds>
    <Bird type="BirdRed"/>
  </Birds>
  <Slingshot x="-12.0" y="-2.5" />
  <GameObjects>
    <Pig type="BasicSmall" material="" x="-0.1719" y="-1.8201" rotation="1.0769" />
    <Block type="Circle" material="wood" x="-0.2478" y="-0.4228" rotation="359.8677" />
    <Platform type="Platform" material="" x="-0.1796" y="-2.3013" rotation="0.0" scaleX="2.089" scaleY="0.763" />
    <Platform type="Platform" material="" x="-0.2076" y="-1.0573" rotation="0.0" scaleX="2.089" scaleY="0.763" />
    <Block type="RectFat" material="stone" x="-3.078" y="-3.285" rotation="0" />
    <Platform type="Platform" material="" x="1.9745" y="-3.18" rotation="0" scaleX="1.0" scaleY="1.0" />
    <Block type="Circle" material="wood" x="8.9154" y="-3.1" rotation="0" />
  </GameObjects>
</Level>
