<?xml version="1.0" encoding="utf-16"?>
<Level width="2">
  <Camera x="0" y="-1" minWidth="25" maxWidth="35" />
  <Score highScore="0" />
  <Birds>
    <Bird type="BirdRed"/>
  </Birds>
  <Slingshot x="-12.0" y="-2.5" />
  <GameObjects>
    <Pig type="BasicSmall" material="" x="-3.8064" y="1.8728" rotation="1.0769" />
    <Platform type="Platform" material="" x="-3.8141" y="1.3916" rotation="0.0" scaleX="2.089" scaleY="0.763" />
    <Platform type="Platform" material="" x="-4.7221" y="1.8616" rotation="90.0" scaleX="2.2311" scaleY="0.763" />
    <Block type="Circle" material="ice" x="-5.2016" y="-3.1" rotation="0" />
    <Platform type="Platform" material="" x="1.1829" y="-3.18" rotation="0" scaleX="1.0" scaleY="1.0" />
    <Block type="SquareHole" material="ice" x="-1.8588" y="-3.08" rotation="0" />
  </GameObjects>
</Level>
