<?xml version="1.0" encoding="utf-16"?>
<Level width="2">
  <Camera x="0" y="-1" minWidth="25" maxWidth="35" />
  <Score highScore="0" />
  <Birds>
    <Bird type="BirdRed"/>
  </Birds>
  <Slingshot x="-12.0" y="-2.5" />
  <GameObjects>
    <Pig type="BasicSmall" material="" x="0.3525" y="-1.7851" rotation="1.0769" />
    <Platform type="Platform" material="" x="0.3448" y="-2.2664" rotation="0.0" scaleX="2.089" scaleY="0.763" />
    <Platform type="Platform" material="" x="-0.5632" y="-1.7964" rotation="90.0" scaleX="2.2311" scaleY="0.763" />
    <Block type="Circle" material="ice" x="6.6743" y="-3.1" rotation="0" />
    <Block type="SquareSmall" material="stone" x="4.0163" y="-3.285" rotation="0" />
    <Block type="RectMedium" material="stone" x="8.3099" y="-3.39" rotation="0" />
  </GameObjects>
</Level>
