<?xml version="1.0" encoding="utf-16"?>
<Level width="2">
  <Camera x="0" y="-1" minWidth="25" maxWidth="35" />
  <Score highScore="0" />
  <Birds>
    <Bird type="BirdRed"/>
  </Birds>
  <Slingshot x="-12.0" y="-2.5" />
  <GameObjects>
    <Pig type="BasicSmall" material="" x="-3.3687" y="1.2997" rotation="1.0769" />
    <Platform type="Platform" material="" x="-3.3764" y="0.8185" rotation="0.0" scaleX="2.089" scaleY="0.763" />
    <Platform type="Platform" material="" x="-4.2844" y="1.2885" rotation="90.0" scaleX="2.2311" scaleY="0.763" />
    <Block type="CircleSmall" material="stone" x="5.8617" y="-3.275" rotation="0" />
    <Platform type="Platform" material="" x="-4.7055" y="-3.18" rotation="0" scaleX="1.0" scaleY="1.0" />
    <Block type="RectMedium" material="ice" x="-0.0307" y="-3.39" rotation="0" />
  </GameObjects>
</Level>
