<?xml version="1.0" encoding="utf-16"?>
<Level width="2">
  <Camera x="0" y="-1" minWidth="25" maxWidth="35" />
  <Score highScore="0" />
  <Birds>
    <Bird type="BirdRed"/>
  </Birds>
  <Slingshot x="-12.0" y="-2.5" />
  <GameObjects>
    <Pig type="BasicSmall" material="" x="1.4404" y="0.0147" rotation="1.0769" />
    <Block type="Circle" material="wood" x="1.3645" y="1.412" rotation="359.8677" />
    <Platform type="Platform" material="" x="1.4327" y="-0.4666" rotation="0.0" scaleX="2.089" scaleY="0.763" />
    <Platform type="Platform" material="" x="1.4047" y="0.7774" rotation="0.0" scaleX="2.089" scaleY="0.763" />
    <Block type="RectTiny" material="wood" x="-4.9311" y="-3.39" rotation="0" />
    <Platform type="Platform" material="" x="-7.747" y="-3.18" rotation="0" scaleX="1.0" scaleY="1.0" />
    <Block type="RectFat" material="stone" x="-9.3003" y="-3.285" rotation="0" />
  </GameObjects>
</Level>
