<?xml version="1.0" encoding="utf-16"?>
<Level width="2">
  <Camera x="0" y="-1" minWidth="25" maxWidth="35" />
  <Score highScore="0" />
  <Birds>
    <Bird type="BirdRed"/>
  </Birds>
  <Slingshot x="-12.0" y="-2.5" />
  <GameObjects>
    <Pig type="BasicSmall" material="" x="-2.6763" y="-0.815" rotation="1.0769" />
    <Block type="Circle" material="wood" x="-2.7522" y="0.5823" rotation="359.8677" />
    <Platform type="Platform" material="" x="-2.684" y="-1.2963" rotation="0.0" scaleX="2.089" scaleY="0.763" />
    <Platform type="Platform" material="" x="-2.712" y="-0.0523" rotation="0.0" scaleX="2.089" scaleY="0.763" />
    <Block type="TriangleHole" material="stone" x="-8.5287" y="-3.09" rotation="0" />
    <Block type="CircleSmall" material="wood" x="1.9701" y="-3.275" rotation="0" />
    <Block type="SquareSmall" material="wood" x="-0.5262" y="-3.285" rotation="0" />
  </GameObjects>
</Level>
