<?xml version="1.0" encoding="utf-16"?>
<Level width="2">
  <Camera x="0" y="-1" minWidth="25" maxWidth="35" />
  <Score highScore="0" />
  <Birds>
    <Bird type="BirdRed"/>
  </Birds>
  <Slingshot x="-12.0" y="-2.5" />
  <GameObjects>
    <Pig type="BasicSmall" material="" x="-1.1902" y="-0.5984" rotation="1.0769" />
    <Platform type="Platform" material="" x="-1.1979" y="-1.0797" rotation="0.0" scaleX="2.089" scaleY="0.763" />
    <Platform type="Platform" material="" x="-2.1059" y="-0.6097" rotation="90.0" scaleX="2.2311" scaleY="0.763" />
    <Block type="RectFat" material="ice" x="8.343" y="-3.285" rotation="0" />
    <Block type="RectMedium" material="wood" x="1.5155" y="-3.39" rotation="0" />
    <Block type="SquareHole" material="wood" x="5.1654" y="-3.08" rotation="0" />
  </GameObjects>
</Level>
