<?xml version="1.0" encoding="utf-16"?>
<Level width="2">
  <Camera x="0" y="-1" minWidth="25" maxWidth="35" />
  <Score highScore="0" />
  <Birds>
    <Bird type="BirdRed"/>
  </Birds>
  <Slingshot x="-12.0" y="-2.5" />
  <GameObjects>
    <Pig type="BasicSmall" material="" x="0.2944" y="1.5325" rotation="1.0769" />
    <Block type="Circle" material="wood" x="0.2185" y="2.9298" rotation="359.8677" />
    <Platform type="Platform" material="" x="0.2867" y="1.0513" rotation="0.0" scaleX="2.089" scaleY="0.763" />
    <Platform type="Platform" material="" x="0.2587" y="2.2953" rotation="0.0" scaleX="2.089" scaleY="0.763" />
    <Block type="SquareTiny" material="ice" x="-7.6458" y="-3.39" rotation="0" />
    <Block type="SquareHole" material="wood" x="-8.8473" y="-3.08" rotation="0" />
    <Block type="RectTiny" material="ice" x="3.147" y="-3.39" rotation="0" />
  </GameObjects>
</Level>
