<?xml version="1.0" encoding="utf-16"?>
<Level width="2">
  <Camera x="0" y="-1" minWidth="25" maxWidth="35" />
  <Score highScore="0" />
  <Birds>
    <Bird type="BirdRed"/>
  </Birds>
  <Slingshot x="-12.0" y="-2.5" />
  <GameObjects>
    <Pig type="BasicSmall" material="" x="-0.9187" y="-1.343" rotation="1.0769" />
    <Platform type="Platform" material="" x="-0.9264" y="-1.8242" rotation="0.0" scaleX="2.089" scaleY="0.763" />
    <Platform type="Platform" material="" x="-1.8344" y="-1.3542" rotation="90.0" scaleX="2.2311" scaleY="0.763" />
    <Block type="RectTiny" material="ice" x="-0.0398" y="-3.39" rotation="0" />
    <Block type="RectTiny" material="stone" x="8.4007" y="-3.39" rotation="0" />
    <Block type="RectFat" material="stone" x="-9.4106" y="-3.285" rotation="0" />
  </GameObjects>
</Level>
