<?xml version="1.0" encoding="utf-16"?>
<Level width="2">
  <Camera x="0" y="-1" minWidth="25" maxWidth="35" />
  <Score highScore="0" />
  <Birds>
    <Bird type="BirdRed"/>
  </Birds>
  <Slingshot x="-12.0" y="-2.5" />
  <GameObjects>
    <Pig type="BasicSmall" material="" x="-3.9242" y="1.7758" rotation="1.0769" />
    <Platform type="Platform" material="" x="-3.9319" y="1.2946" rotation="0.0" scaleX="2.089" scaleY="0.763" />
    <Platform type="Platform" material="" x="-4.8399" y="1.7646" rotation="90.0" scaleX="2.2311" scaleY="0.763" />
    <Block type="SquareTiny" material="wood" x="9.1463" y="-3.39" rotation="0" />
    <Block type="RectTiny" material="ice" x="6.9544" y="-3.39" rotation="0" />
    <Block type="RectMedium" material="wood" x="5.4278" y="-3.39" rotation="0" />
  </GameObjects>
</Level>
