<?xml version="1.0" encoding="utf-16"?>
<Level width="2">
  <Camera x="0" y="-1" minWidth="25" maxWidth="35" />
  <Score highScore="0" />
  <Birds>
    <Bird type="BirdRed"/>
  </Birds>
  <Slingshot x="-12.0" y="-2.5" />
  <GameObjects>
    <Pig type="BasicSmall" material="" x="-2.6713" y="-0.7225" rotation="1.0769" />
    <Block type="Circle" material="wood" x="-2.7472" y="0.6748" rotation="359.8677" />
    <Platform type="Platform" material="" x="-2.679" y="-1.2037" rotation="0.0" scaleX="2.089" scaleY="0.763" />
    <Platform type="Platform" material="" x="-2.707" y="0.0403" rotation="0.0" scaleX="2.089" scaleY="0.763" />
    <Block type="SquareSmall" material="stone" x="-1.0712" y="-3.285" rotation="0" />
    <Block type="RectMedium" material="wood" x="-3.5138" y="-3.39" rotation="0" />
    <Block type="RectMedium" material="stone" x="7.4361" y="-3.39" rotation="0" />
  </GameObjects>
</Level>
