<?xml version="1.0" encoding="utf-16"?>
<Level width="2">
  <Camera x="0" y="-1" minWidth="25" maxWidth="35" />
  <Score highScore="0" />
  <Birds>
    <Bird type="BirdRed"/>
  </Birds>
  <Slingshot x="-12.0" y="-2.5" />
  <GameObjects>
    <Pig type="BasicSmall" material="" x="-3.7897" y="3.3062" rotation="1.0769" />
    <Block type="Circle" material="wood" x="-3.8656" y="4.7035" rotation="359.8677" />
    <Platform type="Platform" material="" x="-3.7975" y="2.8249" rotation="0.0" scaleX="2.089" scaleY="0.763" />
    <Platform type="Platform" material="" x="-3.8255" y="4.0689" rotation="0.0" scaleX="2.089" scaleY="0.763" />
    <Block type="RectMedium" material="wood" x="-4.1707" y="-3.39" rotation="0" />
    <Block type="RectFat" material="stone" x="4.0655" y="-3.285" rotation="0" />
    <Block type="Triangle" material="wood" x="7.1472" y="-3.09" rotation="0" />
  </GameObjects>
</Level>
