<?xml version="1.0" encoding="utf-16"?>
<Level width="2">
  <Camera x="0" y="-1" minWidth="25" maxWidth="35" />
  <Score highScore="0" />
  <Birds>
    <Bird type="BirdRed"/>
  </Birds>
  <Slingshot x="-12.0" y="-2.5" />
  <GameObjects>
    <Pig type="BasicSmall" material="" x="-0.5671" y="0.1929" rotation="1.0769" />
    <Block type="Circle" material="wood" x="-0.643" y="1.5902" rotation="359.8677" />
    <Platform type="Platform" material="" x="-0.5748" y="-0.2883" rotation="0.0" scaleX="2.089" scaleY="0.763" />
    <Platform type="Platform" material="" x="-0.6028" y="0.9557" rotation="0.0" scaleX="2.089" scaleY="0.763" />
    <Block type="SquareTiny" material="stone" x="-6.8268" y="-3.39" rotation="0" />
    <Platform type="Platform" material="" x="7.7169" y="-3.18" rotation="0" scaleX="1.0" scaleY="1.0" />
    <Block type="SquareTiny" material="ice" x="-4.988" y="-3.39" rotation="0" />
  </GameObjects>
</Level>
