<?xml version="1.0" encoding="utf-16"?>
<Level width="2">
  <Camera x="0" y="-1" minWidth="25" maxWidth="35" />
  <Score highScore="0" />
  <Birds>
    <Bird type="BirdRed"/>
  </Birds>
  <Slingshot x="-12.0" y="-2.5" />
  <GameObjects>
    <Pig type="BasicSmall" material="" x="-1.945" y="-0.0215" rotation="1.0769" />
    <Platform type="Platform" material="" x="-1.9527" y="-0.5028" rotation="0.0" scaleX="2.089" scaleY="0.763" />
    <Platform type="Platform" material="" x="-2.8607" y="-0.0328" rotation="90.0" scaleX="2.2311" scaleY="0.763" />
    <Block type="SquareHole" material="ice" x="4.0747" y="-3.08" rotation="0" />
    <Block type="Triangle" material="stone" x="-7.6096" y="-3.09" rotation="0" />
    <Block type="TriangleHole" material="ice" x="-4.1104" y="-3.09" rotation="0" />
  </GameObjects>
</Level>
