<?xml version="1.0" encoding="utf-16"?>
<Level width="2">
  <Camera x="0" y="-1" minWidth="25" maxWidth="35" />
  <Score highScore="0" />
  <Birds>
    <Bird type="BirdRed"/>
  </Birds>
  <Slingshot x="-12.0" y="-2.5" />
  <GameObjects>
    <Pig type="BasicSmall" material="" x="0.9881" y="-0.9084" rotation="1.0769" />
    <Block type="Circle" material="wood" x="0.9122" y="0.4889" rotation="359.8677" />
    <Platform type="Platform" material="" x="0.9804" y="-1.3896" rotation="0.0" scaleX="2.089" scaleY="0.763" />
    <Platform type="Platform" material="" x="0.9524" y="-0.1456" rotation="0.0" scaleX="2.089" scaleY="0.763" />
    <Block type="SquareSmall" material="ice" x="1.8019" y="-3.285" rotation="0" />
    <Block type="SquareHole" material="wood" x="-4.6198" y="-3.08" rotation="0" />
    <Block type="RectFat" material="stone" x="-2.3394" y="-3.285" rotation="0" />
  </GameObjects>
</Level>
