<?xml version="1.0" encoding="utf-16"?>
<Level width="2">
  <Camera x="0" y="-1" minWidth="25" maxWidth="35" />
  <Score highScore="0" />
  <Birds>
    <Bird type="BirdRed"/>
  </Birds>
  <Slingshot x="-12.0" y="-2.5" />
  <GameObjects>
    <Pig type="BasicSmall" material="" x="-0.9993" y="-0.3024" rotation="1.0769" />
    <Block type="Circle" material="wood" x="-1.0752" y="1.0949" rotation="359.8677" />
    <Platform type="Platform" material="" x="-1.0071" y="-0.7836" rotation="0.0" scaleX="2.089" scaleY="0.763" />
    <Platform type="Platform" material="" x="-1.0351" y="0.4604" rotation="0.0" scaleX="2.089" scaleY="0.763" />
    <Block type="RectSmall" material="wood" x="3.1931" y="-3.39" rotation="0" />
    <Block type="Triangle" material="wood" x="-3.5932" y="-3.09" rotation="0" />
    <Block type="RectBig" material="ice" x="5.6013" y="-3.39" rotation="0" />
  </GameObjects>
</Level>
