<?xml version="1.0" encoding="utf-16"?>
<Level width="2">
  <Camera x="0" y="-1" minWidth="25" maxWidth="35" />
  <Score highScore="0" />
  <Birds>
    <Bird type="BirdRed"/>
  </Birds>
  <Slingshot x="-12.0" y="-2.5" />
  <GameObjects>
    <Pig type="BasicSmall" material="" x="-5.4999" y="3.8114" rotation="1.0769" />
    <Platform type="Platform" material="" x="-5.5076" y="3.3302" rotation="0.0" scaleX="2.089" scaleY="0.763" />
    <Platform type="Platform" material="" x="-6.4156" y="3.8002" rotation="90.0" scaleX="2.2311" scaleY="0.763" />
    <Block type="SquareHole" material="stone" x="-2.3244" y="-3.08" rotation="0" />
    <Block type="Circle" material="ice" x="-4.1686" y="-3.1" rotation="0" />
    <Block type="RectTiny" material="wood" x="9.2359" y="-3.39" rotation="0" />
  </GameObjects>
</Level>
