<?xml version="1.0" encoding="utf-16"?>
<Level width="2">
  <Camera x="0" y="-1" minWidth="25" maxWidth="35" />
  <Score highScore="0" />
  <Birds>
    <Bird type="BirdRed"/>
  </Birds>
  <Slingshot x="-12.0" y="-2.5" />
  <GameObjects>
    <Pig type="BasicSmall" material="" x="1.0582" y="2.6326" rotation="1.0769" />
    <Block type="Circle" material="wood" x="0.9823" y="4.0299" rotation="359.8677" />
    <Platform type="Platform" material="" x="1.0505" y="2.1514" rotation="0.0" scaleX="2.089" scaleY="0.763" />
    <Platform type="Platform" material="" x="1.0225" y="3.3954" rotation="0.0" scaleX="2.089" scaleY="0.763" />
    <Block type="RectFat" material="ice" x="-6.288" y="-3.285" rotation="0" />
    <Block type="Triangle" material="stone" x="1.7484" y="-3.09" rotation="0" />
    <Block type="SquareTiny" material="ice" x="-8.0043" y="-3.39" rotation="0" />
  </GameObjects>
</Level>
