<?xml version="1.0" encoding="utf-16"?>
<Level width="2">
  <Camera x="0" y="-1" minWidth="25" maxWidth="35" />
  <Score highScore="0" />
  <Birds>
    <Bird type="BirdRed"/>
  </Birds>
  <Slingshot x="-12.0" y="-2.5" />
  <GameObjects>
    <Pig type="BasicSmall" material="" x="0.4635" y="1.6891" rotation="1.0769" />
    <Block type="Circle" material="wood" x="0.3876" y="3.0863" rotation="359.8677" />
    <Platform type="Platform" material="" x="0.4558" y="1.2078" rotation="0.0" scaleX="2.089" scaleY="0.763" />
    <Platform type="Platform" material="" x="0.4278" y="2.4518" rotation="0.0" scaleX="2.089" scaleY="0.763" />
    <Platform type="Platform" material="" x="4.3368" y="-3.18" rotation="0" scaleX="1.0" scaleY="1.0" />
    <Block type="SquareHole" material="stone" x="6.7401" y="-3.08" rotation="0" />
    <Block type="TriangleHole" material="wood" x="-9.0861" y="-3.09" rotation="0" />
  </GameObjects>
</Level>
