<?xml version="1.0" encoding="utf-16"?>
<Level width="2">
  <Camera x="0" y="-1" minWidth="25" maxWidth="35" />
  <Score highScore="0" />
  <Birds>
    <Bird type="BirdRed"/>
  </Birds>
  <Slingshot x="-12.0" y="-2.5" />
  <GameObjects>
    <Pig type="BasicSmall" material="" x="-4.046" y="1.8298" rotation="1.0769" />
    <Block type="Circle" material="wood" x="-4.1219" y="3.2271" rotation="359.8677" />
    <Platform type="Platform" material="" x="-4.0537" y="1.3486" rotation="0.0" scaleX="2.089" scaleY="0.763" />
    <Platform type="Platform" material="" x="-4.0817" y="2.5926" rotation="0.0" scaleX="2.089" scaleY="0.763" />
    <Block type="SquareHole" material="stone" x="7.8936" y="-3.08" rotation="0" />
    <Platform type="Platform" material="" x="-4.9696" y="-3.18" rotation="0" scaleX="1.0" scaleY="1.0" />
    <Block type="SquareSmall" material="stone" x="-2.4834" y="-3.285" rotation="0" />
  </GameObjects>
</Level>
