<?xml version="1.0" encoding="utf-16"?>
<Level width="2">
  <Camera x="0" y="-1" minWidth="25" maxWidth="35" />
  <Score highScore="0" />
  <Birds>
    <Bird type="BirdRed"/>
  </Birds>
  <Slingshot x="-12.0" y="-2.5" />
  <GameObjects>
    <Pig type="BasicSmall" material="" x="1.2408" y="0.2738" rotation="1.0769" />
    <Block type="Circle" material="wood" x="1.1649" y="1.6711" rotation="359.8677" />
    <Platform type="Platform" material="" x="1.2331" y="-0.2075" rotation="0.0" scaleX="2.089" scaleY="0.763" />
    <Platform type="Platform" material="" x="1.2051" y="1.0366" rotation="0.0" scaleX="2.089" scaleY="0.763" />
    <Block type="Circle" material="ice" x="0.1435" y="-3.1" rotation="0" />
    <Block type="Circle" material="wood" x="7.1355" y="-3.1" rotation="0" />
    <Block type="SquareTiny" material="stone" x="5.1009" y="-3.39" rotation="0" />
  </GameObjects>
</Level>
