<?xml version="1.0" encoding="utf-16"?>
<Level width="2">
  <Camera x="0" y="-1" minWidth="25" maxWidth="35" />
  <Score highScore="0" />
  <Birds>
    <Bird type="BirdRed"/>
  </Birds>
  <Slingshot x="-12.0" y="-2.5" />
  <GameObjects>
    <Pig type="BasicSmall" material="" x="-0.6625" y="-1.2602" rotation="1.0769" />
    <Block type="Circle" material="wood" x="-0.7384" y="0.1371" rotation="359.8677" />
    <Platform type="Platform" material="" x="-0.6702" y="-1.7414" rotation="0.0" scaleX="2.089" scaleY="0.763" />
    <Platform type="Platform" material="" x="-0.6982" y="-0.4974" rotation="0.0" scaleX="2.089" scaleY="0.763" />
    <Block type="SquareSmall" material="ice" x="-2.5385" y="-3.285" rotation="0" />
    <Block type="SquareTiny" material="ice" x="-8.5336" y="-3.39" rotation="0" />
    <Block type="Circle" material="wood" x="4.9591" y="-3.1" rotation="0" />
  </GameObjects>
</Level>
