<?xml version="1.0" encoding="utf-16"?>
<Level width="2">
  <Camera x="0" y="-1" minWidth="25" maxWidth="35" />
  <Score highScore="0" />
  <Birds>
    <Bird type="BirdRed"/>
  </Birds>
  <Slingshot x="-12.0" y="-2.5" />
  <GameObjects>
    <Pig type="BasicSmall" material="" x="-5.4223" y="-2.7381" rotation="1.0769" />
    <Block type="Circle" material="wood" x="-5.4982" y="-1.3409" rotation="359.8677" />
    <Platform type="Platform" material="" x="-5.4301" y="-3.2194" rotation="0.0" scaleX="2.089" scaleY="0.763" />
    <Platform type="Platform" material="" x="-5.4581" y="-1.9754" rotation="0.0" scaleX="2.089" scaleY="0.763" />
    <Block type="RectTiny" material="ice" x="8.2812" y="-3.39" rotation="0" />
    <Block type="Triangle" material="wood" x="-3.2679" y="-3.09" rotation="0" />
    <Block type="SquareTiny" material="stone" x="-0.4479" y="-3.39" rotation="0" />
  </GameObjects>
</Level>
