<?xml version="1.0" encoding="utf-16"?>
<Level width="2">
  <Camera x="0" y="-1" minWidth="25" maxWidth="35" />
  <Score highScore="0" />
  <Birds>
    <Bird type="BirdRed"/>
  </Birds>
  <Slingshot x="-12.0" y="-2.5" />
  <GameObjects>
    <Pig type="BasicSmall" material="" x="-3.1504" y="0.9343" rotation="1.0769" />
    <Block type="Circle" material="wood" x="-3.2263" y="2.3316" rotation="359.8677" />
    <Platform type="Platform" material="" x="-3.1582" y="0.4531" rotation="0.0" scaleX="2.089" scaleY="0.763" />
    <Platform type="Platform" material="" x="-3.1862" y="1.6971" rotation="0.0" scaleX="2.089" scaleY="0.763" />
    <Block type="CircleSmall" material="ice" x="0.7553" y="-3.275" rotation="0" />
    <Block type="TriangleHole" material="stone" x="-3.5332" y="-3.09" rotation="0" />
    <Block type="RectTiny" material="stone" x="-8.8823" y="-3.39" rotation="0" />
  </GameObjects>
</Level>
