<?xml version="1.0" encoding="utf-16"?>
<Level width="2">
  <Camera x="0" y="-1" minWidth="25" maxWidth="35" />
  <Score highScore="0" />
  <Birds>
    <Bird type="BirdRed"/>
  </Birds>
  <Slingshot x="-12.0" y="-2.5" />
  <GameObjects>
    <Pig type="BasicSmall" material="" x="-0.0431" y="0.5985" rotation="1.0769" />
    <Block type="Circle" material="wood" x="-0.119" y="1.9958" rotation="359.8677" />
    <Platform type="Platform" material="" x="-0.0508" y="0.1173" rotation="0.0" scaleX="2.089" scaleY="0.763" />
    <Platform type="Platform" material="" x="-0.0788" y="1.3613" rotation="0.0" scaleX="2.089" scaleY="0.763" />
    <Block type="RectMedium" material="wood" x="7.5709" y="-3.39" rotation="0" />
    <Block type="SquareTiny" material="wood" x="-0.2592" y="-3.39" rotation="0" />
    <Block type="RectBig" material="stone" x="2.3697" y="-3.39" rotation="0" />
  </GameObjects>
</Level>
