<?xml version="1.0" encoding="utf-16"?>
<Level width="2">
  <Camera x="0" y="-1" minWidth="25" maxWidth="35" />
  <Score highScore="0" />
  <Birds>
    <Bird type="BirdRed"/>
  </Birds>
  <Slingshot x="-12.0" y="-2.5" />
  <GameObjects>
    <Pig type="BasicSmall" material="" x="-0.1234" y="0.9818" rotation="1.0769" />
    <Block type="Circle" material="wood" x="-0.1993" y="2.3791" rotation="359.8677" />
    <Platform type="Platform" material="" x="-0.1311" y="0.5005" rotation="0.0" scaleX="2.089" scaleY="0.763" />
    <Platform type="Platform" material="" x="-0.1592" y="1.7445" rotation="0.0" scaleX="2.089" scaleY="0.763" />
    <Block type="RectMedium" material="ice" x="-3.7367" y="-3.39" rotation="0" />
    <Block type="TriangleHole" material="wood" x="1.1022" y="-3.09" rotation="0" />
    <Block type="Circle" material="stone" x="8.5329" y="-3.1" rotation="0" />
  </GameObjects>
</Level>
