<?xml version="1.0" encoding="utf-16"?>
<Level width="2">
  <Camera x="0" y="-1" minWidth="25" maxWidth="35" />
  <Score highScore="0" />
  <Birds>
    <Bird type="BirdRed"/>
  </Birds>
  <Slingshot x="-12.0" y="-2.5" />
  <GameObjects>
    <Pig type="BasicSmall" material="" x="-3.0339" y="0.5663" rotation="1.0769" />
    <Block type="Circle" material="wood" x="-3.1098" y="1.9635" rotation="359.8677" />
    <Platform type="Platform" material="" x="-3.0417" y="0.085" rotation="0.0" scaleX="2.089" scaleY="0.763" />
    <Platform type="Platform" material="" x="-3.0697" y="1.329" rotation="0.0" scaleX="2.089" scaleY="0.763" />
    <Block type="RectFat" material="wood" x="5.5695" y="-3.285" rotation="0" />
    <Block type="Triangle" material="wood" x="1.1763" y="-3.09" rotation="0" />
    <Block type="TriangleHole" material="ice" x="-6.8525" y="-3.09" rotation="0" />
  </GameObjects>
</Level>
