<?xml version="1.0" encoding="utf-16"?>
<Level width="2">
  <Camera x="0" y="-1" minWidth="25" maxWidth="35" />
  <Score highScore="0" />
  <Birds>
    <Bird type="BirdRed"/>
  </Birds>
  <Slingshot x="-12.0" y="-2.5" />
  <GameObjects>
    <Pig type="BasicSmall" material="" x="-3.8592" y="1.5683" rotation="1.0769" />
    <Block type="Circle" material="wood" x="-3.9351" y="2.9655" rotation="359.8677" />
    <Platform type="Platform" material="" x="-3.867" y="1.087" rotation="0.0" scaleX="2.089" scaleY="0.763" />
    <Platform type="Platform" material="" x="-3.895" y="2.331" rotation="0.0" scaleX="2.089" scaleY="0.763" />
    <Block type="TriangleHole" material="wood" x="1.5953" y="-3.09" rotation="0" />
    <Block type="CircleSmall" material="stone" x="-5.3406" y="-3.275" rotation="0" />
    <Block type="SquareHole" material="stone" x="3.2337" y="-3.08" rotation="0" />
  </GameObjects>
</Level>
