<?xml version="1.0" encoding="utf-16"?>
<Level width="2">
  <Camera x="0" y="-1" minWidth="25" maxWidth="35" />
  <Score highScore="0" />
  <Birds>
    <Bird type="BirdRed"/>
  </Birds>
  <Slingshot x="-12.0" y="-2.5" />
  <GameObjects>
    <Pig type="BasicSmall" material="" x="-0.3551" y="2.2403" rotation="1.0769" />
    <Block type="Circle" material="wood" x="-0.431" y="3.6376" rotation="359.8677" />
    <Platform type="Platform" material="" x="-0.3628" y="1.7591" rotation="0.0" scaleX="2.089" scaleY="0.763" />
    <Platform type="Platform" material="" x="-0.3908" y="3.0031" rotation="0.0" scaleX="2.089" scaleY="0.763" />
    <Block type="SquareSmall" material="stone" x="5.6894" y="-3.285" rotation="0" />
    <Block type="Triangle" material="wood" x="3.1729" y="-3.09" rotation="0" />
    <Block type="CircleSmall" material="stone" x="1.2264" y="-3.275" rotation="0" />
  </GameObjects>
</Level>
