<?xml version="1.0" encoding="utf-16"?>
<Level width="2">
  <Camera x="0" y="-1" minWidth="25" maxWidth="35" />
  <Score highScore="0" />
  <Birds>
    <Bird type="BirdRed"/>
  </Birds>
  <Slingshot x="-12.0" y="-2.5" />
  <GameObjects>
    <Pig type="BasicSmall" material="" x="-0.6994" y="-1.5746" rotation="1.0769" />
    <Block type="Circle" material="wood" x="-0.7753" y="-0.1774" rotation="359.8677" />
    <Platform type="Platform" material="" x="-0.7071" y="-2.0559" rotation="0.0" scaleX="2.089" scaleY="0.763" />
    <Platform type="Platform" material="" x="-0.7351" y="-0.8119" rotation="0.0" scaleX="2.089" scaleY="0.763" />
    <Platform type="Platform" material="" x="2.672" y="-3.18" rotation="0" scaleX="1.0" scaleY="1.0" />
    <Block type="CircleSmall" material="ice" x="-1.7854" y="-3.275" rotation="0" />
    <Block type="SquareHole" material="stone" x="-8.8867" y="-3.08" rotation="0" />
  </GameObjects>
</Level>
