<?xml version="1.0" encoding="utf-16"?>
<Level width="2">
  <Camera x="0" y="-1" minWidth="25" maxWidth="35" />
  <Score highScore="0" />
  <Birds>
    <Bird type="BirdRed"/>
  </Birds>
  <Slingshot x="-12.0" y="-2.5" />
  <GameObjects>
    <Pig type="BasicSmall" material="" x="1.6311" y="0.8696" rotation="1.0769" />
    <Block type="Circle" material="wood" x="1.5552" y="2.2668" rotation="359.8677" />
    <Platform type="Platform" material="" x="1.6234" y="0.3883" rotation="0.0" scaleX="2.089" scaleY="0.763" />
    <Platform type="Platform" material="" x="1.5954" y="1.6323" rotation="0.0" scaleX="2.089" scaleY="0.763" />
    <Block type="Circle" material="stone" x="2.44" y="-3.1" rotation="0" />
    <Block type="RectBig" material="stone" x="-6.8793" y="-3.39" rotation="0" />
    <Block type="SquareTiny" material="wood" x="-1.1829" y="-3.39" rotation="0" />
  </GameObjects>
</Level>
