<?xml version="1.0" encoding="utf-16"?>
<Level width="2">
  <Camera x="0" y="-1" minWidth="25" maxWidth="35" />
  <Score highScore="0" />
  <Birds>
    <Bird type="BirdRed"/>
  </Birds>
  <Slingshot x="-12.0" y="-2.5" />
  <GameObjects>
    <Pig type="BasicSmall" material="" x="-0.6752" y="2.8201" rotation="1.0769" />
    <Block type="Circle" material="wood" x="-0.7511" y="4.2173" rotation="359.8677" />
    <Platform type="Platform" material="" x="-0.683" y="2.3388" rotation="0.0" scaleX="2.089" scaleY="0.763" />
    <Platform type="Platform" material="" x="-0.711" y="3.5828" rotation="0.0" scaleX="2.089" scaleY="0.763" />
    <Block type="SquareTiny" material="wood" x="-4.2127" y="-3.39" rotation="0" />
    <Block type="Circle" material="stone" x="6.0036" y="-3.1" rotation="0" />
    <Block type="RectMedium" material="wood" x="0.9041" y="-3.39" rotation="0" />
  </GameObjects>
</Level>
