<?xml version="1.0" encoding="utf-16"?>
<Level width="2">
  <Camera x="0" y="-1" minWidth="25" maxWidth="35" />
  <Score highScore="0" />
  <Birds>
    <Bird type="BirdRed"/>
  </Birds>
  <Slingshot x="-12.0" y="-2.5" />
  <GameObjects>
    <Pig type="BasicSmall" material="" x="-2.5312" y="-0.5844" rotation="1.0769" />
    <Block type="Circle" material="wood" x="-2.6071" y="0.8129" rotation="359.8677" />
    <Platform type="Platform" material="" x="-2.5389" y="-1.0656" rotation="0.0" scaleX="2.089" scaleY="0.763" />
    <Platform type="Platform" material="" x="-2.5669" y="0.1784" rotation="0.0" scaleX="2.089" scaleY="0.763" />
    <Block type="SquareTiny" material="wood" x="-2.2432" y="-3.39" rotation="0" />
    <Block type="SquareTiny" material="ice" x="-6.2393" y="-3.39" rotation="0" />
    <Block type="Circle" material="ice" x="-7.5808" y="-3.1" rotation="0" />
  </GameObjects>
</Level>
