<?xml version="1.0" encoding="utf-16"?>
<Level width="2">
  <Camera x="0" y="-1" minWidth="25" maxWidth="35" />
  <Score highScore="0" />
  <Birds>
    <Bird type="BirdRed"/>
  </Birds>
  <Slingshot x="-12.0" y="-2.5" />
  <GameObjects>
    <Pig type="BasicSmall" material="" x="-0.8846" y="-1.007" rotation="1.0769" />
    <Block type="Circle" material="wood" x="-0.9605" y="0.3903" rotation="359.8677" />
    <Platform type="Platform" material="" x="-0.8924" y="-1.4882" rotation="0.0" scaleX="2.089" scaleY="0.763" />
    <Platform type="Platform" material="" x="-0.9204" y="-0.2442" rotation="0.0" scaleX="2.089" scaleY="0.763" />
    <Block type="SquareSmall" material="wood" x="-3.1626" y="-3.285" rotation="0" />
    <Block type="SquareHole" material="wood" x="1.3402" y="-3.08" rotation="0" />
    <Block type="RectFat" material="stone" x="-9.4556" y="-3.285" rotation="0" />
  </GameObjects>
</Level>
