<?xml version="1.0" encoding="utf-16"?>
<Level width="2">
  <Camera x="0" y="-1" minWidth="25" maxWidth="35" />
  <Score highScore="0" />
  <Birds>
    <Bird type="BirdRed"/>
  </Birds>
  <Slingshot x="-12.0" y="-2.5" />
  <GameObjects>
    <Pig type="BasicSmall" material="" x="-2.0589" y="-2.5495" rotation="1.0769" />
    <Block type="Circle" material="wood" x="-2.1348" y="-1.1522" rotation="359.8677" />
    <Platform type="Platform" material="" x="-2.0666" y="-3.0308" rotation="0.0" scaleX="2.089" scaleY="0.763" />
    <Platform type="Platform" material="" x="-2.0946" y="-1.7868" rotation="0.0" scaleX="2.089" scaleY="0.763" />
    <Block type="RectMedium" material="ice" x="0.9849" y="-3.39" rotation="0" />
    <Block type="SquareTiny" material="wood" x="-6.6978" y="-3.39" rotation="0" />
    <Block type="CircleSmall" material="wood" x="3.9249" y="-3.275" rotation="0" />
  </GameObjects>
</Level>
