<?xml version="1.0" encoding="utf-16"?>
<Level width="2">
  <Camera x="0" y="-1" minWidth="25" maxWidth="35" />
  <Score highScore="0" />
  <Birds>
    <Bird type="BirdRed"/>
  </Birds>
  <Slingshot x="-12.0" y="-2.5" />
  <GameObjects>
    <Pig type="BasicSmall" material="" x="-2.5138" y="1.5411" rotation="1.0769" />
    <Block type="Circle" material="wood" x="-2.5897" y="2.9384" rotation="359.8677" />
    <Platform type="Platform" material="" x="-2.5216" y="1.0598" rotation="0.0" scaleX="2.089" scaleY="0.763" />
    <Platform type="Platform" material="" x="-2.5496" y="2.3039" rotation="0.0" scaleX="2.089" scaleY="0.763" />
    <Block type="SquareHole" material="ice" x="-0.8447" y="-3.08" rotation="0" />
    <Block type="RectMedium" material="stone" x="5.0567" y="-3.39" rotation="0" />
    <Block type="TriangleHole" material="stone" x="-9.9366" y="-3.09" rotation="0" />
  </GameObjects>
</Level>
