<?xml version="1.0" encoding="utf-16"?>
<Level width="2">
  <Camera x="0" y="-1" minWidth="25" maxWidth="35" />
  <Score highScore="0" />
  <Birds>
    <Bird type="BirdRed"/>
  </Birds>
  <Slingshot x="-12.0" y="-2.5" />
  <GameObjects>
    <Pig type="BasicSmall" material="" x="-3.0676" y="-1.4126" rotation="1.0769" />
    <Block type="Circle" material="wood" x="-3.1435" y="-0.0153" rotation="359.8677" />
    <Platform type="Platform" material="" x="-3.0754" y="-1.8939" rotation="0.0" scaleX="2.089" scaleY="0.763" />
    <Platform type="Platform" material="" x="-3.1034" y="-0.6499" rotation="0.0" scaleX="2.089" scaleY="0.763" />
    <Block type="TriangleHole" material="stone" x="-4.7031" y="-3.09" rotation="0" />
    <Block type="SquareHole" material="stone" x="8.8433" y="-3.08" rotation="0" />
    <Block type="RectBig" material="wood" x="-2.1066" y="-3.39" rotation="0" />
  </GameObjects>
</Level>
