<?xml version="1.0" encoding="utf-16"?>
<Level width="2">
  <Camera x="0" y="-1" minWidth="25" maxWidth="35" />
  <Score highScore="0" />
  <Birds>
    <Bird type="BirdRed"/>
  </Birds>
  <Slingshot x="-12.0" y="-2.5" />
  <GameObjects>
    <Pig type="BasicSmall" material="" x="1.0528" y="0.4434" rotation="1.0769" />
    <Block type="Circle" material="wood" x="0.9769" y="1.8407" rotation="359.8677" />
    <Platform type="Platform" material="" x="1.045" y="-0.0379" rotation="0.0" scaleX="2.089" scaleY="0.763" />
    <Platform type="Platform" material="" x="1.017" y="1.2061" rotation="0.0" scaleX="2.089" scaleY="0.763" />
    <Block type="RectSmall" material="wood" x="-3.5929" y="-3.39" rotation="0" />
    <Block type="TriangleHole" material="stone" x="-1.8349" y="-3.09" rotation="0" />
    <Block type="SquareSmall" material="wood" x="6.8795" y="-3.285" rotation="0" />
  </GameObjects>
</Level>
