<?xml version="1.0" encoding="utf-16"?>
<Level width="2">
  <Camera x="0" y="-1" minWidth="25" maxWidth="35" />
  <Score highScore="0" />
  <Birds>
    <Bird type="BirdRed"/>
  </Birds>
  <Slingshot x="-12.0" y="-2.5" />
  <GameObjects>
    <Pig type="BasicSmall" material="" x="-1.4625" y="1.4002" rotation="1.0769" />
    <Block type="Circle" material="wood" x="-1.5384" y="2.7974" rotation="359.8677" />
    <Platform type="Platform" material="" x="-1.4702" y="0.9189" rotation="0.0" scaleX="2.089" scaleY="0.763" />
    <Platform type="Platform" material="" x="-1.4982" y="2.1629" rotation="0.0" scaleX="2.089" scaleY="0.763" />
    <Block type="RectTiny" material="wood" x="7.9142" y="-3.39" rotation="0" />
    <Block type="RectMedium" material="wood" x="-9.1857" y="-3.39" rotation="0" />
    <Block type="TriangleHole" material="stone" x="-1.7409" y="-3.09" rotation="0" />
  </GameObjects>
</Level>
