<?xml version="1.0" encoding="utf-16"?>
<Level width="2">
  <Camera x="0" y="-1" minWidth="25" maxWidth="35" />
  <Score highScore="0" />
  <Birds>
    <Bird type="BirdRed"/>
  </Birds>
  <Slingshot x="-12.0" y="-2.5" />
  <GameObjects>
    <Pig type="BasicSmall" material="" x="-4.6675" y="-0.5638" rotation="1.0769" />
    <Block type="Circle" material="wood" x="-4.7434" y="0.8334" rotation="359.8677" />
    <Platform type="Platform" material="" x="-4.6752" y="-1.0451" rotation="0.0" scaleX="2.089" scaleY="0.763" />
    <Platform type="Platform" material="" x="-4.7032" y="0.1989" rotation="0.0" scaleX="2.089" scaleY="0.763" />
    <Block type="CircleSmall" material="stone" x="5.1084" y="-3.275" rotation="0" />
    <Block type="SquareTiny" material="stone" x="2.9772" y="-3.39" rotation="0" />
    <Block type="SquareHole" material="wood" x="8.355" y="-3.08" rotation="0" />
  </GameObjects>
</Level>
