<?xml version="1.0" encoding="utf-16"?>
<Level width="2">
  <Camera x="0" y="-1" minWidth="25" maxWidth="35" />
  <Score highScore="0" />
  <Birds>
    <Bird type="BirdRed"/>
  </Birds>
  <Slingshot x="-12.0" y="-2.5" />
  <GameObjects>
    <Pig type="BasicSmall" material="" x="-5.7487" y="-1.3354" rotation="1.0769" />
    <Block type="Circle" material="wood" x="-5.8246" y="0.0619" rotation="359.8677" />
    <Platform type="Platform" material="" x="-5.7565" y="-1.8167" rotation="0.0" scaleX="2.089" scaleY="0.763" />
    <Platform type="Platform" material="" x="-5.7845" y="-0.5727" rotation="0.0" scaleX="2.089" scaleY="0.763" />
    <Block type="SquareHole" material="ice" x="1.9872" y="-3.08" rotation="0" />
    <Block type="SquareSmall" material="ice" x="7.3621" y="-3.285" rotation="0" />
    <Block type="RectSmall" material="wood" x="-4.4734" y="-3.39" rotation="0" />
  </GameObjects>
</Level>
