<?xml version="1.0" encoding="utf-16"?>
<Level width="2">
  <Camera x="0" y="-1" minWidth="25" maxWidth="35" />
  <Score highScore="0" />
  <Birds>
    <Bird type="BirdRed"/>
  </Birds>
  <Slingshot x="-12.0" y="-2.5" />
  <GameObjects>
    <Pig type="BasicSmall" material="" x="-3.712" y="0.6426" rotation="1.0769" />
    <Block type="Circle" material="wood" x="-3.7879" y="2.0398" rotation="359.8677" />
    <Platform type="Platform" material="" x="-3.7198" y="0.1613" rotation="0.0" scaleX="2.089" scaleY="0.763" />
    <Platform type="Platform" material="" x="-3.7478" y="1.4053" rotation="0.0" scaleX="2.089" scaleY="0.763" />
    <Block type="RectTiny" material="ice" x="3.7865" y="-3.39" rotation="0" />
    <Block type="RectSmall" material="stone" x="-1.1065" y="-3.39" rotation="0" />
    <Block type="RectSmall" material="ice" x="9.1702" y="-3.39" rotation="0" />
  </GameObjects>
</Level>
