<?xml version="1.0" encoding="utf-16"?>
<Level width="2">
  <Camera x="0" y="-1" minWidth="25" maxWidth="35" />
  <Score highScore="0" />
  <Birds>
    <Bird type="BirdRed"/>
  </Birds>
  <Slingshot x="-12.0" y="-2.5" />
  <GameObjects>
    <Pig type="BasicSmall" material="" x="-3.9351" y="0.1559" rotation="1.0769" />
    <Block type="Circle" material="wood" x="-4.011" y="1.5532" rotation="359.8677" />
    <Platform type="Platform" material="" x="-3.9429" y="-0.3253" rotation="0.0" scaleX="2.089" scaleY="0.763" />
    <Platform type="Platform" material="" x="-3.9709" y="0.9187" rotation="0.0" scaleX="2.089" scaleY="0.763" />
    <Block type="TriangleHole" material="wood" x="1.9719" y="-3.09" rotation="0" />
    <Block type="RectFat" material="wood" x="6.6552" y="-3.285" rotation="0" />
    <Block type="TriangleHole" material="wood" x="-6.1224" y="-3.09" rotation="0" />
  </GameObjects>
</Level>
