<?xml version="1.0" encoding="utf-16"?>
<Level width="2">
  <Camera x="0" y="-1" minWidth="25" maxWidth="35" />
  <Score highScore="0" />
  <Birds>
    <Bird type="BirdRed"/>
  </Birds>
  <Slingshot x="-12.0" y="-2.5" />
  <GameObjects>
    <Pig type="BasicSmall" material="" x="-2.4481" y="3.2805" rotation="1.0769" />
    <Block type="Circle" material="wood" x="-2.524" y="4.6778" rotation="359.8677" />
    <Platform type="Platform" material="" x="-2.4558" y="2.7993" rotation="0.0" scaleX="2.089" scaleY="0.763" />
    <Platform type="Platform" material="" x="-2.4838" y="4.0433" rotation="0.0" scaleX="2.089" scaleY="0.763" />
    <Block type="RectFat" material="stone" x="4.3414" y="-3.285" rotation="0" />
    <Block type="Circle" material="ice" x="7.3928" y="-3.1" rotation="0" />
    <Block type="SquareTiny" material="wood" x="-0.4955" y="-3.39" rotation="0" />
  </GameObjects>
</Level>
