<?xml version="1.0" encoding="utf-16"?>
<Level width="2">
  <Camera x="0" y="-1" minWidth="25" maxWidth="35" />
  <Score highScore="0" />
  <Birds>
    <Bird type="BirdRed"/>
  </Birds>
  <Slingshot x="-12.0" y="-2.5" />
  <GameObjects>
    <Pig type="BasicSmall" material="" x="-4.0845" y="-1.0145" rotation="1.0769" />
    <Block type="Circle" material="wood" x="-4.1604" y="0.3828" rotation="359.8677" />
    <Platform type="Platform" material="" x="-4.0922" y="-1.4958" rotation="0.0" scaleX="2.089" scaleY="0.763" />
    <Platform type="Platform" material="" x="-4.1202" y="-0.2518" rotation="0.0" scaleX="2.089" scaleY="0.763" />
    <Platform type="Platform" material="" x="-9.2466" y="-3.18" rotation="0" scaleX="1.0" scaleY="1.0" />
    <Block type="TriangleHole" material="ice" x="-0.88" y="-3.09" rotation="0" />
    <Block type="SquareHole" material="stone" x="-5.2924" y="-3.08" rotation="0" />
  </GameObjects>
</Level>
