<?xml version="1.0" encoding="utf-16"?>
<Level width="2">
  <Camera x="0" y="-1" minWidth="25" maxWidth="35" />
  <Score highScore="0" />
  <Birds>
    <Bird type="BirdRed"/>
  </Birds>
  <Slingshot x="-12.0" y="-2.5" />
  <GameObjects>
    <Pig type="BasicSmall" material="" x="-1.3781" y="0.0462" rotation="1.0769" />
    <Block type="Circle" material="wood" x="-1.454" y="1.4435" rotation="359.8677" />
    <Platform type="Platform" material="" x="-1.3858" y="-0.435" rotation="0.0" scaleX="2.089" scaleY="0.763" />
    <Platform type="Platform" material="" x="-1.4138" y="0.809" rotation="0.0" scaleX="2.089" scaleY="0.763" />
    <Block type="SquareHole" material="stone" x="-4.8695" y="-3.08" rotation="0" />
    <Block type="SquareHole" material="wood" x="-0.9706" y="-3.08" rotation="0" />
    <Block type="RectMedium" material="wood" x="-9.6788" y="-3.39" rotation="0" />
  </GameObjects>
</Level>
