<?xml version="1.0" encoding="utf-16"?>
<Level width="2">
  <Camera x="0" y="-1" minWidth="25" maxWidth="35" />
  <Score highScore="0" />
  <Birds>
    <Bird type="BirdRed"/>
  </Birds>
  <Slingshot x="-12.0" y="-2.5" />
  <GameObjects>
    <Pig type="BasicSmall" material="" x="-3.2328" y="-1.9536" rotation="1.0769" />
    <Block type="Circle" material="wood" x="-3.3087" y="-0.5564" rotation="359.8677" />
    <Platform type="Platform" material="" x="-3.2405" y="-2.4349" rotation="0.0" scaleX="2.089" scaleY="0.763" />
    <Platform type="Platform" material="" x="-3.2685" y="-1.1909" rotation="0.0" scaleX="2.089" scaleY="0.763" />
    <Block type="RectSmall" material="ice" x="-7.9815" y="-3.39" rotation="0" />
    <Block type="SquareSmall" material="ice" x="-5.6342" y="-3.285" rotation="0" />
    <Block type="Circle" material="stone" x="-1.3179" y="-3.1" rotation="0" />
  </GameObjects>
</Level>
