<?xml version="1.0" encoding="utf-16"?>
<Level width="2">
  <Camera x="0" y="-1" minWidth="25" maxWidth="35" />
  <Score highScore="0" />
  <Birds>
    <Bird type="BirdRed"/>
  </Birds>
  <Slingshot x="-12.0" y="-2.5" />
  <GameObjects>
    <Pig type="BasicSmall" material="" x="-2.5763" y="2.948" rotation="1.0769" />
    <Block type="Circle" material="wood" x="-2.6522" y="4.3453" rotation="359.8677" />
    <Platform type="Platform" material="" x="-2.584" y="2.4667" rotation="0.0" scaleX="2.089" scaleY="0.763" />
    <Platform type="Platform" material="" x="-2.612" y="3.7107" rotation="0.0" scaleX="2.089" scaleY="0.763" />
    <Block type="RectBig" material="ice" x="5.6503" y="-3.39" rotation="0" />
    <Block type="Triangle" material="stone" x="-3.6736" y="-3.09" rotation="0" />
    <Block type="RectFat" material="stone" x="3.2597" y="-3.285" rotation="0" />
  </GameObjects>
</Level>
