<?xml version="1.0" encoding="utf-16"?>
<Level width="2">
  <Camera x="0" y="-1" minWidth="25" maxWidth="35" />
  <Score highScore="0" />
  <Birds>
    <Bird type="BirdRed"/>
  </Birds>
  <Slingshot x="-12.0" y="-2.5" />
  <GameObjects>
    <Pig type="BasicSmall" material="" x="-3.257" y="-1.0407" rotation="1.0769" />
    <Block type="Circle" material="wood" x="-3.3329" y="0.3566" rotation="359.8677" />
    <Platform type="Platform" material="" x="-3.2647" y="-1.5219" rotation="0.0" scaleX="2.089" scaleY="0.763" />
    <Platform type="Platform" material="" x="-3.2927" y="-0.2779" rotation="0.0" scaleX="2.089" scaleY="0.763" />
    <Block type="RectFat" material="stone" x="2.5185" y="-3.285" rotation="0" />
    <Block type="Circle" material="ice" x="7.0575" y="-3.1" rotation="0" />
    <Block type="Circle" material="ice" x="5.0303" y="-3.1" rotation="0" />
  </GameObjects>
</Level>
