<?xml version="1.0" encoding="utf-16"?>
<Level width="2">
  <Camera x="0" y="-1" minWidth="25" maxWidth="35" />
  <Score highScore="0" />
  <Birds>
    <Bird type="BirdRed"/>
  </Birds>
  <Slingshot x="-12.0" y="-2.5" />
  <GameObjects>
    <Pig type="BasicSmall" material="" x="0.8611" y="2.5975" rotation="1.0769" />
    <Block type="Circle" material="wood" x="0.7852" y="3.9948" rotation="359.8677" />
    <Platform type="Platform" material="" x="0.8534" y="2.1163" rotation="0.0" scaleX="2.089" scaleY="0.763" />
    <Platform type="Platform" material="" x="0.8254" y="3.3603" rotation="0.0" scaleX="2.089" scaleY="0.763" />
    <Block type="RectMedium" material="stone" x="3.6402" y="-3.39" rotation="0" />
    <Block type="SquareTiny" material="stone" x="-5.159" y="-3.39" rotation="0" />
    <Block type="RectBig" material="stone" x="5.9854" y="-3.39" rotation="0" />
  </GameObjects>
</Level>
