<?xml version="1.0" encoding="utf-16"?>
<Level width="2">
  <Camera x="0" y="-1" minWidth="25" maxWidth="35" />
  <Score highScore="0" />
  <Birds>
    <Bird type="BirdRed"/>
  </Birds>
  <Slingshot x="-12.0" y="-2.5" />
  <GameObjects>
    <Pig type="BasicSmall" material="" x="3.5629" y="-0.4613" rotation="1.0769" />
    <Platform type="Platform" material="" x="3.5551" y="-0.9426" rotation="0.0" scaleX="2.089" scaleY="0.763" />
    <Platform type="Platform" material="" x="1.9171" y="-0.3186" rotation="90.0" scaleX="2.3272" scaleY="0.763" />
    <Block type="Triangle" material="wood" x="-0.8619" y="-3.09" rotation="0" />
    <Block type="RectFat" material="stone" x="8.7616" y="-3.285" rotation="0" />
    <Block type="TriangleHole" material="ice" x="6.6802" y="-3.09" rotation="0" />
  </GameObjects>
</Level>
