<?xml version="1.0" encoding="utf-16"?>
<Level width="2">
  <Camera x="0" y="-1" minWidth="25" maxWidth="35" />
  <Score highScore="0" />
  <Birds>
    <Bird type="BirdRed"/>
  </Birds>
  <Slingshot x="-12.0" y="-2.5" />
  <GameObjects>
    <Pig type="BasicSmall" material="" x="-5.7543" y="1.7208" rotation="1.0769" />
    <Platform type="Platform" material="" x="-5.7621" y="1.2395" rotation="0.0" scaleX="2.089" scaleY="0.763" />
    <Platform type="Platform" material="" x="-7.4001" y="1.8635" rotation="90.0" scaleX="2.3272" scaleY="0.763" />
    <Block type="RectTiny" material="ice" x="-1.8545" y="-3.39" rotation="0" />
    <Block type="Triangle" material="stone" x="8.7875" y="-3.09" rotation="0" />
    <Block type="RectMedium" material="ice" x="-9.9037" y="-3.39" rotation="0" />
  </GameObjects>
</Level>
