<?xml version="1.0" encoding="utf-16"?>
<Level width="2">
  <Camera x="0" y="-1" minWidth="25" maxWidth="35" />
  <Score highScore="0" />
  <Birds>
    <Bird type="BirdRed"/>
  </Birds>
  <Slingshot x="-12.0" y="-2.5" />
  <GameObjects>
    <Pig type="BasicSmall" material="" x="3.5849" y="-0.4897" rotation="1.0769" />
    <Platform type="Platform" material="" x="3.5772" y="-0.971" rotation="0.0" scaleX="2.089" scaleY="0.763" />
    <Platform type="Platform" material="" x="1.9392" y="-0.347" rotation="90.0" scaleX="2.3272" scaleY="0.763" />
    <Block type="Triangle" material="ice" x="-8.383" y="-3.09" rotation="0" />
    <Block type="SquareTiny" material="stone" x="3.3662" y="-3.39" rotation="0" />
    <Block type="SquareSmall" material="wood" x="7.997" y="-3.285" rotation="0" />
  </GameObjects>
</Level>
