<?xml version="1.0" encoding="utf-16"?>
<Level width="2">
  <Camera x="0" y="-1" minWidth="25" maxWidth="35" />
  <Score highScore="0" />
  <Birds>
    <Bird type="BirdRed"/>
  </Birds>
  <Slingshot x="-12.0" y="-2.5" />
  <GameObjects>
    <Pig type="BasicSmall" material="" x="-5.9887" y="2.956" rotation="1.0769" />
    <Platform type="Platform" material="" x="-5.9964" y="2.4747" rotation="0.0" scaleX="2.089" scaleY="0.763" />
    <Platform type="Platform" material="" x="-7.6344" y="3.0987" rotation="90.0" scaleX="2.3272" scaleY="0.763" />
    <Block type="RectSmall" material="stone" x="0.024" y="-3.39" rotation="0" />
    <Block type="TriangleHole" material="ice" x="3.4242" y="-3.09" rotation="0" />
    <Block type="RectBig" material="stone" x="-8.1264" y="-3.39" rotation="0" />
  </GameObjects>
</Level>
