<?xml version="1.0" encoding="utf-16"?>
<Level width="2">
  <Camera x="0" y="-1" minWidth="25" maxWidth="35" />
  <Score highScore="0" />
  <Birds>
    <Bird type="BirdRed"/>
  </Birds>
  <Slingshot x="-12.0" y="-2.5" />
  <GameObjects>
    <Pig type="BasicSmall" material="" x="-2.576" y="3.7025" rotation="1.0769" />
    <Platform type="Platform" material="" x="-2.5838" y="3.2212" rotation="0.0" scaleX="2.089" scaleY="0.763" />
    <Platform type="Platform" material="" x="-4.2218" y="3.8452" rotation="90.0" scaleX="2.3272" scaleY="0.763" />
    <Platform type="Platform" material="" x="-9.6274" y="-3.18" rotation="0" scaleX="1.0" scaleY="1.0" />
    <Block type="RectFat" material="stone" x="8.2848" y="-3.285" rotation="0" />
    <Block type="SquareTiny" material="wood" x="4.4304" y="-3.39" rotation="0" />
  </GameObjects>
</Level>
