<?xml version="1.0" encoding="utf-16"?>
<Level width="2">
  <Camera x="0" y="-1" minWidth="25" maxWidth="35" />
  <Score highScore="0" />
  <Birds>
    <Bird type="BirdRed"/>
  </Birds>
  <Slingshot x="-12.0" y="-2.5" />
  <GameObjects>
    <Pig type="BasicSmall" material="" x="-0.3961" y="3.414" rotation="1.0769" />
    <Platform type="Platform" material="" x="-0.4038" y="2.9328" rotation="0.0" scaleX="2.089" scaleY="0.763" />
    <Platform type="Platform" material="" x="-2.0418" y="3.5568" rotation="90.0" scaleX="2.3272" scaleY="0.763" />
    <Block type="Triangle" material="wood" x="-5.6885" y="-3.09" rotation="0" />
    <Block type="RectBig" material="ice" x="5.7623" y="-3.39" rotation="0" />
    <Block type="RectTiny" material="wood" x="-2.1513" y="-3.39" rotation="0" />
  </GameObjects>
</Level>
