<?xml version="1.0" encoding="utf-16"?>
<Level width="2">
  <Camera x="0" y="-1" minWidth="25" maxWidth="35" />
  <Score highScore="0" />
  <Birds>
    <Bird type="BirdRed"/>
  </Birds>
  <Slingshot x="-12.0" y="-2.5" />
  <GameObjects>
    <Pig type="BasicSmall" material="" x="5.5098" y="-2.68" rotation="1.0769" />
    <Platform type="Platform" material="" x="5.502" y="-3.1613" rotation="0.0" scaleX="2.089" scaleY="0.763" />
    <Platform type="Platform" material="" x="3.864" y="-2.5373" rotation="90.0" scaleX="2.3272" scaleY="0.763" />
    <Block type="RectMedium" material="wood" x="-9.5346" y="-3.39" rotation="0" />
    <Block type="RectSmall" material="wood" x="2.0518" y="-3.39" rotation="0" />
    <Block type="CircleSmall" material="stone" x="7.9918" y="-3.275" rotation="0" />
  </GameObjects>
</Level>
