<?xml version="1.0" encoding="utf-16"?>
<Level width="2">
  <Camera x="0" y="-1" minWidth="25" maxWidth="35" />
  <Score highScore="0" />
  <Birds>
    <Bird type="BirdRed"/>
  </Birds>
  <Slingshot x="-12.0" y="-2.5" />
  <GameObjects>
    <Pig type="BasicSmall" material="" x="-6.5884" y="3.4707" rotation="1.0769" />
    <Platform type="Platform" material="" x="-6.5962" y="2.9895" rotation="0.0" scaleX="2.089" scaleY="0.763" />
    <Platform type="Platform" material="" x="-8.2342" y="3.6135" rotation="90.0" scaleX="2.3272" scaleY="0.763" />
    <Block type="RectMedium" material="ice" x="4.6395" y="-3.39" rotation="0" />
    <Block type="TriangleHole" material="ice" x="-6.7877" y="-3.09" rotation="0" />
    <Block type="RectMedium" material="wood" x="-0.299" y="-3.39" rotation="0" />
  </GameObjects>
</Level>
