<?xml version="1.0" encoding="utf-16"?>
<Level width="2">
  <Camera x="0" y="-1" minWidth="25" maxWidth="35" />
  <Score highScore="0" />
  <Birds>
    <Bird type="BirdRed"/>
  </Birds>
  <Slingshot x="-12.0" y="-2.5" />
  <GameObjects>
    <Pig type="BasicSmall" material="" x="1.316" y="2.3685" rotation="1.0769" />
    <Platform type="Platform" material="" x="1.3082" y="1.8873" rotation="0.0" scaleX="2.089" scaleY="0.763" />
    <Platform type="Platform" material="" x="-0.3298" y="2.5113" rotation="90.0" scaleX="2.3272" scaleY="0.763" />
    <Block type="RectMedium" material="wood" x="5.2919" y="-3.39" rotation="0" />
    <Block type="Triangle" material="wood" x="0.7009" y="-3.09" rotation="0" />
    <Block type="TriangleHole" material="stone" x="-7.8874" y="-3.09" rotation="0" />
  </GameObjects>
</Level>
