<?xml version="1.0" encoding="utf-16"?>
<Level width="2">
  <Camera x="0" y="-1" minWidth="25" maxWidth="35" />
  <Score highScore="0" />
  <Birds>
    <Bird type="BirdRed"/>
  </Birds>
  <Slingshot x="-12.0" y="-2.5" />
  <GameObjects>
    <Pig type="BasicSmall" material="" x="3.9657" y="-2.8099" rotation="1.0769" />
    <Platform type="Platform" material="" x="3.9579" y="-3.2912" rotation="0.0" scaleX="2.089" scaleY="0.763" />
    <Platform type="Platform" material="" x="2.3199" y="-2.6672" rotation="90.0" scaleX="2.3272" scaleY="0.763" />
    <Block type="Triangle" material="stone" x="-4.6689" y="-3.09" rotation="0" />
    <Block type="SquareSmall" material="stone" x="-8.2315" y="-3.285" rotation="0" />
    <Platform type="Platform" material="" x="6.5424" y="-3.18" rotation="0" scaleX="1.0" scaleY="1.0" />
  </GameObjects>
</Level>
