<?xml version="1.0" encoding="utf-16"?>
<Level width="2">
  <Camera x="0" y="-1" minWidth="25" maxWidth="35" />
  <Score highScore="0" />
  <Birds>
    <Bird type="BirdRed"/>
  </Birds>
  <Slingshot x="-12.0" y="-2.5" />
  <GameObjects>
    <Pig type="BasicSmall" material="" x="-4.5941" y="-2.3543" rotation="1.0769" />
    <Platform type="Platform" material="" x="-4.6018" y="-2.8356" rotation="0.0" scaleX="2.089" scaleY="0.763" />
    <Platform type="Platform" material="" x="-6.2398" y="-2.2116" rotation="90.0" scaleX="2.3272" scaleY="0.763" />
    <Block type="SquareHole" material="wood" x="3.5225" y="-3.08" rotation="0" />
    <Block type="SquareHole" material="wood" x="5.8118" y="-3.08" rotation="0" />
    <Block type="SquareHole" material="ice" x="1.9542" y="-3.08" rotation="0" />
  </GameObjects>
</Level>
