<?xml version="1.0" encoding="utf-16"?>
<Level width="2">
  <Camera x="0" y="-1" minWidth="25" maxWidth="35" />
  <Score highScore="0" />
  <Birds>
    <Bird type="BirdRed"/>
  </Birds>
  <Slingshot x="-12.0" y="-2.5" />
  <GameObjects>
    <Pig type="BasicSmall" material="" x="0.3301" y="2.0741" rotation="1.0769" />
    <Platform type="Platform" material="" x="0.3224" y="1.5929" rotation="0.0" scaleX="2.089" scaleY="0.763" />
    <Platform type="Platform" material="" x="-1.3156" y="2.2169" rotation="90.0" scaleX="2.3272" scaleY="0.763" />
    <Block type="RectSmall" material="ice" x="-0.2966" y="-3.39" rotation="0" />
    <Block type="Triangle" material="wood" x="-4.4352" y="-3.09" rotation="0" />
    <Block type="Circle" material="ice" x="5.1914" y="-3.1" rotation="0" />
  </GameObjects>
</Level>
