<?xml version="1.0" encoding="utf-16"?>
<Level width="2">
  <Camera x="0" y="-1" minWidth="25" maxWidth="35" />
  <Score highScore="0" />
  <Birds>
    <Bird type="BirdRed"/>
  </Birds>
  <Slingshot x="-12.0" y="-2.5" />
  <GameObjects>
    <Pig type="BasicSmall" material="" x="3.2292" y="-1.1127" rotation="1.0769" />
    <Platform type="Platform" material="" x="3.2215" y="-1.594" rotation="0.0" scaleX="2.089" scaleY="0.763" />
    <Platform type="Platform" material="" x="1.5835" y="-0.97" rotation="90.0" scaleX="2.3272" scaleY="0.763" />
    <Block type="RectFat" material="wood" x="2.7422" y="-3.285" rotation="0" />
    <Block type="Triangle" material="wood" x="-0.5968" y="-3.09" rotation="0" />
    <Block type="SquareHole" material="ice" x="-7.2877" y="-3.08" rotation="0" />
  </GameObjects>
</Level>
