<?xml version="1.0" encoding="utf-16"?>
<Level width="2">
  <Camera x="0" y="-1" minWidth="25" maxWidth="35" />
  <Score highScore="0" />
  <Birds>
    <Bird type="BirdRed"/>
  </Birds>
  <Slingshot x="-12.0" y="-2.5" />
  <GameObjects>
    <Pig type="BasicSmall" material="" x="3.565" y="-2.1415" rotation="1.0769" />
    <Platform type="Platform" material="" x="3.5572" y="-2.6227" rotation="0.0" scaleX="2.089" scaleY="0.763" />
    <Platform type="Platform" material="" x="1.9192" y="-1.9987" rotation="90.0" scaleX="2.3272" scaleY="0.763" />
    <Block type="Triangle" material="wood" x="5.4461" y="-3.09" rotation="0" />
    <Block type="CircleSmall" material="ice" x="-0.9274" y="-3.275" rotation="0" />
    <Block type="RectSmall" material="ice" x="9.3963" y="-3.39" rotation="0" />
  </GameObjects>
</Level>
