<?xml version="1.0" encoding="utf-16"?>
<Level width="2">
  <Camera x="0" y="-1" minWidth="25" maxWidth="35" />
  <Score highScore="0" />
  <Birds>
    <Bird type="BirdRed"/>
  </Birds>
  <Slingshot x="-12.0" y="-2.5" />
  <GameObjects>
    <Pig type="BasicSmall" material="" x="-1.1281" y="0.3788" rotation="1.0769" />
    <Platform type="Platform" material="" x="-1.1359" y="-0.1025" rotation="0.0" scaleX="2.089" scaleY="0.763" />
    <Platform type="Platform" material="" x="-2.7739" y="0.5215" rotation="90.0" scaleX="2.3272" scaleY="0.763" />
    <Block type="RectFat" material="wood" x="7.9985" y="-3.285" rotation="0" />
    <Block type="Triangle" material="ice" x="5.1414" y="-3.09" rotation="0" />
    <Block type="RectFat" material="wood" x="-2.7509" y="-3.285" rotation="0" />
  </GameObjects>
</Level>
