<?xml version="1.0" encoding="utf-16"?>
<Level width="2">
  <Camera x="0" y="-1" minWidth="25" maxWidth="35" />
  <Score highScore="0" />
  <Birds>
    <Bird type="BirdRed"/>
  </Birds>
  <Slingshot x="-12.0" y="-2.5" />
  <GameObjects>
    <Pig type="BasicSmall" material="" x="4.2458" y="-2.0657" rotation="1.0769" />
    <Platform type="Platform" material="" x="4.2381" y="-2.5469" rotation="0.0" scaleX="2.089" scaleY="0.763" />
    <Platform type="Platform" material="" x="2.6001" y="-1.9229" rotation="90.0" scaleX="2.3272" scaleY="0.763" />
    <Block type="CircleSmall" material="stone" x="-7.0626" y="-3.275" rotation="0" />
    <Block type="SquareTiny" material="ice" x="-8.9528" y="-3.39" rotation="0" />
    <Block type="RectSmall" material="wood" x="-1.3769" y="-3.39" rotation="0" />
  </GameObjects>
</Level>
