<?xml version="1.0" encoding="utf-16"?>
<Level width="2">
  <Camera x="0" y="-1" minWidth="25" maxWidth="35" />
  <Score highScore="0" />
  <Birds>
    <Bird type="BirdRed"/>
  </Birds>
  <Slingshot x="-12.0" y="-2.5" />
  <GameObjects>
    <Pig type="BasicSmall" material="" x="-5.7853" y="-2.3519" rotation="1.0769" />
    <Platform type="Platform" material="" x="-5.793" y="-2.8331" rotation="0.0" scaleX="2.089" scaleY="0.763" />
    <Platform type="Platform" material="" x="-7.431" y="-2.2091" rotation="90.0" scaleX="2.3272" scaleY="0.763" />
    <Block type="RectFat" material="stone" x="6.6649" y="-3.285" rotation="0" />
    <Block type="SquareHole" material="wood" x="-9.924" y="-3.08" rotation="0" />
    <Block type="RectTiny" material="stone" x="-1.2765" y="-3.39" rotation="0" />
  </GameObjects>
</Level>
