<?xml version="1.0" encoding="utf-16"?>
<Level width="2">
  <Camera x="0" y="-1" minWidth="25" maxWidth="35" />
  <Score highScore="0" />
  <Birds>
    <Bird type="BirdRed"/>
  </Birds>
  <Slingshot x="-12.0" y="-2.5" />
  <GameObjects>
    <Pig type="BasicSmall" material="" x="5.0151" y="-0.3496" rotation="1.0769" />
    <Platform type="Platform" material="" x="5.0074" y="-0.8308" rotation="0.0" scaleX="2.089" scaleY="0.763" />
    <Platform type="Platform" material="" x="3.3694" y="-0.2068" rotation="90.0" scaleX="2.3272" scaleY="0.763" />
    <Block type="TriangleHole" material="wood" x="-8.2827" y="-3.09" rotation="0" />
    <Block type="SquareTiny" material="wood" x="-6.4413" y="-3.39" rotation="0" />
    <Platform type="Platform" material="" x="0.751" y="-3.18" rotation="0" scaleX="1.0" scaleY="1.0" />
  </GameObjects>
</Level>
