<?xml version="1.0" encoding="utf-16"?>
<Level width="2">
  <Camera x="0" y="-1" minWidth="25" maxWidth="35" />
  <Score highScore="0" />
  <Birds>
    <Bird type="BirdRed"/>
  </Birds>
  <Slingshot x="-12.0" y="-2.5" />
  <GameObjects>
    <Pig type="BasicSmall" material="" x="5.1396" y="-2.3087" rotation="1.0769" />
    <Platform type="Platform" material="" x="5.1319" y="-2.7899" rotation="0.0" scaleX="2.089" scaleY="0.763" />
    <Platform type="Platform" material="" x="3.4939" y="-2.1659" rotation="90.0" scaleX="2.3272" scaleY="0.763" />
    <Block type="TriangleHole" material="wood" x="-6.5741" y="-3.09" rotation="0" />
    <Block type="RectFat" material="wood" x="-1.1157" y="-3.285" rotation="0" />
    <Block type="RectMedium" material="ice" x="8.5012" y="-3.39" rotation="0" />
  </GameObjects>
</Level>
