<?xml version="1.0" encoding="utf-16"?>
<Level width="2">
  <Camera x="0" y="-1" minWidth="25" maxWidth="35" />
  <Score highScore="0" />
  <Birds>
    <Bird type="BirdRed"/>
  </Birds>
  <Slingshot x="-12.0" y="-2.5" />
  <GameObjects>
    <Pig type="BasicSmall" material="" x="2.7444" y="1.445" rotation="1.0769" />
    <Platform type="Platform" material="" x="2.7367" y="0.9637" rotation="0.0" scaleX="2.089" scaleY="0.763" />
    <Platform type="Platform" material="" x="1.0987" y="1.5877" rotation="90.0" scaleX="2.3272" scaleY="0.763" />
    <Block type="RectFat" material="ice" x="-5.1892" y="-3.285" rotation="0" />
    <Block type="Circle" material="wood" x="5.1698" y="-3.1" rotation="0" />
    <Block type="RectTiny" material="stone" x="3.6254" y="-3.39" rotation="0" />
  </GameObjects>
</Level>
