<?xml version="1.0" encoding="utf-16"?>
<Level width="2">
  <Camera x="0" y="-1" minWidth="25" maxWidth="35" />
  <Score highScore="0" />
  <Birds>
    <Bird type="BirdRed"/>
  </Birds>
  <Slingshot x="-12.0" y="-2.5" />
  <GameObjects>
    <Pig type="BasicSmall" material="" x="-1.0236" y="-2.6985" rotation="1.0769" />
    <Platform type="Platform" material="" x="-1.0313" y="-3.1797" rotation="0.0" scaleX="2.089" scaleY="0.763" />
    <Platform type="Platform" material="" x="-2.6693" y="-2.5557" rotation="90.0" scaleX="2.3272" scaleY="0.763" />
    <Block type="RectTiny" material="stone" x="-5.1039" y="-3.39" rotation="0" />
    <Block type="TriangleHole" material="stone" x="-8.1653" y="-3.09" rotation="0" />
    <Block type="RectMedium" material="ice" x="3.5951" y="-3.39" rotation="0" />
  </GameObjects>
</Level>
