<?xml version="1.0" encoding="utf-16"?>
<Level width="2">
  <Camera x="0" y="-1" minWidth="25" maxWidth="35" />
  <Score highScore="0" />
  <Birds>
    <Bird type="BirdRed"/>
  </Birds>
  <Slingshot x="-12.0" y="-2.5" />
  <GameObjects>
    <Pig type="BasicSmall" material="" x="-2.174" y="2.7597" rotation="1.0769" />
    <Platform type="Platform" material="" x="-2.1818" y="2.2784" rotation="0.0" scaleX="2.089" scaleY="0.763" />
    <Platform type="Platform" material="" x="-3.8197" y="2.9024" rotation="90.0" scaleX="2.3272" scaleY="0.763" />
    <Block type="SquareSmall" material="stone" x="8.4865" y="-3.285" rotation="0" />
    <Block type="SquareHole" material="wood" x="-3.038" y="-3.08" rotation="0" />
    <Block type="RectMedium" material="ice" x="6.7468" y="-3.39" rotation="0" />
  </GameObjects>
</Level>
