<?xml version="1.0" encoding="utf-16"?>
<Level width="2">
  <Camera x="0" y="-1" minWidth="25" maxWidth="35" />
  <Score highScore="0" />
  <Birds>
    <Bird type="BirdRed"/>
  </Birds>
  <Slingshot x="-12.0" y="-2.5" />
  <GameObjects>
    <Pig type="BasicSmall" material="" x="-3.6929" y="0.4212" rotation="1.0769" />
    <Platform type="Platform" material="" x="-3.7006" y="-0.06" rotation="0.0" scaleX="2.089" scaleY="0.763" />
    <Platform type="Platform" material="" x="-5.3386" y="0.564" rotation="90.0" scaleX="2.3272" scaleY="0.763" />
    <Block type="RectBig" material="wood" x="-6.6339" y="-3.39" rotation="0" />
    <Block type="SquareSmall" material="wood" x="4.0105" y="-3.285" rotation="0" />
    <Block type="Circle" material="wood" x="1.3581" y="-3.1" rotation="0" />
  </GameObjects>
</Level>
