<?xml version="1.0" encoding="utf-16"?>
<Level width="2">
  <Camera x="0" y="-1" minWidth="25" maxWidth="35" />
  <Score highScore="0" />
  <Birds>
    <Bird type="BirdRed"/>
  </Birds>
  <Slingshot x="-12.0" y="-2.5" />
  <GameObjects>
    <Pig type="BasicSmall" material="" x="0.2567" y="-1.4733" rotation="1.0769" />
    <Platform type="Platform" material="" x="0.249" y="-1.9546" rotation="0.0" scaleX="2.089" scaleY="0.763" />
    <Platform type="Platform" material="" x="-1.389" y="-1.3306" rotation="90.0" scaleX="2.3272" scaleY="0.763" />
    <Block type="RectTiny" material="wood" x="-3.7068" y="-3.39" rotation="0" />
    <Block type="RectBig" material="wood" x="-6.218" y="-3.39" rotation="0" />
    <Block type="CircleSmall" material="wood" x="6.4258" y="-3.275" rotation="0" />
  </GameObjects>
</Level>
