<?xml version="1.0" encoding="utf-16"?>
<Level width="2">
  <Camera x="0" y="-1" minWidth="25" maxWidth="35" />
  <Score highScore="0" />
  <Birds>
    <Bird type="BirdRed"/>
  </Birds>
  <Slingshot x="-12.0" y="-2.5" />
  <GameObjects>
    <Pig type="BasicSmall" material="" x="3.472" y="-2.1683" rotation="1.0769" />
    <Platform type="Platform" material="" x="3.4642" y="-2.6495" rotation="0.0" scaleX="2.089" scaleY="0.763" />
    <Platform type="Platform" material="" x="1.8262" y="-2.0255" rotation="90.0" scaleX="2.3272" scaleY="0.763" />
    <Block type="Triangle" material="wood" x="-3.4776" y="-3.09" rotation="0" />
    <Block type="RectFat" material="wood" x="-9.0972" y="-3.285" rotation="0" />
    <Block type="SquareTiny" material="stone" x="-5.8648" y="-3.39" rotation="0" />
  </GameObjects>
</Level>
