<?xml version="1.0" encoding="utf-16"?>
<Level width="2">
  <Camera x="0" y="-1" minWidth="25" maxWidth="35" />
  <Score highScore="0" />
  <Birds>
    <Bird type="BirdRed"/>
  </Birds>
  <Slingshot x="-12.0" y="-2.5" />
  <GameObjects>
    <Pig type="BasicSmall" material="" x="-0.0959" y="-2.793" rotation="1.0769" />
    <Platform type="Platform" material="" x="-0.1037" y="-3.2743" rotation="0.0" scaleX="2.089" scaleY="0.763" />
    <Platform type="Platform" material="" x="-1.7417" y="-2.6503" rotation="90.0" scaleX="2.3272" scaleY="0.763" />
    <Block type="Triangle" material="ice" x="7.4191" y="-3.09" rotation="0" />
    <Block type="RectBig" material="ice" x="-4.8301" y="-3.39" rotation="0" />
    <Block type="RectFat" material="stone" x="5.5559" y="-3.285" rotation="0" />
  </GameObjects>
</Level>
