<?xml version="1.0" encoding="utf-16"?>
<Level width="2">
  <Camera x="0" y="-1" minWidth="25" maxWidth="35" />
  <Score highScore="0" />
  <Birds>
    <Bird type="BirdRed"/>
  </Birds>
  <Slingshot x="-12.0" y="-2.5" />
  <GameObjects>
    <Pig type="BasicSmall" material="" x="4.7069" y="-1.0429" rotation="1.0769" />
    <Platform type="Platform" material="" x="4.6992" y="-1.5242" rotation="0.0" scaleX="2.089" scaleY="0.763" />
    <Platform type="Platform" material="" x="3.0612" y="-0.9002" rotation="90.0" scaleX="2.3272" scaleY="0.763" />
    <Block type="Triangle" material="wood" x="2.0225" y="-3.09" rotation="0" />
    <Platform type="Platform" material="" x="-9.1505" y="-3.18" rotation="0" scaleX="1.0" scaleY="1.0" />
    <Block type="TriangleHole" material="stone" x="-6.6254" y="-3.09" rotation="0" />
  </GameObjects>
</Level>
