<?xml version="1.0" encoding="utf-16"?>
<Level width="2">
  <Camera x="0" y="-1" minWidth="25" maxWidth="35" />
  <Score highScore="0" />
  <Birds>
    <Bird type="BirdRed"/>
  </Birds>
  <Slingshot x="-12.0" y="-2.5" />
  <GameObjects>
    <Pig type="BasicSmall" material="" x="-0.6252" y="-2.3775" rotation="1.0769" />
    <Platform type="Platform" material="" x="-0.6329" y="-2.8588" rotation="0.0" scaleX="2.089" scaleY="0.763" />
    <Platform type="Platform" material="" x="-2.2709" y="-2.2348" rotation="90.0" scaleX="2.3272" scaleY="0.763" />
    <Block type="RectFat" material="stone" x="1.2095" y="-3.285" rotation="0" />
    <Block type="Triangle" material="ice" x="4.3261" y="-3.09" rotation="0" />
    <Block type="SquareSmall" material="wood" x="-5.9607" y="-3.285" rotation="0" />
  </GameObjects>
</Level>
