<?xml version="1.0" encoding="utf-16"?>
<Level width="2">
  <Camera x="0" y="-1" minWidth="25" maxWidth="35" />
  <Score highScore="0" />
  <Birds>
    <Bird type="BirdRed"/>
  </Birds>
  <Slingshot x="-12.0" y="-2.5" />
  <GameObjects>
    <Pig type="BasicSmall" material="" x="-3.4533" y="-0.328" rotation="1.0769" />
    <Platform type="Platform" material="" x="-3.4611" y="-0.8093" rotation="0.0" scaleX="2.089" scaleY="0.763" />
    <Platform type="Platform" material="" x="-5.0991" y="-0.1853" rotation="90.0" scaleX="2.3272" scaleY="0.763" />
    <Block type="SquareHole" material="stone" x="1.3209" y="-3.08" rotation="0" />
    <Block type="SquareSmall" material="wood" x="-5.8889" y="-3.285" rotation="0" />
    <Block type="SquareHole" material="stone" x="-8.3896" y="-3.08" rotation="0" />
  </GameObjects>
</Level>
