<?xml version="1.0" encoding="utf-16"?>
<Level width="2">
  <Camera x="0" y="-1" minWidth="25" maxWidth="35" />
  <Score highScore="0" />
  <Birds>
    <Bird type="BirdRed"/>
  </Birds>
  <Slingshot x="-12.0" y="-2.5" />
  <GameObjects>
    <Pig type="BasicSmall" material="" x="-2.9942" y="-2.6252" rotation="1.0769" />
    <Platform type="Platform" material="" x="-3.0019" y="-3.1065" rotation="0.0" scaleX="2.089" scaleY="0.763" />
    <Platform type="Platform" material="" x="-4.6399" y="-2.4825" rotation="90.0" scaleX="2.3272" scaleY="0.763" />
    <Block type="RectFat" material="wood" x="1.7661" y="-3.285" rotation="0" />
    <Block type="SquareSmall" material="ice" x="-6.1628" y="-3.285" rotation="0" />
    <Block type="RectFat" material="stone" x="5.4171" y="-3.285" rotation="0" />
  </GameObjects>
</Level>
