<?xml version="1.0" encoding="utf-16"?>
<Level width="2">
  <Camera x="0" y="-1" minWidth="25" maxWidth="35" />
  <Score highScore="0" />
  <Birds>
    <Bird type="BirdRed"/>
  </Birds>
  <Slingshot x="-12.0" y="-2.5" />
  <GameObjects>
    <Pig type="BasicSmall" material="" x="-1.2131" y="-1.7935" rotation="1.0769" />
    <Platform type="Platform" material="" x="-1.2208" y="-2.2747" rotation="0.0" scaleX="2.089" scaleY="0.763" />
    <Platform type="Platform" material="" x="-2.8588" y="-1.6507" rotation="90.0" scaleX="2.3272" scaleY="0.763" />
    <Block type="CircleSmall" material="wood" x="-7.8355" y="-3.275" rotation="0" />
    <Block type="Triangle" material="wood" x="7.6196" y="-3.09" rotation="0" />
    <Block type="SquareHole" material="wood" x="5.8762" y="-3.08" rotation="0" />
  </GameObjects>
</Level>
