<?xml version="1.0" encoding="utf-16"?>
<Level width="2">
  <Camera x="0" y="-1" minWidth="25" maxWidth="35" />
  <Score highScore="0" />
  <Birds>
    <Bird type="BirdRed"/>
  </Birds>
  <Slingshot x="-12.0" y="-2.5" />
  <GameObjects>
    <Pig type="BasicSmall" material="" x="-3.6454" y="3.256" rotation="1.0769" />
    <Platform type="Platform" material="" x="-3.6532" y="2.7747" rotation="0.0" scaleX="2.089" scaleY="0.763" />
    <Platform type="Platform" material="" x="-5.2912" y="3.3987" rotation="90.0" scaleX="2.3272" scaleY="0.763" />
    <Block type="Triangle" material="wood" x="2.0705" y="-3.09" rotation="0" />
    <Block type="TriangleHole" material="stone" x="7.1267" y="-3.09" rotation="0" />
    <Block type="RectBig" material="wood" x="-3.214" y="-3.39" rotation="0" />
  </GameObjects>
</Level>
