<?xml version="1.0" encoding="utf-16"?>
<Level width="2">
  <Camera x="0" y="-1" minWidth="25" maxWidth="35" />
  <Score highScore="0" />
  <Birds>
    <Bird type="BirdRed"/>
  </Birds>
  <Slingshot x="-12.0" y="-2.5" />
  <GameObjects>
    <Pig type="BasicSmall" material="" x="1.8576" y="0.6255" rotation="1.0769" />
    <Platform type="Platform" material="" x="1.8498" y="0.1443" rotation="0.0" scaleX="2.089" scaleY="0.763" />
    <Platform type="Platform" material="" x="0.2119" y="0.7683" rotation="90.0" scaleX="2.3272" scaleY="0.763" />
    <Block type="CircleSmall" material="wood" x="-2.4636" y="-3.275" rotation="0" />
    <Block type="RectMedium" material="wood" x="7.3825" y="-3.39" rotation="0" />
    <Block type="RectFat" material="stone" x="2.3882" y="-3.285" rotation="0" />
  </GameObjects>
</Level>
