<?xml version="1.0" encoding="utf-16"?>
<Level width="2">
  <Camera x="0" y="-1" minWidth="25" maxWidth="35" />
  <Score highScore="0" />
  <Birds>
    <Bird type="BirdRed"/>
  </Birds>
  <Slingshot x="-12.0" y="-2.5" />
  <GameObjects>
    <Pig type="BasicSmall" material="" x="4.2366" y="0.0863" rotation="1.0769" />
    <Platform type="Platform" material="" x="4.2289" y="-0.3949" rotation="0.0" scaleX="2.089" scaleY="0.763" />
    <Platform type="Platform" material="" x="2.5909" y="0.2291" rotation="90.0" scaleX="2.3272" scaleY="0.763" />
    <Block type="RectTiny" material="wood" x="-5.5939" y="-3.39" rotation="0" />
    <Block type="CircleSmall" material="stone" x="1.8032" y="-3.275" rotation="0" />
    <Platform type="Platform" material="" x="7.0245" y="-3.18" rotation="0" scaleX="1.0" scaleY="1.0" />
  </GameObjects>
</Level>
