<?xml version="1.0" encoding="utf-16"?>
<Level width="2">
  <Camera x="0" y="-1" minWidth="25" maxWidth="35" />
  <Score highScore="0" />
  <Birds>
    <Bird type="BirdRed"/>
  </Birds>
  <Slingshot x="-12.0" y="-2.5" />
  <GameObjects>
    <Pig type="BasicSmall" material="" x="4.3383" y="-2.5858" rotation="1.0769" />
    <Platform type="Platform" material="" x="4.3306" y="-3.067" rotation="0.0" scaleX="2.089" scaleY="0.763" />
    <Platform type="Platform" material="" x="2.6926" y="-2.443" rotation="90.0" scaleX="2.3272" scaleY="0.763" />
    <Block type="RectMedium" material="stone" x="-1.142" y="-3.39" rotation="0" />
    <Block type="RectTiny" material="ice" x="-8.0025" y="-3.39" rotation="0" />
    <Block type="RectBig" material="wood" x="6.3447" y="-3.39" rotation="0" />
  </GameObjects>
</Level>
