<?xml version="1.0" encoding="utf-16"?>
<Level width="2">
  <Camera x="0" y="-1" minWidth="25" maxWidth="35" />
  <Score highScore="0" />
  <Birds>
    <Bird type="BirdRed"/>
  </Birds>
  <Slingshot x="-12.0" y="-2.5" />
  <GameObjects>
    <Pig type="BasicSmall" material="" x="-1.2127" y="1.4395" rotation="1.0769" />
    <Platform type="Platform" material="" x="-1.2204" y="0.9583" rotation="0.0" scaleX="2.089" scaleY="0.763" />
    <Platform type="Platform" material="" x="-2.8584" y="1.5823" rotation="90.0" scaleX="2.3272" scaleY="0.763" />
    <Block type="SquareTiny" material="ice" x="-6.8967" y="-3.39" rotation="0" />
    <Block type="SquareHole" material="ice" x="-9.9514" y="-3.08" rotation="0" />
    <Platform type="Platform" material="" x="-5.2862" y="-3.18" rotation="0" scaleX="1.0" scaleY="1.0" />
  </GameObjects>
</Level>
