<?xml version="1.0" encoding="utf-16"?>
<Level width="2">
  <Camera x="0" y="-1" minWidth="25" maxWidth="35" />
  <Score highScore="0" />
  <Birds>
    <Bird type="BirdRed"/>
  </Birds>
  <Slingshot x="-12.0" y="-2.5" />
  <GameObjects>
    <Pig type="BasicSmall" material="" x="1.5675" y="1.7798" rotation="1.0769" />
    <Platform type="Platform" material="" x="1.5597" y="1.2985" rotation="0.0" scaleX="2.089" scaleY="0.763" />
    <Platform type="Platform" material="" x="-0.0783" y="1.9225" rotation="90.0" scaleX="2.3272" scaleY="0.763" />
    <Block type="SquareSmall" material="wood" x="-5.6659" y="-3.285" rotation="0" />
    <Block type="TriangleHole" material="wood" x="-0.6988" y="-3.09" rotation="0" />
    <Platform type="Platform" material="" x="-4.054" y="-3.18" rotation="0" scaleX="1.0" scaleY="1.0" />
  </GameObjects>
</Level>
