<?xml version="1.0" encoding="utf-16"?>
<Level width="2">
  <Camera x="0" y="-1" minWidth="25" maxWidth="35" />
  <Score highScore="0" />
  <Birds>
    <Bird type="BirdRed"/>
  </Birds>
  <Slingshot x="-12.0" y="-2.5" />
  <GameObjects>
    <Pig type="BasicSmall" material="" x="2.517" y="1.1422" rotation="1.0769" />
    <Platform type="Platform" material="" x="2.5093" y="0.6609" rotation="0.0" scaleX="2.089" scaleY="0.763" />
    <Platform type="Platform" material="" x="0.8713" y="1.2849" rotation="90.0" scaleX="2.3272" scaleY="0.763" />
    <Block type="RectMedium" material="stone" x="6.8781" y="-3.39" rotation="0" />
    <Block type="SquareSmall" material="ice" x="-2.4401" y="-3.285" rotation="0" />
    <Platform type="Platform" material="" x="9.2091" y="-3.18" rotation="0" scaleX="1.0" scaleY="1.0" />
  </GameObjects>
</Level>
