<?xml version="1.0" encoding="utf-16"?>
<Level width="2">
  <Camera x="0" y="-1" minWidth="25" maxWidth="35" />
  <Score highScore="0" />
  <Birds>
    <Bird type="BirdRed"/>
  </Birds>
  <Slingshot x="-12.0" y="-2.5" />
  <GameObjects>
    <Pig type="BasicSmall" material="" x="3.7582" y="-0.7177" rotation="1.0769" />
    <Platform type="Platform" material="" x="3.7504" y="-1.199" rotation="0.0" scaleX="2.089" scaleY="0.763" />
    <Platform type="Platform" material="" x="2.1124" y="-0.575" rotation="90.0" scaleX="2.3272" scaleY="0.763" />
    <Block type="Circle" material="stone" x="4.9657" y="-3.1" rotation="0" />
    <Block type="RectBig" material="wood" x="-7.7" y="-3.39" rotation="0" />
    <Block type="SquareSmall" material="ice" x="6.8144" y="-3.285" rotation="0" />
  </GameObjects>
</Level>
