<?xml version="1.0" encoding="utf-16"?>
<Level width="2">
  <Camera x="0" y="-1" minWidth="25" maxWidth="35" />
  <Score highScore="0" />
  <Birds>
    <Bird type="BirdRed"/>
  </Birds>
  <Slingshot x="-12.0" y="-2.5" />
  <GameObjects>
    <Pig type="BasicSmall" material="" x="-2.0246" y="1.9464" rotation="1.0769" />
    <Platform type="Platform" material="" x="-2.0323" y="1.4651" rotation="0.0" scaleX="2.089" scaleY="0.763" />
    <Platform type="Platform" material="" x="-3.6703" y="2.0891" rotation="90.0" scaleX="2.3272" scaleY="0.763" />
    <Block type="RectMedium" material="stone" x="7.1482" y="-3.39" rotation="0" />
    <Block type="SquareTiny" material="ice" x="0.182" y="-3.39" rotation="0" />
    <Block type="SquareTiny" material="ice" x="-8.0644" y="-3.39" rotation="0" />
  </GameObjects>
</Level>
