<?xml version="1.0" encoding="utf-16"?>
<Level width="2">
  <Camera x="0" y="-1" minWidth="25" maxWidth="35" />
  <Score highScore="0" />
  <Birds>
    <Bird type="BirdRed"/>
  </Birds>
  <Slingshot x="-12.0" y="-2.5" />
  <GameObjects>
    <Pig type="BasicSmall" material="" x="1.2307" y="-0.1127" rotation="1.0769" />
    <Platform type="Platform" material="" x="1.223" y="-0.594" rotation="0.0" scaleX="2.089" scaleY="0.763" />
    <Platform type="Platform" material="" x="-0.415" y="0.03" rotation="90.0" scaleX="2.3272" scaleY="0.763" />
    <Platform type="Platform" material="" x="3.1555" y="-3.18" rotation="0" scaleX="1.0" scaleY="1.0" />
    <Block type="RectMedium" material="ice" x="9.2712" y="-3.39" rotation="0" />
    <Block type="RectBig" material="wood" x="-5.1366" y="-3.39" rotation="0" />
  </GameObjects>
</Level>
