<?xml version="1.0" encoding="utf-16"?>
<Level width="2">
  <Camera x="0" y="-1" minWidth="25" maxWidth="35" />
  <Score highScore="0" />
  <Birds>
    <Bird type="BirdRed"/>
  </Birds>
  <Slingshot x="-12.0" y="-2.5" />
  <GameObjects>
    <Pig type="BasicSmall" material="" x="1.8051" y="-1.8466" rotation="1.0769" />
    <Platform type="Platform" material="" x="1.7973" y="-2.3278" rotation="0.0" scaleX="2.089" scaleY="0.763" />
    <Platform type="Platform" material="" x="0.1593" y="-1.7038" rotation="90.0" scaleX="2.3272" scaleY="0.763" />
    <Block type="CircleSmall" material="wood" x="-5.083" y="-3.275" rotation="0" />
    <Block type="SquareTiny" material="wood" x="-7.0248" y="-3.39" rotation="0" />
    <Block type="Circle" material="wood" x="6.7658" y="-3.1" rotation="0" />
  </GameObjects>
</Level>
