<?xml version="1.0" encoding="utf-16"?>
<Level width="2">
  <Camera x="0" y="-1" minWidth="25" maxWidth="35" />
  <Score highScore="0" />
  <Birds>
    <Bird type="BirdRed"/>
  </Birds>
  <Slingshot x="-12.0" y="-2.5" />
  <GameObjects>
    <Pig type="BasicSmall" material="" x="3.8694" y="0.9154" rotation="1.0769" />
    <Platform type="Platform" material="" x="3.8616" y="0.4342" rotation="0.0" scaleX="2.089" scaleY="0.763" />
    <Platform type="Platform" material="" x="2.2236" y="1.0582" rotation="90.0" scaleX="2.3272" scaleY="0.763" />
    <Block type="RectSmall" material="wood" x="-0.1641" y="-3.39" rotation="0" />
    <Block type="SquareTiny" material="stone" x="-4.9157" y="-3.39" rotation="0" />
    <Platform type="Platform" material="" x="-9.5966" y="-3.18" rotation="0" scaleX="1.0" scaleY="1.0" />
  </GameObjects>
</Level>
