<?xml version="1.0" encoding="utf-16"?>
<Level width="2">
  <Camera x="0" y="-1" minWidth="25" maxWidth="35" />
  <Score highScore="0" />
  <Birds>
    <Bird type="BirdRed"/>
  </Birds>
  <Slingshot x="-12.0" y="-2.5" />
  <GameObjects>
    <Pig type="BasicSmall" material="" x="4.8809" y="-1.1334" rotation="1.0769" />
    <Platform type="Platform" material="" x="4.8732" y="-1.6146" rotation="0.0" scaleX="2.089" scaleY="0.763" />
    <Platform type="Platform" material="" x="3.2352" y="-0.9906" rotation="90.0" scaleX="2.3272" scaleY="0.763" />
    <Block type="TriangleHole" material="stone" x="0.1739" y="-3.09" rotation="0" />
    <Block type="RectBig" material="wood" x="-1.9972" y="-3.39" rotation="0" />
    <Block type="RectTiny" material="stone" x="8.6059" y="-3.39" rotation="0" />
  </GameObjects>
</Level>
