<?xml version="1.0" encoding="utf-16"?>
<Level width="2">
  <Camera x="0" y="-1" minWidth="25" maxWidth="35" />
  <Score highScore="0" />
  <Birds>
    <Bird type="BirdRed"/>
  </Birds>
  <Slingshot x="-12.0" y="-2.5" />
  <GameObjects>
    <Pig type="BasicSmall" material="" x="-5.0282" y="1.2726" rotation="1.0769" />
    <Platform type="Platform" material="" x="-5.0359" y="0.7913" rotation="0.0" scaleX="2.089" scaleY="0.763" />
    <Platform type="Platform" material="" x="-6.6739" y="1.4153" rotation="90.0" scaleX="2.3272" scaleY="0.763" />
    <Block type="RectFat" material="ice" x="6.5454" y="-3.285" rotation="0" />
    <Block type="Triangle" material="ice" x="3.2646" y="-3.09" rotation="0" />
    <Block type="CircleSmall" material="stone" x="-1.1778" y="-3.275" rotation="0" />
  </GameObjects>
</Level>
