<?xml version="1.0" encoding="utf-16"?>
<Level width="2">
  <Camera x="0" y="-1" minWidth="25" maxWidth="35" />
  <Score highScore="0" />
  <Birds>
    <Bird type="BirdRed"/>
  </Birds>
  <Slingshot x="-12.0" y="-2.5" />
  <GameObjects>
    <Pig type="BasicSmall" material="" x="4.3308" y="-1.5132" rotation="1.0769" />
    <Platform type="Platform" material="" x="4.3231" y="-1.9944" rotation="0.0" scaleX="2.089" scaleY="0.763" />
    <Block type="SquareHole" material="wood" x="-2.7345" y="-3.08" rotation="0" />
    <Block type="SquareHole" material="ice" x="-6.0539" y="-3.08" rotation="0" />
    <Block type="TriangleHole" material="wood" x="0.4886" y="-3.09" rotation="0" />
  </GameObjects>
</Level>
