<?xml version="1.0" encoding="utf-16"?>
<Level width="2">
  <Camera x="0" y="-1" minWidth="25" maxWidth="35" />
  <Score highScore="0" />
  <Birds>
    <Bird type="BirdRed"/>
  </Birds>
  <Slingshot x="-12.0" y="-2.5" />
  <GameObjects>
    <Pig type="BasicSmall" material="" x="-0.9523" y="2.8213" rotation="1.0769" />
    <Platform type="Platform" material="" x="-0.96" y="2.3401" rotation="0.0" scaleX="2.089" scaleY="0.763" />
    <Block type="Circle" material="ice" x="-6.7798" y="-3.1" rotation="0" />
    <Block type="Triangle" material="stone" x="8.3651" y="-3.09" rotation="0" />
    <Block type="RectSmall" material="ice" x="1.2994" y="-3.39" rotation="0" />
  </GameObjects>
</Level>
