<?xml version="1.0" encoding="utf-16"?>
<Level width="2">
  <Camera x="0" y="-1" minWidth="25" maxWidth="35" />
  <Score highScore="0" />
  <Birds>
    <Bird type="BirdRed"/>
  </Birds>
  <Slingshot x="-12.0" y="-2.5" />
  <GameObjects>
    <Pig type="BasicSmall" material="" x="3.9265" y="0.5518" rotation="1.0769" />
    <Platform type="Platform" material="" x="3.9187" y="0.0705" rotation="0.0" scaleX="2.089" scaleY="0.763" />
    <Block type="SquareSmall" material="wood" x="1.5386" y="-3.285" rotation="0" />
    <Block type="SquareTiny" material="stone" x="-3.7328" y="-3.39" rotation="0" />
    <Block type="RectFat" material="ice" x="7.0206" y="-3.285" rotation="0" />
  </GameObjects>
</Level>
