<?xml version="1.0" encoding="utf-16"?>
<Level width="2">
  <Camera x="0" y="-1" minWidth="25" maxWidth="35" />
  <Score highScore="0" />
  <Birds>
    <Bird type="BirdRed"/>
  </Birds>
  <Slingshot x="-12.0" y="-2.5" />
  <GameObjects>
    <Pig type="BasicSmall" material="" x="-2.0963" y="0.1665" rotation="1.0769" />
    <Platform type="Platform" material="" x="-2.104" y="-0.3148" rotation="0.0" scaleX="2.089" scaleY="0.763" />
    <Block type="Triangle" material="stone" x="-1.5565" y="-3.09" rotation="0" />
    <Block type="RectFat" material="ice" x="2.106" y="-3.285" rotation="0" />
    <Block type="Triangle" material="ice" x="-3.3056" y="-3.09" rotation="0" />
  </GameObjects>
</Level>
