<?xml version="1.0" encoding="utf-16"?>
<Level width="2">
  <Camera x="0" y="-1" minWidth="25" maxWidth="35" />
  <Score highScore="0" />
  <Birds>
    <Bird type="BirdRed"/>
  </Birds>
  <Slingshot x="-12.0" y="-2.5" />
  <GameObjects>
    <Pig type="BasicSmall" material="" x="4.1298" y="1.1864" rotation="1.0769" />
    <Platform type="Platform" material="" x="4.1221" y="0.7051" rotation="0.0" scaleX="2.089" scaleY="0.763" />
    <Block type="RectFat" material="wood" x="3.2582" y="-3.285" rotation="0" />
    <Block type="Triangle" material="stone" x="-2.1109" y="-3.09" rotation="0" />
    <Block type="RectSmall" material="wood" x="-5.6326" y="-3.39" rotation="0" />
  </GameObjects>
</Level>
