<?xml version="1.0" encoding="utf-16"?>
<Level width="2">
  <Camera x="0" y="-1" minWidth="25" maxWidth="35" />
  <Score highScore="0" />
  <Birds>
    <Bird type="BirdRed"/>
  </Birds>
  <Slingshot x="-12.0" y="-2.5" />
  <GameObjects>
    <Pig type="BasicSmall" material="" x="-2.7048" y="-2.7336" rotation="1.0769" />
    <Platform type="Platform" material="" x="-2.7126" y="-3.2149" rotation="0.0" scaleX="2.089" scaleY="0.763" />
    <Block type="Triangle" material="ice" x="8.8641" y="-3.09" rotation="0" />
    <Block type="SquareHole" material="ice" x="4.6535" y="-3.08" rotation="0" />
    <Block type="Triangle" material="wood" x="-5.6813" y="-3.09" rotation="0" />
  </GameObjects>
</Level>
