<?xml version="1.0" encoding="utf-16"?>
<Level width="2">
  <Camera x="0" y="-1" minWidth="25" maxWidth="35" />
  <Score highScore="0" />
  <Birds>
    <Bird type="BirdRed"/>
  </Birds>
  <Slingshot x="-12.0" y="-2.5" />
  <GameObjects>
    <Pig type="BasicSmall" material="" x="4.4795" y="0.0604" rotation="1.0769" />
    <Platform type="Platform" material="" x="4.4718" y="-0.4208" rotation="0.0" scaleX="2.089" scaleY="0.763" />
    <Block type="Triangle" material="ice" x="-2.0042" y="-3.09" rotation="0" />
    <Platform type="Platform" material="" x="3.0088" y="-3.18" rotation="0" scaleX="1.0" scaleY="1.0" />
    <Block type="RectFat" material="stone" x="7.157" y="-3.285" rotation="0" />
  </GameObjects>
</Level>
