<?xml version="1.0" encoding="utf-16"?>
<Level width="2">
  <Camera x="0" y="-1" minWidth="25" maxWidth="35" />
  <Score highScore="0" />
  <Birds>
    <Bird type="BirdRed"/>
  </Birds>
  <Slingshot x="-12.0" y="-2.5" />
  <GameObjects>
    <Pig type="BasicSmall" material="" x="-0.141" y="2.6121" rotation="1.0769" />
    <Platform type="Platform" material="" x="-0.1487" y="2.1309" rotation="0.0" scaleX="2.089" scaleY="0.763" />
    <Block type="RectSmall" material="stone" x="9.0456" y="-3.39" rotation="0" />
    <Block type="SquareTiny" material="stone" x="2.4644" y="-3.39" rotation="0" />
    <Platform type="Platform" material="" x="-1.6008" y="-3.18" rotation="0" scaleX="1.0" scaleY="1.0" />
  </GameObjects>
</Level>
