<?xml version="1.0" encoding="utf-16"?>
<Level width="2">
  <Camera x="0" y="-1" minWidth="25" maxWidth="35" />
  <Score highScore="0" />
  <Birds>
    <Bird type="BirdRed"/>
  </Birds>
  <Slingshot x="-12.0" y="-2.5" />
  <GameObjects>
    <Pig type="BasicSmall" material="" x="3.4042" y="0.3863" rotation="1.0769" />
    <Platform type="Platform" material="" x="3.3965" y="-0.095" rotation="0.0" scaleX="2.089" scaleY="0.763" />
    <Block type="RectSmall" material="wood" x="-2.3938" y="-3.39" rotation="0" />
    <Block type="TriangleHole" material="stone" x="-5.8935" y="-3.09" rotation="0" />
    <Block type="TriangleHole" material="stone" x="-7.9737" y="-3.09" rotation="0" />
  </GameObjects>
</Level>
