<?xml version="1.0" encoding="utf-16"?>
<Level width="2">
  <Camera x="0" y="-1" minWidth="25" maxWidth="35" />
  <Score highScore="0" />
  <Birds>
    <Bird type="BirdRed"/>
  </Birds>
  <Slingshot x="-12.0" y="-2.5" />
  <GameObjects>
    <Pig type="BasicSmall" material="" x="5.8943" y="-2.8256" rotation="1.0769" />
    <Platform type="Platform" material="" x="5.8865" y="-3.3069" rotation="0.0" scaleX="2.089" scaleY="0.763" />
    <Block type="SquareHole" material="ice" x="8.0363" y="-3.08" rotation="0" />
    <Block type="RectSmall" material="ice" x="-7.8864" y="-3.39" rotation="0" />
    <Block type="SquareTiny" material="wood" x="-0.5502" y="-3.39" rotation="0" />
  </GameObjects>
</Level>
