<?xml version="1.0" encoding="utf-16"?>
<Level width="2">
  <Camera x="0" y="-1" minWidth="25" maxWidth="35" />
  <Score highScore="0" />
  <Birds>
    <Bird type="BirdRed"/>
  </Birds>
  <Slingshot x="-12.0" y="-2.5" />
  <GameObjects>
    <Pig type="BasicSmall" material="" x="-3.8931" y="3.5924" rotation="1.0769" />
    <Platform type="Platform" material="" x="-3.9009" y="3.1111" rotation="0.0" scaleX="2.089" scaleY="0.763" />
    <Block type="Circle" material="wood" x="8.3014" y="-3.1" rotation="0" />
    <Block type="CircleSmall" material="wood" x="-7.1322" y="-3.275" rotation="0" />
    <Block type="CircleSmall" material="ice" x="6.4502" y="-3.275" rotation="0" />
  </GameObjects>
</Level>
