<?xml version="1.0" encoding="utf-16"?>
<Level width="2">
  <Camera x="0" y="-1" minWidth="25" maxWidth="35" />
  <Score highScore="0" />
  <Birds>
    <Bird type="BirdRed"/>
  </Birds>
  <Slingshot x="-12.0" y="-2.5" />
  <GameObjects>
    <Pig type="BasicSmall" material="" x="1.3318" y="-0.0995" rotation="1.0769" />
    <Platform type="Platform" material="" x="1.3241" y="-0.5807" rotation="0.0" scaleX="2.089" scaleY="0.763" />
    <Block type="SquareHole" material="ice" x="-4.4795" y="-3.08" rotation="0" />
    <Block type="TriangleHole" material="wood" x="-2.4847" y="-3.09" rotation="0" />
    <Block type="SquareHole" material="ice" x="7.3185" y="-3.08" rotation="0" />
  </GameObjects>
</Level>
