<?xml version="1.0" encoding="utf-16"?>
<Level width="2">
  <Camera x="0" y="-1" minWidth="25" maxWidth="35" />
  <Score highScore="0" />
  <Birds>
    <Bird type="BirdRed"/>
  </Birds>
  <Slingshot x="-12.0" y="-2.5" />
  <GameObjects>
    <Pig type="BasicSmall" material="" x="-5.3003" y="1.3559" rotation="1.0769" />
    <Platform type="Platform" material="" x="-5.3081" y="0.8746" rotation="0.0" scaleX="2.089" scaleY="0.763" />
    <Block type="SquareTiny" material="stone" x="3.4249" y="-3.39" rotation="0" />
    <Block type="Triangle" material="stone" x="-8.8668" y="-3.09" rotation="0" />
    <Block type="RectSmall" material="ice" x="7.6018" y="-3.39" rotation="0" />
  </GameObjects>
</Level>
