<?xml version="1.0" encoding="utf-16"?>
<Level width="2">
  <Camera x="0" y="-1" minWidth="25" maxWidth="35" />
  <Score highScore="0" />
  <Birds>
    <Bird type="BirdRed"/>
  </Birds>
  <Slingshot x="-12.0" y="-2.5" />
  <GameObjects>
    <Pig type="BasicSmall" material="" x="4.067" y="-1.7615" rotation="1.0769" />
    <Platform type="Platform" material="" x="4.0593" y="-2.2427" rotation="0.0" scaleX="2.089" scaleY="0.763" />
    <Block type="Circle" material="ice" x="-9.8227" y="-3.1" rotation="0" />
    <Block type="RectFat" material="stone" x="4.3887" y="-3.285" rotation="0" />
    <Block type="CircleSmall" material="wood" x="-7.316" y="-3.275" rotation="0" />
  </GameObjects>
</Level>
