<?xml version="1.0" encoding="utf-16"?>
<Level width="2">
  <Camera x="0" y="-1" minWidth="25" maxWidth="35" />
  <Score highScore="0" />
  <Birds>
    <Bird type="BirdRed"/>
  </Birds>
  <Slingshot x="-12.0" y="-2.5" />
  <GameObjects>
    <Pig type="BasicSmall" material="" x="5.3346" y="-0.4039" rotation="1.0769" />
    <Platform type="Platform" material="" x="5.3269" y="-0.8852" rotation="0.0" scaleX="2.089" scaleY="0.763" />
    <Block type="RectSmall" material="ice" x="-7.445" y="-3.39" rotation="0" />
    <Block type="SquareHole" material="stone" x="6.4212" y="-3.08" rotation="0" />
    <Block type="RectSmall" material="wood" x="-1.3731" y="-3.39" rotation="0" />
  </GameObjects>
</Level>
