<?xml version="1.0" encoding="utf-16"?>
<Level width="2">
  <Camera x="0" y="-1" minWidth="25" maxWidth="35" />
  <Score highScore="0" />
  <Birds>
    <Bird type="BirdRed"/>
  </Birds>
  <Slingshot x="-12.0" y="-2.5" />
  <GameObjects>
    <Pig type="BasicSmall" material="" x="-0.7944" y="2.966" rotation="1.0769" />
    <Platform type="Platform" material="" x="-0.8022" y="2.4847" rotation="0.0" scaleX="2.089" scaleY="0.763" />
    <Block type="RectSmall" material="ice" x="-0.308" y="-3.39" rotation="0" />
    <Block type="RectSmall" material="wood" x="7.6459" y="-3.39" rotation="0" />
    <Block type="RectSmall" material="wood" x="2.1172" y="-3.39" rotation="0" />
  </GameObjects>
</Level>
