<?xml version="1.0" encoding="utf-16"?>
<Level width="2">
  <Camera x="0" y="-1" minWidth="25" maxWidth="35" />
  <Score highScore="0" />
  <Birds>
    <Bird type="BirdRed"/>
  </Birds>
  <Slingshot x="-12.0" y="-2.5" />
  <GameObjects>
    <Pig type="BasicSmall" material="" x="-4.2426" y="-0.8893" rotation="1.0769" />
    <Platform type="Platform" material="" x="-4.2503" y="-1.3705" rotation="0.0" scaleX="2.089" scaleY="0.763" />
    <Block type="RectBig" material="stone" x="8.4659" y="-3.39" rotation="0" />
    <Block type="Triangle" material="stone" x="2.7661" y="-3.09" rotation="0" />
    <Block type="RectBig" material="wood" x="-6.0803" y="-3.39" rotation="0" />
  </GameObjects>
</Level>
