<?xml version="1.0" encoding="utf-16"?>
<Level width="2">
  <Camera x="0" y="-1" minWidth="25" maxWidth="35" />
  <Score highScore="0" />
  <Birds>
    <Bird type="BirdRed"/>
  </Birds>
  <Slingshot x="-12.0" y="-2.5" />
  <GameObjects>
    <Pig type="BasicSmall" material="" x="3.1212" y="-2.3552" rotation="1.0769" />
    <Platform type="Platform" material="" x="3.1135" y="-2.8364" rotation="0.0" scaleX="2.089" scaleY="0.763" />
    <Block type="TriangleHole" material="stone" x="0.0733" y="-3.09" rotation="0" />
    <Block type="RectBig" material="ice" x="8.9" y="-3.39" rotation="0" />
    <Block type="RectMedium" material="wood" x="-9.1419" y="-3.39" rotation="0" />
  </GameObjects>
</Level>
