<?xml version="1.0" encoding="utf-16"?>
<Level width="2">
  <Camera x="0" y="-1" minWidth="25" maxWidth="35" />
  <Score highScore="0" />
  <Birds>
    <Bird type="BirdRed"/>
  </Birds>
  <Slingshot x="-12.0" y="-2.5" />
  <GameObjects>
    <Pig type="BasicSmall" material="" x="-5.0963" y="1.6783" rotation="1.0769" />
    <Platform type="Platform" material="" x="-5.104" y="1.197" rotation="0.0" scaleX="2.089" scaleY="0.763" />
    <Block type="RectMedium" material="ice" x="-7.2653" y="-3.39" rotation="0" />
    <Block type="TriangleHole" material="ice" x="-5.1608" y="-3.09" rotation="0" />
    <Block type="TriangleHole" material="wood" x="5.2511" y="-3.09" rotation="0" />
  </GameObjects>
</Level>
