<?xml version="1.0" encoding="utf-16"?>
<Level width="2">
  <Camera x="0" y="-1" minWidth="25" maxWidth="35" />
  <Score highScore="0" />
  <Birds>
    <Bird type="BirdRed"/>
  </Birds>
  <Slingshot x="-12.0" y="-2.5" />
  <GameObjects>
    <Pig type="BasicSmall" material="" x="0.6129" y="2.4372" rotation="1.0769" />
    <Platform type="Platform" material="" x="0.6052" y="1.9559" rotation="0.0" scaleX="2.089" scaleY="0.763" />
    <Block type="RectMedium" material="wood" x="-6.9988" y="-3.39" rotation="0" />
    <Block type="Circle" material="wood" x="6.2759" y="-3.1" rotation="0" />
    <Block type="Triangle" material="stone" x="2.8752" y="-3.09" rotation="0" />
  </GameObjects>
</Level>
