<?xml version="1.0" encoding="utf-16"?>
<Level width="2">
  <Camera x="0" y="-1" minWidth="25" maxWidth="35" />
  <Score highScore="0" />
  <Birds>
    <Bird type="BirdRed"/>
  </Birds>
  <Slingshot x="-12.0" y="-2.5" />
  <GameObjects>
    <Pig type="BasicSmall" material="" x="-6.5713" y="3.0151" rotation="1.0769" />
    <Platform type="Platform" material="" x="-6.5791" y="2.5338" rotation="0.0" scaleX="2.089" scaleY="0.763" />
    <Block type="Circle" material="ice" x="-7.4739" y="-3.1" rotation="0" />
    <Block type="RectFat" material="wood" x="8.6256" y="-3.285" rotation="0" />
    <Block type="RectMedium" material="stone" x="-5.4389" y="-3.39" rotation="0" />
  </GameObjects>
</Level>
