<?xml version="1.0" encoding="utf-16"?>
<Level width="2">
  <Camera x="0" y="-1" minWidth="25" maxWidth="35" />
  <Score highScore="0" />
  <Birds>
    <Bird type="BirdRed"/>
  </Birds>
  <Slingshot x="-12.0" y="-2.5" />
  <GameObjects>
    <Pig type="BasicSmall" material="" x="-1.1584" y="-2.1413" rotation="1.0769" />
    <Platform type="Platform" material="" x="-1.1662" y="-2.6226" rotation="0.0" scaleX="2.089" scaleY="0.763" />
    <Block type="RectFat" material="stone" x="8.1854" y="-3.285" rotation="0" />
    <Block type="SquareHole" material="wood" x="-5.2482" y="-3.08" rotation="0" />
    <Block type="RectFat" material="ice" x="6.1476" y="-3.285" rotation="0" />
  </GameObjects>
</Level>
