<?xml version="1.0" encoding="utf-16"?>
<Level width="2">
  <Camera x="0" y="-1" minWidth="25" maxWidth="35" />
  <Score highScore="0" />
  <Birds>
    <Bird type="BirdRed"/>
  </Birds>
  <Slingshot x="-12.0" y="-2.5" />
  <GameObjects>
    <Pig type="BasicSmall" material="" x="4.8625" y="0.1656" rotation="1.0769" />
    <Platform type="Platform" material="" x="4.8547" y="-0.3157" rotation="0.0" scaleX="2.089" scaleY="0.763" />
    <Block type="TriangleHole" material="ice" x="-2.7665" y="-3.09" rotation="0" />
    <Block type="RectSmall" material="ice" x="3.0065" y="-3.39" rotation="0" />
    <Block type="Circle" material="ice" x="5.7622" y="-3.1" rotation="0" />
  </GameObjects>
</Level>
