<?xml version="1.0" encoding="utf-16"?>
<Level width="2">
  <Camera x="0" y="-1" minWidth="25" maxWidth="35" />
  <Score highScore="0" />
  <Birds>
    <Bird type="BirdRed"/>
  </Birds>
  <Slingshot x="-12.0" y="-2.5" />
  <GameObjects>
    <Pig type="BasicSmall" material="" x="1.5334" y="0.016" rotation="1.0769" />
    <Platform type="Platform" material="" x="1.5256" y="-0.4652" rotation="0.0" scaleX="2.089" scaleY="0.763" />
    <Block type="Triangle" material="stone" x="-5.6507" y="-3.09" rotation="0" />
    <Block type="Triangle" material="ice" x="-0.5513" y="-3.09" rotation="0" />
    <Block type="RectFat" material="ice" x="-7.9609" y="-3.285" rotation="0" />
  </GameObjects>
</Level>
