<?xml version="1.0" encoding="utf-16"?>
<Level width="2">
  <Camera x="0" y="-1" minWidth="25" maxWidth="35" />
  <Score highScore="0" />
  <Birds>
    <Bird type="BirdRed"/>
  </Birds>
  <Slingshot x="-12.0" y="-2.5" />
  <GameObjects>
    <Pig type="BasicSmall" material="" x="-5.711" y="-1.9964" rotation="1.0769" />
    <Platform type="Platform" material="" x="-5.7188" y="-2.4777" rotation="0.0" scaleX="2.089" scaleY="0.763" />
    <Block type="RectSmall" material="ice" x="-1.9154" y="-3.39" rotation="0" />
    <Block type="SquareSmall" material="stone" x="1.6538" y="-3.285" rotation="0" />
    <Block type="Circle" material="ice" x="-8.6177" y="-3.1" rotation="0" />
  </GameObjects>
</Level>
