<?xml version="1.0" encoding="utf-16"?>
<Level width="2">
  <Camera x="0" y="-1" minWidth="25" maxWidth="35" />
  <Score highScore="0" />
  <Birds>
    <Bird type="BirdRed"/>
  </Birds>
  <Slingshot x="-12.0" y="-2.5" />
  <GameObjects>
    <Pig type="BasicSmall" material="" x="3.3003" y="-1.5074" rotation="1.0769" />
    <Platform type="Platform" material="" x="3.2926" y="-1.9887" rotation="0.0" scaleX="2.089" scaleY="0.763" />
    <Block type="RectMedium" material="stone" x="6.08" y="-3.39" rotation="0" />
    <Block type="SquareHole" material="stone" x="-4.2439" y="-3.08" rotation="0" />
    <Block type="RectFat" material="ice" x="9.3548" y="-3.285" rotation="0" />
  </GameObjects>
</Level>
