<?xml version="1.0" encoding="utf-16"?>
<Level width="2">
  <Camera x="0" y="-1" minWidth="25" maxWidth="35" />
  <Score highScore="0" />
  <Birds>
    <Bird type="BirdRed"/>
  </Birds>
  <Slingshot x="-12.0" y="-2.5" />
  <GameObjects>
    <Pig type="BasicSmall" material="" x="-4.1515" y="-0.0525" rotation="1.0769" />
    <Platform type="Platform" material="" x="-4.1593" y="-0.5338" rotation="0.0" scaleX="2.089" scaleY="0.763" />
    <Block type="Triangle" material="ice" x="-4.4712" y="-3.09" rotation="0" />
    <Block type="RectFat" material="ice" x="6.3681" y="-3.285" rotation="0" />
    <Block type="Circle" material="ice" x="-6.5957" y="-3.1" rotation="0" />
  </GameObjects>
</Level>
