<?xml version="1.0" encoding="utf-16"?>
<Level width="2">
  <Camera x="0" y="-1" minWidth="25" maxWidth="35" />
  <Score highScore="0" />
  <Birds>
    <Bird type="BirdRed"/>
  </Birds>
  <Slingshot x="-12.0" y="-2.5" />
  <GameObjects>
    <Pig type="BasicSmall" material="" x="-2.4717" y="0.3907" rotation="1.0769" />
    <Platform type="Platform" material="" x="-2.4794" y="-0.0906" rotation="0.0" scaleX="2.089" scaleY="0.763" />
    <Block type="Circle" material="ice" x="-3.327" y="-3.1" rotation="0" />
    <Block type="RectFat" material="stone" x="-7.1801" y="-3.285" rotation="0" />
    <Platform type="Platform" material="" x="4.826" y="-3.18" rotation="0" scaleX="1.0" scaleY="1.0" />
  </GameObjects>
</Level>
