<?xml version="1.0" encoding="utf-16"?>
<Level width="2">
  <Camera x="0" y="-1" minWidth="25" maxWidth="35" />
  <Score highScore="0" />
  <Birds>
    <Bird type="BirdRed"/>
  </Birds>
  <Slingshot x="-12.0" y="-2.5" />
  <GameObjects>
    <Pig type="BasicSmall" material="" x="-4.0829" y="-1.1594" rotation="1.0769" />
    <Platform type="Platform" material="" x="-4.0907" y="-1.6407" rotation="0.0" scaleX="2.089" scaleY="0.763" />
    <Block type="RectFat" material="ice" x="-4.7003" y="-3.285" rotation="0" />
    <Block type="RectMedium" material="stone" x="-2.9154" y="-3.39" rotation="0" />
    <Block type="SquareTiny" material="ice" x="5.1666" y="-3.39" rotation="0" />
  </GameObjects>
</Level>
