<?xml version="1.0" encoding="utf-16"?>
<Level width="2">
  <Camera x="0" y="-1" minWidth="25" maxWidth="35" />
  <Score highScore="0" />
  <Birds>
    <Bird type="BirdRed"/>
  </Birds>
  <Slingshot x="-12.0" y="-2.5" />
  <GameObjects>
    <Pig type="BasicSmall" material="" x="5.8442" y="-1.4975" rotation="1.0769" />
    <Platform type="Platform" material="" x="5.8365" y="-1.9787" rotation="0.0" scaleX="2.089" scaleY="0.763" />
    <Block type="Circle" material="wood" x="-6.6206" y="-3.1" rotation="0" />
    <Block type="RectFat" material="ice" x="4.2658" y="-3.285" rotation="0" />
    <Block type="TriangleHole" material="wood" x="2.7639" y="-3.09" rotation="0" />
  </GameObjects>
</Level>
