<?xml version="1.0" encoding="utf-16"?>
<Level width="2">
  <Camera x="0" y="-1" minWidth="25" maxWidth="35" />
  <Score highScore="0" />
  <Birds>
    <Bird type="BirdRed"/>
  </Birds>
  <Slingshot x="-12.0" y="-2.5" />
  <GameObjects>
    <Pig type="BasicSmall" material="" x="-1.8196" y="3.4659" rotation="1.0769" />
    <Platform type="Platform" material="" x="-1.8273" y="2.9846" rotation="0.0" scaleX="2.089" scaleY="0.763" />
    <Block type="TriangleHole" material="ice" x="-7.01" y="-3.09" rotation="0" />
    <Block type="Circle" material="ice" x="-5.384" y="-3.1" rotation="0" />
    <Block type="Triangle" material="wood" x="5.8764" y="-3.09" rotation="0" />
  </GameObjects>
</Level>
