<?xml version="1.0" encoding="utf-16"?>
<Level width="2">
  <Camera x="0" y="-1" minWidth="25" maxWidth="35" />
  <Score highScore="0" />
  <Birds>
    <Bird type="BirdRed"/>
  </Birds>
  <Slingshot x="-12.0" y="-2.5" />
  <GameObjects>
    <Pig type="BasicSmall" material="" x="0.3213" y="1.7649" rotation="1.0769" />
    <Platform type="Platform" material="" x="0.3136" y="1.2837" rotation="0.0" scaleX="2.089" scaleY="0.763" />
    <Block type="RectFat" material="wood" x="-2.6596" y="-3.285" rotation="0" />
    <Block type="RectTiny" material="wood" x="6.3062" y="-3.39" rotation="0" />
    <Block type="TriangleHole" material="stone" x="0.7084" y="-3.09" rotation="0" />
  </GameObjects>
</Level>
