<?xml version="1.0" encoding="utf-16"?>
<Level width="2">
  <Camera x="0" y="-1" minWidth="25" maxWidth="35" />
  <Score highScore="0" />
  <Birds>
    <Bird type="BirdRed"/>
  </Birds>
  <Slingshot x="-12.0" y="-2.5" />
  <GameObjects>
    <Pig type="BasicSmall" material="" x="1.0029" y="-2.468" rotation="1.0769" />
    <Platform type="Platform" material="" x="0.9952" y="-2.9492" rotation="0.0" scaleX="2.089" scaleY="0.763" />
    <Block type="RectFat" material="stone" x="-7.2771" y="-3.285" rotation="0" />
    <Block type="RectTiny" material="ice" x="8.9571" y="-3.39" rotation="0" />
    <Block type="RectTiny" material="stone" x="3.0378" y="-3.39" rotation="0" />
  </GameObjects>
</Level>
