<?xml version="1.0" encoding="utf-16"?>
<Level width="2">
  <Camera x="0" y="-1" minWidth="25" maxWidth="35" />
  <Score highScore="0" />
  <Birds>
    <Bird type="BirdRed"/>
  </Birds>
  <Slingshot x="-12.0" y="-2.5" />
  <GameObjects>
    <Pig type="BasicSmall" material="" x="-3.7098" y="-2.6732" rotation="1.0769" />
    <Platform type="Platform" material="" x="-3.7176" y="-3.1545" rotation="0.0" scaleX="2.089" scaleY="0.763" />
    <Block type="RectFat" material="stone" x="1.0654" y="-3.285" rotation="0" />
    <Block type="Triangle" material="ice" x="2.5877" y="-3.09" rotation="0" />
    <Block type="RectBig" material="wood" x="7.2125" y="-3.39" rotation="0" />
  </GameObjects>
</Level>
