<?xml version="1.0" encoding="utf-16"?>
<Level width="2">
  <Camera x="0" y="-1" minWidth="25" maxWidth="35" />
  <Score highScore="0" />
  <Birds>
    <Bird type="BirdRed"/>
  </Birds>
  <Slingshot x="-12.0" y="-2.5" />
  <GameObjects>
    <Pig type="BasicSmall" material="" x="-1.9089" y="0.726" rotation="1.0769" />
    <Platform type="Platform" material="" x="-1.9167" y="0.2447" rotation="0.0" scaleX="2.089" scaleY="0.763" />
    <Block type="RectBig" material="stone" x="7.1428" y="-3.39" rotation="0" />
    <Block type="RectSmall" material="stone" x="2.5446" y="-3.39" rotation="0" />
    <Block type="SquareHole" material="stone" x="-4.4994" y="-3.08" rotation="0" />
  </GameObjects>
</Level>
