<?xml version="1.0" encoding="utf-16"?>
<Level width="2">
  <Camera x="0" y="-1" minWidth="25" maxWidth="35" />
  <Score highScore="0" />
  <Birds>
    <Bird type="BirdRed"/>
  </Birds>
  <Slingshot x="-12.0" y="-2.5" />
  <GameObjects>
    <Pig type="BasicSmall" material="" x="-6.7348" y="0.9327" rotation="1.0769" />
    <Platform type="Platform" material="" x="-6.7425" y="0.4514" rotation="0.0" scaleX="2.089" scaleY="0.763" />
    <Block type="RectTiny" material="ice" x="-1.0105" y="-3.39" rotation="0" />
    <Block type="RectFat" material="ice" x="-8.0468" y="-3.285" rotation="0" />
    <Block type="TriangleHole" material="stone" x="4.4338" y="-3.09" rotation="0" />
  </GameObjects>
</Level>
