<?xml version="1.0" encoding="utf-16"?>
<Level width="2">
  <Camera x="0" y="-1" minWidth="25" maxWidth="35" />
  <Score highScore="0" />
  <Birds>
    <Bird type="BirdRed"/>
  </Birds>
  <Slingshot x="-12.0" y="-2.5" />
  <GameObjects>
    <Pig type="BasicSmall" material="" x="-5.7155" y="-1.5937" rotation="1.0769" />
    <Platform type="Platform" material="" x="-5.7232" y="-2.075" rotation="0.0" scaleX="2.089" scaleY="0.763" />
    <Block type="RectTiny" material="wood" x="4.1719" y="-3.39" rotation="0" />
    <Block type="Triangle" material="wood" x="-9.341" y="-3.09" rotation="0" />
    <Block type="RectFat" material="ice" x="5.9163" y="-3.285" rotation="0" />
  </GameObjects>
</Level>
