<?xml version="1.0" encoding="utf-16"?>
<Level width="2">
  <Camera x="0" y="-1" minWidth="25" maxWidth="35" />
  <Score highScore="0" />
  <Birds>
    <Bird type="BirdRed"/>
  </Birds>
  <Slingshot x="-12.0" y="-2.5" />
  <GameObjects>
    <Pig type="BasicSmall" material="" x="3.2662" y="0.5466" rotation="1.0769" />
    <Platform type="Platform" material="" x="3.2585" y="0.0654" rotation="0.0" scaleX="2.089" scaleY="0.763" />
    <Block type="RectTiny" material="wood" x="2.9988" y="-3.39" rotation="0" />
    <Block type="RectTiny" material="stone" x="-1.6985" y="-3.39" rotation="0" />
    <Block type="RectBig" material="stone" x="-3.2058" y="-3.39" rotation="0" />
  </GameObjects>
</Level>
