<?xml version="1.0" encoding="utf-16"?>
<Level width="2">
  <Camera x="0" y="-1" minWidth="25" maxWidth="35" />
  <Score highScore="0" />
  <Birds>
    <Bird type="BirdRed"/>
  </Birds>
  <Slingshot x="-12.0" y="-2.5" />
  <GameObjects>
    <Pig type="BasicSmall" material="" x="-3.3368" y="1.4768" rotation="1.0769" />
    <Platform type="Platform" material="" x="-3.3445" y="0.9955" rotation="0.0" scaleX="2.089" scaleY="0.763" />
    <Block type="RectMedium" material="ice" x="-4.259" y="-3.39" rotation="0" />
    <Block type="RectBig" material="ice" x="6.9731" y="-3.39" rotation="0" />
    <Block type="CircleSmall" material="stone" x="3.0724" y="-3.275" rotation="0" />
  </GameObjects>
</Level>
