<?xml version="1.0" encoding="utf-16"?>
<Level width="2">
  <Camera x="0" y="-1" minWidth="25" maxWidth="35" />
  <Score highScore="0" />
  <Birds>
    <Bird type="BirdRed"/>
  </Birds>
  <Slingshot x="-12.0" y="-2.5" />
  <GameObjects>
    <Pig type="BasicSmall" material="" x="4.5267" y="-1.0585" rotation="1.0769" />
    <Platform type="Platform" material="" x="4.5189" y="-1.5398" rotation="0.0" scaleX="2.089" scaleY="0.763" />
    <Platform type="Platform" material="" x="5.1309" y="-3.18" rotation="0" scaleX="1.0" scaleY="1.0" />
    <Block type="TriangleHole" material="wood" x="-7.1857" y="-3.09" rotation="0" />
    <Block type="RectFat" material="stone" x="-1.4985" y="-3.285" rotation="0" />
  </GameObjects>
</Level>
