<?xml version="1.0" encoding="utf-16"?>
<Level width="2">
  <Camera x="0" y="-1" minWidth="25" maxWidth="35" />
  <Score highScore="0" />
  <Birds>
    <Bird type="BirdRed"/>
  </Birds>
  <Slingshot x="-12.0" y="-2.5" />
  <GameObjects>
    <Pig type="BasicSmall" material="" x="2.7863" y="-1.073" rotation="1.0769" />
    <Platform type="Platform" material="" x="2.7786" y="-1.5542" rotation="0.0" scaleX="2.089" scaleY="0.763" />
    <Block type="RectMedium" material="ice" x="-3.593" y="-3.39" rotation="0" />
    <Block type="RectTiny" material="stone" x="6.4805" y="-3.39" rotation="0" />
    <Block type="RectBig" material="wood" x="3.0802" y="-3.39" rotation="0" />
  </GameObjects>
</Level>
