<?xml version="1.0" encoding="utf-16"?>
<Level width="2">
  <Camera x="0" y="-1" minWidth="25" maxWidth="35" />
  <Score highScore="0" />
  <Birds>
    <Bird type="BirdRed"/>
  </Birds>
  <Slingshot x="-12.0" y="-2.5" />
  <GameObjects>
    <Pig type="BasicSmall" material="" x="0.9147" y="0.441" rotation="1.0769" />
    <Platform type="Platform" material="" x="0.9069" y="-0.0403" rotation="0.0" scaleX="2.089" scaleY="0.763" />
    <Platform type="Platform" material="" x="-0.8889" y="-3.18" rotation="0" scaleX="1.0" scaleY="1.0" />
    <Block type="SquareHole" material="ice" x="-6.0925" y="-3.08" rotation="0" />
    <Block type="Triangle" material="wood" x="-9.5534" y="-3.09" rotation="0" />
  </GameObjects>
</Level>
