<?xml version="1.0" encoding="utf-16"?>
<Level width="2">
  <Camera x="0" y="-1" minWidth="25" maxWidth="35" />
  <Score highScore="0" />
  <Birds>
    <Bird type="BirdRed"/>
  </Birds>
  <Slingshot x="-12.0" y="-2.5" />
  <GameObjects>
    <Pig type="BasicSmall" material="" x="-3.7325" y="-1.1324" rotation="1.0769" />
    <Platform type="Platform" material="" x="-3.7402" y="-1.6137" rotation="0.0" scaleX="2.089" scaleY="0.763" />
    <Block type="Circle" material="ice" x="5.0466" y="-3.1" rotation="0" />
    <Block type="RectBig" material="ice" x="-1.6432" y="-3.39" rotation="0" />
    <Block type="SquareSmall" material="stone" x="6.5058" y="-3.285" rotation="0" />
  </GameObjects>
</Level>
