<?xml version="1.0" encoding="utf-16"?>
<Level width="2">
  <Camera x="0" y="-1" minWidth="25" maxWidth="35" />
  <Score highScore="0" />
  <Birds>
    <Bird type="BirdRed"/>
  </Birds>
  <Slingshot x="-12.0" y="-2.5" />
  <GameObjects>
    <Pig type="BasicSmall" material="" x="-2.1477" y="-2.1621" rotation="1.0769" />
    <Platform type="Platform" material="" x="-2.1555" y="-2.6433" rotation="0.0" scaleX="2.089" scaleY="0.763" />
    <Block type="TriangleHole" material="ice" x="7.4811" y="-3.09" rotation="0" />
    <Block type="CircleSmall" material="stone" x="-7.6866" y="-3.275" rotation="0" />
    <Block type="RectFat" material="ice" x="-5.058" y="-3.285" rotation="0" />
  </GameObjects>
</Level>
