<?xml version="1.0" encoding="utf-16"?>
<Level width="2">
  <Camera x="0" y="-1" minWidth="25" maxWidth="35" />
  <Score highScore="0" />
  <Birds>
    <Bird type="BirdRed"/>
  </Birds>
  <Slingshot x="-12.0" y="-2.5" />
  <GameObjects>
    <Pig type="BasicSmall" material="" x="5.6681" y="-2.3556" rotation="1.0769" />
    <Platform type="Platform" material="" x="5.6603" y="-2.8369" rotation="0.0" scaleX="2.089" scaleY="0.763" />
    <Block type="CircleSmall" material="wood" x="2.1421" y="-3.275" rotation="0" />
    <Block type="Circle" material="ice" x="0.4377" y="-3.1" rotation="0" />
    <Block type="SquareHole" material="ice" x="-7.2824" y="-3.08" rotation="0" />
  </GameObjects>
</Level>
