<?xml version="1.0" encoding="utf-16"?>
<Level width="2">
  <Camera x="0" y="-1" minWidth="25" maxWidth="35" />
  <Score highScore="0" />
  <Birds>
    <Bird type="BirdRed"/>
  </Birds>
  <Slingshot x="-12.0" y="-2.5" />
  <GameObjects>
    <Pig type="BasicSmall" material="" x="1.154" y="-1.8913" rotation="1.0769" />
    <Platform type="Platform" material="" x="1.1463" y="-2.3725" rotation="0.0" scaleX="2.089" scaleY="0.763" />
    <Block type="SquareHole" material="wood" x="-9.9028" y="-3.08" rotation="0" />
    <Block type="RectBig" material="stone" x="-7.0208" y="-3.39" rotation="0" />
    <Platform type="Platform" material="" x="9.0403" y="-3.18" rotation="0" scaleX="1.0" scaleY="1.0" />
  </GameObjects>
</Level>
