<?xml version="1.0" encoding="utf-16"?>
<Level width="2">
  <Camera x="0" y="-1" minWidth="25" maxWidth="35" />
  <Score highScore="0" />
  <Birds>
    <Bird type="BirdRed"/>
  </Birds>
  <Slingshot x="-12.0" y="-2.5" />
  <GameObjects>
    <Pig type="BasicSmall" material="" x="0.4394" y="-0.9747" rotation="1.0769" />
    <Platform type="Platform" material="" x="0.4316" y="-1.4559" rotation="0.0" scaleX="2.089" scaleY="0.763" />
    <Block type="Circle" material="stone" x="2.9364" y="-3.1" rotation="0" />
    <Block type="CircleSmall" material="wood" x="9.3474" y="-3.275" rotation="0" />
    <Block type="SquareTiny" material="wood" x="7.4715" y="-3.39" rotation="0" />
  </GameObjects>
</Level>
