<?xml version="1.0" encoding="utf-16"?>
<Level width="2">
  <Camera x="0" y="-1" minWidth="25" maxWidth="35" />
  <Score highScore="0" />
  <Birds>
    <Bird type="BirdRed"/>
  </Birds>
  <Slingshot x="-12.0" y="-2.5" />
  <GameObjects>
    <Pig type="BasicSmall" material="" x="3.8636" y="-2.0295" rotation="1.0769" />
    <Platform type="Platform" material="" x="3.8559" y="-2.5107" rotation="0.0" scaleX="2.089" scaleY="0.763" />
    <Block type="RectSmall" material="wood" x="0.6843" y="-3.39" rotation="0" />
    <Block type="RectTiny" material="stone" x="7.264" y="-3.39" rotation="0" />
    <Block type="Circle" material="ice" x="5.6984" y="-3.1" rotation="0" />
  </GameObjects>
</Level>
