<?xml version="1.0" encoding="utf-16"?>
<Level width="2">
  <Camera x="0" y="-1" minWidth="25" maxWidth="35" />
  <Score highScore="0" />
  <Birds>
    <Bird type="BirdRed"/>
  </Birds>
  <Slingshot x="-12.0" y="-2.5" />
  <GameObjects>
    <Pig type="BasicSmall" material="" x="5.8171" y="-1.2633" rotation="1.0769" />
    <Platform type="Platform" material="" x="5.8093" y="-1.7446" rotation="0.0" scaleX="2.089" scaleY="0.763" />
    <Block type="Triangle" material="wood" x="-4.9612" y="-3.09" rotation="0" />
    <Block type="Circle" material="stone" x="1.3171" y="-3.1" rotation="0" />
    <Block type="RectTiny" material="wood" x="-6.4482" y="-3.39" rotation="0" />
  </GameObjects>
</Level>
