<?xml version="1.0" encoding="utf-16"?>
<Level width="2">
  <Camera x="0" y="-1" minWidth="25" maxWidth="35" />
  <Score highScore="0" />
  <Birds>
    <Bird type="BirdRed"/>
  </Birds>
  <Slingshot x="-12.0" y="-2.5" />
  <GameObjects>
    <Pig type="BasicSmall" material="" x="1.2766" y="-1.3491" rotation="1.0769" />
    <Platform type="Platform" material="" x="1.2689" y="-1.8304" rotation="0.0" scaleX="2.089" scaleY="0.763" />
    <Block type="RectTiny" material="wood" x="0.1921" y="-3.39" rotation="0" />
    <Block type="SquareSmall" material="wood" x="7.8489" y="-3.285" rotation="0" />
    <Block type="RectTiny" material="stone" x="-4.1203" y="-3.39" rotation="0" />
  </GameObjects>
</Level>
