<?xml version="1.0" encoding="utf-16"?>
<Level width="2">
  <Camera x="0" y="-1" minWidth="25" maxWidth="35" />
  <Score highScore="0" />
  <Birds>
    <Bird type="BirdRed"/>
  </Birds>
  <Slingshot x="-12.0" y="-2.5" />
  <GameObjects>
    <Pig type="BasicSmall" material="" x="-3.09" y="2.9218" rotation="1.0769" />
    <Platform type="Platform" material="" x="-3.0978" y="2.4405" rotation="0.0" scaleX="2.089" scaleY="0.763" />
    <Block type="CircleSmall" material="wood" x="-6.1071" y="-3.275" rotation="0" />
    <Block type="TriangleHole" material="wood" x="1.5357" y="-3.09" rotation="0" />
    <Block type="SquareHole" material="stone" x="4.0403" y="-3.08" rotation="0" />
  </GameObjects>
</Level>
