,level_name,capability,template,
0,1_01_02_00159.xml,1,2,
1,1_01_02_00176.xml,1,2,
2,1_01_02_00185.xml,1,2,
3,1_01_02_00195.xml,1,2,
4,1_01_02_00200.xml,1,2,
5,1_01_03_00001.xml,1,3,
6,1_01_03_00002.xml,1,3,
7,1_01_03_00004.xml,1,3,
8,1_01_03_00010.xml,1,3,
9,1_01_03_00011.xml,1,3,
10,1_01_03_00012.xml,1,3,
11,1_01_03_00014.xml,1,3,
12,1_01_03_00017.xml,1,3,
13,1_01_03_00018.xml,1,3,
14,1_01_03_00024.xml,1,3,
15,1_01_03_00026.xml,1,3,
16,1_01_03_00027.xml,1,3,
17,1_01_03_00028.xml,1,3,
18,1_01_03_00029.xml,1,3,
19,1_01_03_00030.xml,1,3,
20,1_01_03_00037.xml,1,3,
21,1_01_03_00039.xml,1,3,
22,1_01_03_00041.xml,1,3,
23,1_01_03_00042.xml,1,3,
24,1_01_03_00054.xml,1,3,
25,1_01_03_00055.xml,1,3,
26,1_01_03_00056.xml,1,3,
27,1_01_03_00058.xml,1,3,
28,1_01_03_00059.xml,1,3,
29,1_01_03_00060.xml,1,3,
30,1_01_03_00062.xml,1,3,
31,1_01_03_00064.xml,1,3,
32,1_01_03_00065.xml,1,3,
33,1_01_03_00070.xml,1,3,
34,1_01_03_00072.xml,1,3,
35,1_01_03_00073.xml,1,3,
36,1_01_03_00075.xml,1,3,
37,1_01_03_00077.xml,1,3,
38,1_01_03_00078.xml,1,3,
39,1_01_03_00082.xml,1,3,
40,1_01_03_00083.xml,1,3,
41,1_01_03_00085.xml,1,3,
42,1_01_03_00086.xml,1,3,
43,1_01_03_00091.xml,1,3,
44,1_01_03_00092.xml,1,3,
45,1_01_03_00095.xml,1,3,
46,1_01_03_00096.xml,1,3,
47,1_01_03_00102.xml,1,3,
48,1_01_03_00103.xml,1,3,
49,1_01_03_00106.xml,1,3,
50,1_01_03_00107.xml,1,3,
51,1_01_03_00110.xml,1,3,
52,1_01_03_00112.xml,1,3,
53,1_01_03_00113.xml,1,3,
54,1_01_03_00114.xml,1,3,
55,1_01_03_00115.xml,1,3,
56,1_01_03_00116.xml,1,3,
57,1_01_03_00118.xml,1,3,
58,1_01_03_00119.xml,1,3,
59,1_01_03_00120.xml,1,3,
60,1_01_03_00123.xml,1,3,
61,1_01_03_00124.xml,1,3,
62,1_01_03_00125.xml,1,3,
63,1_01_03_00127.xml,1,3,
64,1_01_03_00132.xml,1,3,
65,1_01_03_00133.xml,1,3,
66,1_01_03_00135.xml,1,3,
67,1_01_03_00136.xml,1,3,
68,1_01_03_00139.xml,1,3,
69,1_01_03_00141.xml,1,3,
70,1_01_03_00142.xml,1,3,
71,1_01_03_00145.xml,1,3,
72,1_01_03_00152.xml,1,3,
73,1_01_03_00154.xml,1,3,
74,1_01_03_00155.xml,1,3,
75,1_01_03_00156.xml,1,3,
76,1_01_03_00159.xml,1,3,
77,1_01_03_00162.xml,1,3,
78,1_01_03_00164.xml,1,3,
79,1_01_03_00165.xml,1,3,
80,1_01_03_00167.xml,1,3,
81,1_01_03_00169.xml,1,3,
82,1_01_03_00170.xml,1,3,
83,1_01_03_00172.xml,1,3,
84,1_01_03_00173.xml,1,3,
85,1_01_03_00174.xml,1,3,
86,1_01_03_00176.xml,1,3,
87,1_01_03_00177.xml,1,3,
88,1_01_03_00178.xml,1,3,
89,1_01_03_00179.xml,1,3,
90,1_01_03_00181.xml,1,3,
91,1_01_03_00184.xml,1,3,
92,1_01_03_00189.xml,1,3,
93,1_01_03_00192.xml,1,3,
94,1_01_03_00195.xml,1,3,
95,1_01_03_00196.xml,1,3,
96,1_01_04_00001.xml,1,4,
97,1_01_04_00002.xml,1,4,
98,1_01_04_00003.xml,1,4,
99,1_01_04_00004.xml,1,4,
100,1_01_04_00005.xml,1,4,
101,1_01_04_00006.xml,1,4,
102,1_01_04_00008.xml,1,4,
103,1_01_04_00009.xml,1,4,
104,1_01_04_00011.xml,1,4,
105,1_01_04_00013.xml,1,4,
106,1_01_04_00017.xml,1,4,
107,1_01_04_00020.xml,1,4,
108,1_01_04_00021.xml,1,4,
109,1_01_04_00022.xml,1,4,
110,1_01_04_00023.xml,1,4,
111,1_01_04_00025.xml,1,4,
112,1_01_04_00026.xml,1,4,
113,1_01_04_00027.xml,1,4,
114,1_01_04_00028.xml,1,4,
115,1_01_04_00031.xml,1,4,
116,1_01_04_00032.xml,1,4,
117,1_01_04_00036.xml,1,4,
118,1_01_04_00038.xml,1,4,
119,1_01_04_00040.xml,1,4,
120,1_01_04_00041.xml,1,4,
121,1_01_04_00042.xml,1,4,
122,1_01_04_00044.xml,1,4,
123,1_01_04_00045.xml,1,4,
124,1_01_04_00046.xml,1,4,
125,1_01_04_00048.xml,1,4,
126,1_01_04_00050.xml,1,4,
127,1_01_04_00051.xml,1,4,
128,1_01_04_00054.xml,1,4,
129,1_01_04_00056.xml,1,4,
130,1_01_04_00057.xml,1,4,
131,1_01_04_00058.xml,1,4,
132,1_01_04_00059.xml,1,4,
133,1_01_04_00064.xml,1,4,
134,1_01_04_00066.xml,1,4,
135,1_01_04_00067.xml,1,4,
136,1_01_04_00068.xml,1,4,
137,1_01_04_00072.xml,1,4,
138,1_01_04_00073.xml,1,4,
139,1_01_04_00075.xml,1,4,
140,1_01_04_00078.xml,1,4,
141,1_01_04_00082.xml,1,4,
142,1_01_04_00084.xml,1,4,
143,1_01_04_00085.xml,1,4,
144,1_01_04_00086.xml,1,4,
145,1_01_04_00090.xml,1,4,
146,1_01_04_00092.xml,1,4,
147,1_01_04_00093.xml,1,4,
148,1_01_04_00094.xml,1,4,
149,1_01_04_00095.xml,1,4,
150,1_01_04_00097.xml,1,4,
151,1_01_04_00102.xml,1,4,
152,1_01_04_00104.xml,1,4,
153,1_01_04_00105.xml,1,4,
154,1_01_04_00113.xml,1,4,
155,1_01_04_00114.xml,1,4,
156,1_01_04_00116.xml,1,4,
157,1_01_04_00117.xml,1,4,
158,1_01_04_00122.xml,1,4,
159,1_01_04_00124.xml,1,4,
160,1_01_04_00126.xml,1,4,
161,1_01_04_00129.xml,1,4,
162,1_01_04_00131.xml,1,4,
163,1_01_04_00133.xml,1,4,
164,1_01_04_00139.xml,1,4,
165,1_01_04_00140.xml,1,4,
166,1_01_04_00142.xml,1,4,
167,1_01_04_00143.xml,1,4,
168,1_01_04_00144.xml,1,4,
169,1_01_04_00147.xml,1,4,
170,1_01_04_00148.xml,1,4,
171,1_01_04_00152.xml,1,4,
172,1_01_04_00154.xml,1,4,
173,1_01_04_00156.xml,1,4,
174,1_01_04_00157.xml,1,4,
175,1_01_04_00158.xml,1,4,
176,1_01_04_00159.xml,1,4,
177,1_01_04_00162.xml,1,4,
178,1_01_04_00168.xml,1,4,
179,1_01_04_00169.xml,1,4,
180,1_01_04_00170.xml,1,4,
181,1_01_04_00175.xml,1,4,
182,1_01_04_00182.xml,1,4,
183,1_01_04_00185.xml,1,4,
184,1_01_04_00186.xml,1,4,
185,1_01_04_00187.xml,1,4,
186,1_01_04_00188.xml,1,4,
187,1_01_04_00190.xml,1,4,
188,1_01_04_00192.xml,1,4,
189,1_01_04_00193.xml,1,4,
190,1_01_04_00196.xml,1,4,
191,1_01_04_00197.xml,1,4,
192,1_01_04_00199.xml,1,4,
193,1_01_05_00002.xml,1,5,
194,1_01_05_00005.xml,1,5,
195,1_01_05_00016.xml,1,5,
196,1_01_05_00021.xml,1,5,
197,1_01_05_00034.xml,1,5,
198,1_01_05_00036.xml,1,5,
199,1_01_05_00039.xml,1,5,
200,1_01_05_00050.xml,1,5,
201,1_01_05_00052.xml,1,5,
202,1_01_05_00057.xml,1,5,
203,1_01_05_00059.xml,1,5,
204,1_01_05_00067.xml,1,5,
205,1_01_05_00069.xml,1,5,
206,1_01_05_00076.xml,1,5,
207,1_01_05_00081.xml,1,5,
208,1_01_05_00086.xml,1,5,
209,1_01_05_00087.xml,1,5,
210,1_01_05_00089.xml,1,5,
211,1_01_05_00091.xml,1,5,
212,1_01_05_00096.xml,1,5,
213,1_01_05_00099.xml,1,5,
214,1_01_05_00100.xml,1,5,
215,1_01_05_00104.xml,1,5,
216,1_01_05_00105.xml,1,5,
217,1_01_05_00106.xml,1,5,
218,1_01_05_00112.xml,1,5,
219,1_01_05_00114.xml,1,5,
220,1_01_05_00119.xml,1,5,
221,1_01_05_00142.xml,1,5,
222,1_01_05_00144.xml,1,5,
223,1_01_05_00146.xml,1,5,
224,1_01_05_00147.xml,1,5,
225,1_01_05_00150.xml,1,5,
226,1_01_05_00151.xml,1,5,
227,1_01_05_00152.xml,1,5,
228,1_01_05_00155.xml,1,5,
229,1_01_05_00160.xml,1,5,
230,1_01_05_00164.xml,1,5,
231,1_01_05_00167.xml,1,5,
232,1_01_05_00175.xml,1,5,
233,1_01_05_00189.xml,1,5,
234,1_01_05_00194.xml,1,5,
235,1_01_05_00198.xml,1,5,
236,1_01_05_00200.xml,1,5,
245,1_01_01_00005.xml,1,1,
246,1_01_01_00009.xml,1,1,
247,1_01_01_00010.xml,1,1,
248,1_01_01_00012.xml,1,1,
249,1_01_01_00014.xml,1,1,
250,1_01_01_00015.xml,1,1,
251,1_01_01_00025.xml,1,1,
252,1_01_01_00030.xml,1,1,
253,1_01_01_00033.xml,1,1,
254,1_01_01_00034.xml,1,1,
255,1_01_01_00040.xml,1,1,
256,1_01_01_00042.xml,1,1,
257,1_01_01_00044.xml,1,1,
258,1_01_01_00047.xml,1,1,
259,1_01_01_00052.xml,1,1,
260,1_01_01_00054.xml,1,1,
261,1_01_01_00056.xml,1,1,
262,1_01_01_00057.xml,1,1,
263,1_01_01_00060.xml,1,1,
264,1_01_01_00067.xml,1,1,
265,1_01_01_00068.xml,1,1,
266,1_01_01_00074.xml,1,1,
267,1_01_01_00076.xml,1,1,
268,1_01_01_00078.xml,1,1,
269,1_01_01_00079.xml,1,1,
270,1_01_01_00081.xml,1,1,
271,1_01_01_00082.xml,1,1,
272,1_01_01_00084.xml,1,1,
273,1_01_01_00085.xml,1,1,
274,1_01_01_00089.xml,1,1,
275,1_01_01_00092.xml,1,1,
276,1_01_01_00095.xml,1,1,
277,1_01_01_00096.xml,1,1,
278,1_01_01_00105.xml,1,1,
279,1_01_01_00106.xml,1,1,
280,1_01_01_00108.xml,1,1,
281,1_01_01_00113.xml,1,1,
282,1_01_01_00122.xml,1,1,
283,1_01_01_00123.xml,1,1,
284,1_01_01_00128.xml,1,1,
285,1_01_01_00141.xml,1,1,
286,1_01_01_00145.xml,1,1,
287,1_01_01_00148.xml,1,1,
288,1_01_01_00149.xml,1,1,
289,1_01_01_00155.xml,1,1,
290,1_01_01_00161.xml,1,1,
291,1_01_01_00169.xml,1,1,
292,1_01_01_00175.xml,1,1,
293,1_01_01_00178.xml,1,1,
294,1_01_01_00180.xml,1,1,
295,1_01_01_00191.xml,1,1,
296,1_01_01_00192.xml,1,1,
297,1_01_01_00196.xml,1,1,
298,1_01_01_00198.xml,1,1,
299,1_01_02_00003.xml,1,2,
300,1_01_02_00006.xml,1,2,
301,1_01_02_00017.xml,1,2,
302,1_01_02_00027.xml,1,2,
303,1_01_02_00092.xml,1,2,
304,1_01_02_00106.xml,1,2,
305,1_01_02_00129.xml,1,2,
441,1_02_01_00001.xml,2,1,
442,1_02_01_00017.xml,2,1,
443,1_02_01_00020.xml,2,1,
444,1_02_01_00028.xml,2,1,
445,1_02_01_00030.xml,2,1,
446,1_02_01_00049.xml,2,1,
447,1_02_01_00057.xml,2,1,
448,1_02_01_00063.xml,2,1,
449,1_02_01_00067.xml,2,1,
450,1_02_01_00069.xml,2,1,
451,1_02_01_00073.xml,2,1,
452,1_02_01_00077.xml,2,1,
453,1_02_01_00092.xml,2,1,
454,1_02_01_00095.xml,2,1,
455,1_02_01_00097.xml,2,1,
456,1_02_01_00100.xml,2,1,
457,1_02_01_00113.xml,2,1,
458,1_02_01_00116.xml,2,1,
459,1_02_01_00119.xml,2,1,
460,1_02_01_00128.xml,2,1,
461,1_02_01_00129.xml,2,1,
462,1_02_01_00133.xml,2,1,
463,1_02_01_00142.xml,2,1,
464,1_02_01_00156.xml,2,1,
465,1_02_01_00158.xml,2,1,
466,1_02_01_00173.xml,2,1,
467,1_02_01_00175.xml,2,1,
468,1_02_01_00181.xml,2,1,
469,1_02_01_00198.xml,2,1,
470,1_02_02_00014.xml,2,2,
471,1_02_02_00018.xml,2,2,
472,1_02_02_00020.xml,2,2,
473,1_02_02_00045.xml,2,2,
474,1_02_02_00061.xml,2,2,
475,1_02_02_00093.xml,2,2,
476,1_02_02_00095.xml,2,2,
477,1_02_02_00105.xml,2,2,
478,1_02_02_00131.xml,2,2,
479,1_02_02_00134.xml,2,2,
480,1_02_02_00136.xml,2,2,
481,1_02_02_00138.xml,2,2,
482,1_02_02_00154.xml,2,2,
483,1_02_02_00174.xml,2,2,
484,1_02_02_00188.xml,2,2,
485,1_02_02_00195.xml,2,2,
486,1_02_02_00199.xml,2,2,
487,1_02_03_00001.xml,2,3,
488,1_02_03_00003.xml,2,3,
489,1_02_03_00004.xml,2,3,
490,1_02_03_00005.xml,2,3,
491,1_02_03_00006.xml,2,3,
492,1_02_03_00007.xml,2,3,
493,1_02_03_00008.xml,2,3,
494,1_02_03_00009.xml,2,3,
495,1_02_03_00010.xml,2,3,
496,1_02_03_00011.xml,2,3,
497,1_02_03_00012.xml,2,3,
498,1_02_03_00013.xml,2,3,
499,1_02_03_00016.xml,2,3,
500,1_02_03_00017.xml,2,3,
501,1_02_03_00018.xml,2,3,
502,1_02_03_00019.xml,2,3,
503,1_02_03_00020.xml,2,3,
504,1_02_03_00021.xml,2,3,
505,1_02_03_00022.xml,2,3,
506,1_02_03_00023.xml,2,3,
507,1_02_03_00024.xml,2,3,
508,1_02_03_00026.xml,2,3,
509,1_02_03_00027.xml,2,3,
510,1_02_03_00028.xml,2,3,
511,1_02_03_00029.xml,2,3,
512,1_02_03_00030.xml,2,3,
513,1_02_03_00031.xml,2,3,
514,1_02_03_00032.xml,2,3,
515,1_02_03_00035.xml,2,3,
516,1_02_03_00037.xml,2,3,
517,1_02_03_00038.xml,2,3,
518,1_02_03_00040.xml,2,3,
519,1_02_03_00041.xml,2,3,
520,1_02_03_00042.xml,2,3,
521,1_02_03_00043.xml,2,3,
522,1_02_03_00045.xml,2,3,
523,1_02_03_00046.xml,2,3,
524,1_02_03_00047.xml,2,3,
525,1_02_03_00048.xml,2,3,
526,1_02_03_00049.xml,2,3,
527,1_02_03_00053.xml,2,3,
528,1_02_03_00056.xml,2,3,
529,1_02_03_00058.xml,2,3,
530,1_02_03_00059.xml,2,3,
531,1_02_03_00062.xml,2,3,
532,1_02_03_00063.xml,2,3,
533,1_02_03_00064.xml,2,3,
534,1_02_03_00065.xml,2,3,
535,1_02_03_00068.xml,2,3,
536,1_02_03_00069.xml,2,3,
537,1_02_03_00070.xml,2,3,
538,1_02_03_00071.xml,2,3,
539,1_02_03_00072.xml,2,3,
540,1_02_03_00073.xml,2,3,
541,1_02_03_00074.xml,2,3,
542,1_02_03_00076.xml,2,3,
543,1_02_03_00077.xml,2,3,
544,1_02_03_00079.xml,2,3,
545,1_02_03_00080.xml,2,3,
546,1_02_03_00081.xml,2,3,
547,1_02_03_00082.xml,2,3,
548,1_02_03_00083.xml,2,3,
549,1_02_03_00084.xml,2,3,
550,1_02_03_00085.xml,2,3,
551,1_02_03_00086.xml,2,3,
552,1_02_03_00087.xml,2,3,
553,1_02_03_00088.xml,2,3,
554,1_02_03_00089.xml,2,3,
555,1_02_03_00090.xml,2,3,
556,1_02_03_00091.xml,2,3,
557,1_02_03_00092.xml,2,3,
558,1_02_03_00094.xml,2,3,
559,1_02_03_00097.xml,2,3,
560,1_02_03_00098.xml,2,3,
561,1_02_03_00100.xml,2,3,
562,1_02_03_00101.xml,2,3,
563,1_02_03_00102.xml,2,3,
564,1_02_03_00103.xml,2,3,
565,1_02_03_00105.xml,2,3,
566,1_02_03_00106.xml,2,3,
567,1_02_03_00107.xml,2,3,
568,1_02_03_00109.xml,2,3,
569,1_02_03_00110.xml,2,3,
570,1_02_03_00113.xml,2,3,
571,1_02_03_00114.xml,2,3,
572,1_02_03_00115.xml,2,3,
573,1_02_03_00116.xml,2,3,
574,1_02_03_00117.xml,2,3,
575,1_02_03_00119.xml,2,3,
576,1_02_03_00120.xml,2,3,
577,1_02_03_00123.xml,2,3,
578,1_02_03_00124.xml,2,3,
579,1_02_03_00126.xml,2,3,
580,1_02_03_00127.xml,2,3,
581,1_02_03_00128.xml,2,3,
582,1_02_03_00130.xml,2,3,
583,1_02_03_00132.xml,2,3,
584,1_02_03_00133.xml,2,3,
585,1_02_03_00135.xml,2,3,
586,1_02_03_00136.xml,2,3,
587,1_02_03_00137.xml,2,3,
588,1_02_03_00138.xml,2,3,
589,1_02_03_00141.xml,2,3,
590,1_02_03_00142.xml,2,3,
591,1_02_03_00143.xml,2,3,
592,1_02_03_00144.xml,2,3,
593,1_02_03_00145.xml,2,3,
594,1_02_03_00146.xml,2,3,
595,1_02_03_00147.xml,2,3,
596,1_02_03_00148.xml,2,3,
597,1_02_03_00149.xml,2,3,
598,1_02_03_00150.xml,2,3,
599,1_02_03_00151.xml,2,3,
600,1_02_03_00152.xml,2,3,
601,1_02_03_00153.xml,2,3,
602,1_02_03_00154.xml,2,3,
603,1_02_03_00155.xml,2,3,
604,1_02_03_00156.xml,2,3,
605,1_02_03_00157.xml,2,3,
606,1_02_03_00158.xml,2,3,
607,1_02_03_00159.xml,2,3,
608,1_02_03_00161.xml,2,3,
609,1_02_03_00163.xml,2,3,
610,1_02_03_00165.xml,2,3,
611,1_02_03_00166.xml,2,3,
612,1_02_03_00167.xml,2,3,
613,1_02_03_00169.xml,2,3,
614,1_02_03_00170.xml,2,3,
615,1_02_03_00171.xml,2,3,
616,1_02_03_00172.xml,2,3,
617,1_02_03_00173.xml,2,3,
618,1_02_03_00174.xml,2,3,
619,1_02_03_00175.xml,2,3,
620,1_02_03_00176.xml,2,3,
621,1_02_03_00177.xml,2,3,
622,1_02_03_00178.xml,2,3,
623,1_02_03_00179.xml,2,3,
624,1_02_03_00180.xml,2,3,
625,1_02_03_00181.xml,2,3,
626,1_02_03_00182.xml,2,3,
627,1_02_03_00183.xml,2,3,
628,1_02_03_00184.xml,2,3,
629,1_02_03_00185.xml,2,3,
630,1_02_03_00187.xml,2,3,
631,1_02_03_00188.xml,2,3,
632,1_02_03_00189.xml,2,3,
633,1_02_03_00190.xml,2,3,
634,1_02_03_00191.xml,2,3,
635,1_02_03_00192.xml,2,3,
636,1_02_03_00193.xml,2,3,
637,1_02_03_00194.xml,2,3,
638,1_02_03_00196.xml,2,3,
639,1_02_03_00197.xml,2,3,
640,1_02_03_00198.xml,2,3,
641,1_02_03_00199.xml,2,3,
642,1_02_03_00200.xml,2,3,
643,1_02_04_00001.xml,2,4,
644,1_02_04_00017.xml,2,4,
645,1_02_04_00018.xml,2,4,
646,1_02_04_00022.xml,2,4,
647,1_02_04_00023.xml,2,4,
648,1_02_04_00024.xml,2,4,
649,1_02_04_00030.xml,2,4,
650,1_02_04_00032.xml,2,4,
651,1_02_04_00033.xml,2,4,
652,1_02_04_00036.xml,2,4,
653,1_02_04_00037.xml,2,4,
654,1_02_04_00040.xml,2,4,
655,1_02_04_00042.xml,2,4,
656,1_02_04_00044.xml,2,4,
657,1_02_04_00049.xml,2,4,
658,1_02_04_00050.xml,2,4,
659,1_02_04_00053.xml,2,4,
660,1_02_04_00055.xml,2,4,
661,1_02_04_00061.xml,2,4,
662,1_02_04_00066.xml,2,4,
663,1_02_04_00068.xml,2,4,
664,1_02_04_00073.xml,2,4,
665,1_02_04_00082.xml,2,4,
666,1_02_04_00083.xml,2,4,
667,1_02_04_00084.xml,2,4,
668,1_02_04_00085.xml,2,4,
669,1_02_04_00088.xml,2,4,
670,1_02_04_00090.xml,2,4,
671,1_02_04_00095.xml,2,4,
672,1_02_04_00100.xml,2,4,
673,1_02_04_00101.xml,2,4,
674,1_02_04_00102.xml,2,4,
675,1_02_04_00104.xml,2,4,
676,1_02_04_00105.xml,2,4,
677,1_02_04_00107.xml,2,4,
678,1_02_04_00110.xml,2,4,
679,1_02_04_00114.xml,2,4,
680,1_02_04_00116.xml,2,4,
681,1_02_04_00119.xml,2,4,
682,1_02_04_00120.xml,2,4,
683,1_02_04_00121.xml,2,4,
684,1_02_04_00129.xml,2,4,
685,1_02_04_00130.xml,2,4,
686,1_02_04_00133.xml,2,4,
687,1_02_04_00135.xml,2,4,
688,1_02_04_00136.xml,2,4,
689,1_02_04_00142.xml,2,4,
690,1_02_04_00143.xml,2,4,
691,1_02_04_00144.xml,2,4,
692,1_02_04_00147.xml,2,4,
693,1_02_04_00150.xml,2,4,
694,1_02_04_00151.xml,2,4,
695,1_02_04_00152.xml,2,4,
696,1_02_04_00153.xml,2,4,
697,1_02_04_00155.xml,2,4,
698,1_02_04_00157.xml,2,4,
699,1_02_04_00160.xml,2,4,
700,1_02_04_00169.xml,2,4,
701,1_02_04_00170.xml,2,4,
702,1_02_04_00173.xml,2,4,
703,1_02_04_00174.xml,2,4,
704,1_02_04_00177.xml,2,4,
705,1_02_04_00181.xml,2,4,
706,1_02_04_00182.xml,2,4,
707,1_02_04_00186.xml,2,4,
708,1_02_04_00199.xml,2,4,
709,1_02_05_00002.xml,2,5,
710,1_02_05_00006.xml,2,5,
711,1_02_05_00011.xml,2,5,
712,1_02_05_00027.xml,2,5,
713,1_02_05_00032.xml,2,5,
714,1_02_05_00034.xml,2,5,
715,1_02_05_00055.xml,2,5,
716,1_02_05_00059.xml,2,5,
717,1_02_05_00065.xml,2,5,
718,1_02_05_00081.xml,2,5,
719,1_02_05_00085.xml,2,5,
720,1_02_05_00110.xml,2,5,
721,1_02_05_00122.xml,2,5,
722,1_02_05_00156.xml,2,5,
723,1_02_05_00172.xml,2,5,
724,1_02_05_00174.xml,2,5,
725,1_02_05_00177.xml,2,5,
726,1_02_05_00180.xml,2,5,
727,1_02_05_00195.xml,2,5,
728,1_02_05_00199.xml,2,5,
0,1_01_06_00003.xml,,,
1,1_01_06_00010.xml,,,
2,1_01_06_00011.xml,,,
3,1_01_06_00014.xml,,,
4,1_01_06_00015.xml,,,
5,1_01_06_00017.xml,,,
6,1_01_06_00018.xml,,,
7,1_01_06_00021.xml,,,
8,1_01_06_00026.xml,,,
9,1_01_06_00034.xml,,,
10,1_01_06_00036.xml,,,
11,1_01_06_00038.xml,,,
12,1_01_06_00051.xml,,,
13,1_01_06_00055.xml,,,
14,1_01_06_00057.xml,,,
15,1_01_06_00058.xml,,,
16,1_01_06_00061.xml,,,
17,1_01_06_00062.xml,,,
18,1_01_06_00066.xml,,,
19,1_01_06_00069.xml,,,
20,1_01_06_00075.xml,,,
21,1_01_06_00076.xml,,,
22,1_01_06_00079.xml,,,
23,1_01_06_00081.xml,,,
24,1_01_06_00082.xml,,,
25,1_01_06_00093.xml,,,
26,1_01_06_00095.xml,,,
27,1_01_06_00098.xml,,,
28,1_01_06_00100.xml,,,
29,1_01_06_00101.xml,,,
30,1_01_06_00104.xml,,,
31,1_01_06_00105.xml,,,
32,1_01_06_00114.xml,,,
33,1_01_06_00115.xml,,,
34,1_01_06_00119.xml,,,
35,1_01_06_00120.xml,,,
36,1_01_06_00125.xml,,,
37,1_01_06_00128.xml,,,
38,1_01_06_00131.xml,,,
39,1_01_06_00133.xml,,,
40,1_01_06_00135.xml,,,
41,1_01_06_00138.xml,,,
42,1_01_06_00141.xml,,,
43,1_01_06_00142.xml,,,
44,1_01_06_00146.xml,,,
45,1_01_06_00148.xml,,,
46,1_01_06_00150.xml,,,
47,1_01_06_00152.xml,,,
48,1_01_06_00156.xml,,,
49,1_01_06_00162.xml,,,
50,1_01_06_00169.xml,,,
51,1_01_06_00178.xml,,,
52,1_01_06_00181.xml,,,
53,1_01_06_00184.xml,,,
54,1_01_06_00185.xml,,,
55,1_01_06_00187.xml,,,
56,1_01_06_00193.xml,,,
57,1_02_06_00007.xml,,,
58,1_02_06_00013.xml,,,
59,1_02_06_00014.xml,,,
60,1_02_06_00021.xml,,,
61,1_02_06_00023.xml,,,
62,1_02_06_00025.xml,,,
63,1_02_06_00027.xml,,,
64,1_02_06_00032.xml,,,
65,1_02_06_00035.xml,,,
66,1_02_06_00054.xml,,,
67,1_02_06_00063.xml,,,
68,1_02_06_00074.xml,,,
69,1_02_06_00079.xml,,,
70,1_02_06_00087.xml,,,
71,1_02_06_00092.xml,,,
72,1_02_06_00103.xml,,,
73,1_02_06_00118.xml,,,
74,1_02_06_00128.xml,,,
75,1_02_06_00131.xml,,,
76,1_02_06_00137.xml,,,
77,1_02_06_00145.xml,,,
78,1_02_06_00161.xml,,,
79,1_02_06_00199.xml,,,
0,2_01_01_00001.xml,1,1,2
1,2_01_01_00003.xml,1,1,2
2,2_01_01_00005.xml,1,1,2
3,2_01_01_00006.xml,1,1,2
4,2_01_01_00007.xml,1,1,2
5,2_01_01_00008.xml,1,1,2
6,2_01_01_00009.xml,1,1,2
7,2_01_01_00010.xml,1,1,2
8,2_01_01_00011.xml,1,1,2
9,2_01_01_00012.xml,1,1,2
10,2_01_01_00013.xml,1,1,2
11,2_01_01_00015.xml,1,1,2
12,2_01_01_00016.xml,1,1,2
13,2_01_01_00017.xml,1,1,2
14,2_01_01_00018.xml,1,1,2
15,2_01_01_00019.xml,1,1,2
16,2_01_01_00020.xml,1,1,2
17,2_01_01_00024.xml,1,1,2
18,2_01_01_00025.xml,1,1,2
19,2_01_01_00026.xml,1,1,2
20,2_01_01_00028.xml,1,1,2
21,2_01_01_00030.xml,1,1,2
22,2_01_01_00033.xml,1,1,2
23,2_01_01_00034.xml,1,1,2
24,2_01_01_00035.xml,1,1,2
25,2_01_01_00037.xml,1,1,2
26,2_01_01_00038.xml,1,1,2
27,2_01_01_00040.xml,1,1,2
28,2_01_01_00041.xml,1,1,2
29,2_01_01_00042.xml,1,1,2
30,2_01_01_00044.xml,1,1,2
31,2_01_01_00045.xml,1,1,2
32,2_01_01_00046.xml,1,1,2
33,2_01_01_00047.xml,1,1,2
34,2_01_01_00049.xml,1,1,2
35,2_01_01_00051.xml,1,1,2
36,2_01_01_00052.xml,1,1,2
37,2_01_01_00053.xml,1,1,2
38,2_01_01_00054.xml,1,1,2
39,2_01_01_00055.xml,1,1,2
40,2_01_01_00056.xml,1,1,2
41,2_01_01_00057.xml,1,1,2
42,2_01_01_00058.xml,1,1,2
43,2_01_01_00060.xml,1,1,2
44,2_01_01_00063.xml,1,1,2
45,2_01_01_00064.xml,1,1,2
46,2_01_01_00065.xml,1,1,2
47,2_01_01_00066.xml,1,1,2
48,2_01_01_00067.xml,1,1,2
49,2_01_01_00069.xml,1,1,2
50,2_01_01_00071.xml,1,1,2
51,2_01_01_00072.xml,1,1,2
52,2_01_01_00073.xml,1,1,2
53,2_01_01_00074.xml,1,1,2
54,2_01_01_00075.xml,1,1,2
55,2_01_01_00077.xml,1,1,2
56,2_01_01_00079.xml,1,1,2
57,2_01_01_00081.xml,1,1,2
58,2_01_01_00083.xml,1,1,2
59,2_01_01_00084.xml,1,1,2
60,2_01_01_00086.xml,1,1,2
61,2_01_01_00088.xml,1,1,2
62,2_01_01_00090.xml,1,1,2
63,2_01_01_00091.xml,1,1,2
64,2_01_01_00092.xml,1,1,2
65,2_01_01_00093.xml,1,1,2
66,2_01_01_00094.xml,1,1,2
67,2_01_01_00098.xml,1,1,2
68,2_01_01_00099.xml,1,1,2
69,2_01_01_00101.xml,1,1,2
70,2_01_01_00103.xml,1,1,2
71,2_01_01_00104.xml,1,1,2
72,2_01_01_00107.xml,1,1,2
73,2_01_01_00108.xml,1,1,2
74,2_01_01_00109.xml,1,1,2
75,2_01_01_00110.xml,1,1,2
76,2_01_01_00112.xml,1,1,2
77,2_01_01_00114.xml,1,1,2
78,2_01_01_00115.xml,1,1,2
79,2_01_01_00116.xml,1,1,2
80,2_01_01_00117.xml,1,1,2
81,2_01_01_00118.xml,1,1,2
82,2_01_01_00119.xml,1,1,2
83,2_01_01_00122.xml,1,1,2
84,2_01_01_00123.xml,1,1,2
85,2_01_01_00124.xml,1,1,2
86,2_01_01_00125.xml,1,1,2
87,2_01_01_00132.xml,1,1,2
88,2_01_01_00134.xml,1,1,2
89,2_01_01_00137.xml,1,1,2
90,2_01_01_00138.xml,1,1,2
91,2_01_01_00140.xml,1,1,2
92,2_01_01_00142.xml,1,1,2
93,2_01_01_00144.xml,1,1,2
94,2_01_01_00147.xml,1,1,2
95,2_01_01_00148.xml,1,1,2
96,2_01_01_00149.xml,1,1,2
97,2_01_01_00150.xml,1,1,2
98,2_01_01_00151.xml,1,1,2
99,2_01_01_00152.xml,1,1,2
100,2_01_01_00153.xml,1,1,2
101,2_01_01_00154.xml,1,1,2
102,2_01_01_00156.xml,1,1,2
103,2_01_01_00157.xml,1,1,2
104,2_01_01_00158.xml,1,1,2
105,2_01_01_00160.xml,1,1,2
106,2_01_01_00162.xml,1,1,2
107,2_01_01_00164.xml,1,1,2
108,2_01_01_00167.xml,1,1,2
109,2_01_01_00168.xml,1,1,2
110,2_01_01_00169.xml,1,1,2
111,2_01_01_00170.xml,1,1,2
112,2_01_01_00171.xml,1,1,2
113,2_01_01_00173.xml,1,1,2
114,2_01_01_00174.xml,1,1,2
115,2_01_01_00175.xml,1,1,2
116,2_01_01_00176.xml,1,1,2
117,2_01_01_00177.xml,1,1,2
118,2_01_01_00179.xml,1,1,2
119,2_01_01_00181.xml,1,1,2
120,2_01_01_00182.xml,1,1,2
121,2_01_01_00185.xml,1,1,2
122,2_01_01_00187.xml,1,1,2
123,2_01_01_00188.xml,1,1,2
124,2_01_01_00190.xml,1,1,2
125,2_01_01_00191.xml,1,1,2
126,2_01_01_00192.xml,1,1,2
127,2_01_01_00193.xml,1,1,2
128,2_01_01_00195.xml,1,1,2
129,2_01_01_00196.xml,1,1,2
130,2_01_01_00197.xml,1,1,2
131,2_01_02_00075.xml,1,2,2
132,2_01_02_00194.xml,1,2,2
133,2_01_03_00003.xml,1,3,2
134,2_01_03_00085.xml,1,3,2
135,2_01_03_00104.xml,1,3,2
136,2_01_03_00136.xml,1,3,2
137,2_01_03_00200.xml,1,3,2
138,2_01_04_00002.xml,1,4,2
139,2_01_04_00003.xml,1,4,2
140,2_01_04_00004.xml,1,4,2
141,2_01_04_00005.xml,1,4,2
142,2_01_04_00008.xml,1,4,2
143,2_01_04_00009.xml,1,4,2
144,2_01_04_00010.xml,1,4,2
145,2_01_04_00013.xml,1,4,2
146,2_01_04_00014.xml,1,4,2
147,2_01_04_00015.xml,1,4,2
148,2_01_04_00018.xml,1,4,2
149,2_01_04_00020.xml,1,4,2
150,2_01_04_00022.xml,1,4,2
151,2_01_04_00023.xml,1,4,2
152,2_01_04_00027.xml,1,4,2
153,2_01_04_00029.xml,1,4,2
154,2_01_04_00033.xml,1,4,2
155,2_01_04_00037.xml,1,4,2
156,2_01_04_00038.xml,1,4,2
157,2_01_04_00041.xml,1,4,2
158,2_01_04_00042.xml,1,4,2
159,2_01_04_00043.xml,1,4,2
160,2_01_04_00045.xml,1,4,2
161,2_01_04_00046.xml,1,4,2
162,2_01_04_00047.xml,1,4,2
163,2_01_04_00048.xml,1,4,2
164,2_01_04_00049.xml,1,4,2
165,2_01_04_00050.xml,1,4,2
166,2_01_04_00051.xml,1,4,2
167,2_01_04_00052.xml,1,4,2
168,2_01_04_00053.xml,1,4,2
169,2_01_04_00055.xml,1,4,2
170,2_01_04_00058.xml,1,4,2
171,2_01_04_00059.xml,1,4,2
172,2_01_04_00063.xml,1,4,2
173,2_01_04_00064.xml,1,4,2
174,2_01_04_00065.xml,1,4,2
175,2_01_04_00066.xml,1,4,2
176,2_01_04_00069.xml,1,4,2
177,2_01_04_00070.xml,1,4,2
178,2_01_04_00071.xml,1,4,2
179,2_01_04_00072.xml,1,4,2
180,2_01_04_00074.xml,1,4,2
181,2_01_04_00079.xml,1,4,2
182,2_01_04_00080.xml,1,4,2
183,2_01_04_00082.xml,1,4,2
184,2_01_04_00083.xml,1,4,2
185,2_01_04_00084.xml,1,4,2
186,2_01_04_00085.xml,1,4,2
187,2_01_04_00087.xml,1,4,2
188,2_01_04_00088.xml,1,4,2
189,2_01_04_00090.xml,1,4,2
190,2_01_04_00095.xml,1,4,2
191,2_01_04_00096.xml,1,4,2
192,2_01_04_00097.xml,1,4,2
193,2_01_04_00100.xml,1,4,2
194,2_01_04_00102.xml,1,4,2
195,2_01_04_00103.xml,1,4,2
196,2_01_04_00104.xml,1,4,2
197,2_01_04_00105.xml,1,4,2
198,2_01_04_00107.xml,1,4,2
199,2_01_04_00108.xml,1,4,2
200,2_01_04_00112.xml,1,4,2
201,2_01_04_00113.xml,1,4,2
202,2_01_04_00116.xml,1,4,2
203,2_01_04_00117.xml,1,4,2
204,2_01_04_00118.xml,1,4,2
205,2_01_04_00122.xml,1,4,2
206,2_01_04_00123.xml,1,4,2
207,2_01_04_00124.xml,1,4,2
208,2_01_04_00125.xml,1,4,2
209,2_01_04_00128.xml,1,4,2
210,2_01_04_00131.xml,1,4,2
211,2_01_04_00134.xml,1,4,2
212,2_01_04_00138.xml,1,4,2
213,2_01_04_00139.xml,1,4,2
214,2_01_04_00141.xml,1,4,2
215,2_01_04_00142.xml,1,4,2
216,2_01_04_00143.xml,1,4,2
217,2_01_04_00145.xml,1,4,2
218,2_01_04_00146.xml,1,4,2
219,2_01_04_00147.xml,1,4,2
220,2_01_04_00148.xml,1,4,2
221,2_01_04_00152.xml,1,4,2
222,2_01_04_00153.xml,1,4,2
223,2_01_04_00154.xml,1,4,2
224,2_01_04_00155.xml,1,4,2
225,2_01_04_00156.xml,1,4,2
226,2_01_04_00157.xml,1,4,2
227,2_01_04_00158.xml,1,4,2
228,2_01_04_00159.xml,1,4,2
229,2_01_04_00160.xml,1,4,2
230,2_01_04_00161.xml,1,4,2
231,2_01_04_00162.xml,1,4,2
232,2_01_04_00164.xml,1,4,2
233,2_01_04_00165.xml,1,4,2
234,2_01_04_00166.xml,1,4,2
235,2_01_04_00168.xml,1,4,2
236,2_01_04_00169.xml,1,4,2
237,2_01_04_00170.xml,1,4,2
238,2_01_04_00171.xml,1,4,2
239,2_01_04_00172.xml,1,4,2
240,2_01_04_00173.xml,1,4,2
241,2_01_04_00176.xml,1,4,2
242,2_01_04_00177.xml,1,4,2
243,2_01_04_00178.xml,1,4,2
244,2_01_04_00179.xml,1,4,2
245,2_01_04_00182.xml,1,4,2
246,2_01_04_00183.xml,1,4,2
247,2_01_04_00184.xml,1,4,2
248,2_01_04_00186.xml,1,4,2
249,2_01_04_00189.xml,1,4,2
250,2_01_04_00190.xml,1,4,2
251,2_01_04_00194.xml,1,4,2
252,2_01_04_00195.xml,1,4,2
253,2_01_04_00197.xml,1,4,2
254,2_01_04_00198.xml,1,4,2
255,2_01_04_00199.xml,1,4,2
256,2_01_04_00200.xml,1,4,2
257,2_01_06_00020.xml,1,6,2
258,2_01_06_00023.xml,1,6,2
259,2_01_06_00046.xml,1,6,2
260,2_01_06_00055.xml,1,6,2
261,2_01_06_00078.xml,1,6,2
262,2_01_06_00103.xml,1,6,2
263,2_01_06_00108.xml,1,6,2
264,2_01_06_00111.xml,1,6,2
265,2_01_06_00145.xml,1,6,2
266,2_01_06_00180.xml,1,6,2
267,2_01_07_00002.xml,1,7,2
268,2_01_07_00007.xml,1,7,2
269,2_01_07_00008.xml,1,7,2
270,2_01_07_00033.xml,1,7,2
271,2_01_07_00036.xml,1,7,2
272,2_01_07_00039.xml,1,7,2
273,2_01_07_00062.xml,1,7,2
274,2_01_07_00076.xml,1,7,2
275,2_01_07_00077.xml,1,7,2
276,2_01_07_00079.xml,1,7,2
277,2_01_07_00085.xml,1,7,2
278,2_01_07_00120.xml,1,7,2
279,2_01_07_00130.xml,1,7,2
280,2_01_07_00135.xml,1,7,2
281,2_01_07_00148.xml,1,7,2
282,2_01_07_00163.xml,1,7,2
283,2_01_08_00005.xml,1,8,2
284,2_01_08_00009.xml,1,8,2
285,2_01_08_00010.xml,1,8,2
286,2_01_08_00015.xml,1,8,2
287,2_01_08_00020.xml,1,8,2
288,2_01_08_00027.xml,1,8,2
289,2_01_08_00031.xml,1,8,2
290,2_01_08_00034.xml,1,8,2
291,2_01_08_00039.xml,1,8,2
292,2_01_08_00044.xml,1,8,2
293,2_01_08_00075.xml,1,8,2
294,2_01_08_00081.xml,1,8,2
295,2_01_08_00105.xml,1,8,2
296,2_01_08_00107.xml,1,8,2
297,2_01_08_00110.xml,1,8,2
298,2_01_08_00112.xml,1,8,2
299,2_01_08_00124.xml,1,8,2
300,2_01_08_00128.xml,1,8,2
301,2_01_08_00130.xml,1,8,2
302,2_01_08_00135.xml,1,8,2
303,2_01_08_00140.xml,1,8,2
304,2_01_08_00152.xml,1,8,2
305,2_01_08_00160.xml,1,8,2
306,2_01_08_00166.xml,1,8,2
307,2_01_08_00185.xml,1,8,2
308,2_01_08_00187.xml,1,8,2
309,2_01_08_00190.xml,1,8,2
310,2_01_08_00196.xml,1,8,2
311,2_01_08_00199.xml,1,8,2
312,2_01_08_00200.xml,1,8,2
313,2_01_09_00002.xml,1,9,2
314,2_01_09_00006.xml,1,9,2
315,2_01_09_00008.xml,1,9,2
316,2_01_09_00009.xml,1,9,2
317,2_01_09_00019.xml,1,9,2
318,2_01_09_00024.xml,1,9,2
319,2_01_09_00030.xml,1,9,2
320,2_01_09_00031.xml,1,9,2
321,2_01_09_00054.xml,1,9,2
322,2_01_09_00060.xml,1,9,2
323,2_01_09_00065.xml,1,9,2
324,2_01_09_00068.xml,1,9,2
325,2_01_09_00072.xml,1,9,2
326,2_01_09_00078.xml,1,9,2
327,2_01_09_00116.xml,1,9,2
328,2_01_09_00117.xml,1,9,2
329,2_01_09_00126.xml,1,9,2
330,2_01_09_00135.xml,1,9,2
331,2_01_09_00147.xml,1,9,2
332,2_01_09_00156.xml,1,9,2
333,2_01_09_00159.xml,1,9,2
334,2_01_09_00169.xml,1,9,2
335,2_01_09_00172.xml,1,9,2
336,2_01_09_00186.xml,1,9,2
337,2_01_09_00188.xml,1,9,2
338,2_02_01_00001.xml,2,1,2
339,2_02_01_00002.xml,2,1,2
340,2_02_01_00003.xml,2,1,2
341,2_02_01_00004.xml,2,1,2
342,2_02_01_00007.xml,2,1,2
343,2_02_01_00008.xml,2,1,2
344,2_02_01_00009.xml,2,1,2
345,2_02_01_00010.xml,2,1,2
346,2_02_01_00011.xml,2,1,2
347,2_02_01_00013.xml,2,1,2
348,2_02_01_00014.xml,2,1,2
349,2_02_01_00015.xml,2,1,2
350,2_02_01_00016.xml,2,1,2
351,2_02_01_00017.xml,2,1,2
352,2_02_01_00018.xml,2,1,2
353,2_02_01_00019.xml,2,1,2
354,2_02_01_00020.xml,2,1,2
355,2_02_01_00021.xml,2,1,2
356,2_02_01_00022.xml,2,1,2
357,2_02_01_00023.xml,2,1,2
358,2_02_01_00024.xml,2,1,2
359,2_02_01_00025.xml,2,1,2
360,2_02_01_00027.xml,2,1,2
361,2_02_01_00028.xml,2,1,2
362,2_02_01_00029.xml,2,1,2
363,2_02_01_00030.xml,2,1,2
364,2_02_01_00031.xml,2,1,2
365,2_02_01_00032.xml,2,1,2
366,2_02_01_00033.xml,2,1,2
367,2_02_01_00034.xml,2,1,2
368,2_02_01_00036.xml,2,1,2
369,2_02_01_00037.xml,2,1,2
370,2_02_01_00038.xml,2,1,2
371,2_02_01_00042.xml,2,1,2
372,2_02_01_00043.xml,2,1,2
373,2_02_01_00045.xml,2,1,2
374,2_02_01_00048.xml,2,1,2
375,2_02_01_00049.xml,2,1,2
376,2_02_01_00050.xml,2,1,2
377,2_02_01_00051.xml,2,1,2
378,2_02_01_00052.xml,2,1,2
379,2_02_01_00053.xml,2,1,2
380,2_02_01_00054.xml,2,1,2
381,2_02_01_00055.xml,2,1,2
382,2_02_01_00059.xml,2,1,2
383,2_02_01_00060.xml,2,1,2
384,2_02_01_00061.xml,2,1,2
385,2_02_01_00062.xml,2,1,2
386,2_02_01_00063.xml,2,1,2
387,2_02_01_00065.xml,2,1,2
388,2_02_01_00067.xml,2,1,2
389,2_02_01_00068.xml,2,1,2
390,2_02_01_00069.xml,2,1,2
391,2_02_01_00070.xml,2,1,2
392,2_02_01_00071.xml,2,1,2
393,2_02_01_00072.xml,2,1,2
394,2_02_01_00073.xml,2,1,2
395,2_02_01_00074.xml,2,1,2
396,2_02_01_00080.xml,2,1,2
397,2_02_01_00081.xml,2,1,2
398,2_02_01_00082.xml,2,1,2
399,2_02_01_00083.xml,2,1,2
400,2_02_01_00084.xml,2,1,2
401,2_02_01_00085.xml,2,1,2
402,2_02_01_00086.xml,2,1,2
403,2_02_01_00091.xml,2,1,2
404,2_02_01_00092.xml,2,1,2
405,2_02_01_00093.xml,2,1,2
406,2_02_01_00095.xml,2,1,2
407,2_02_01_00096.xml,2,1,2
408,2_02_01_00097.xml,2,1,2
409,2_02_01_00098.xml,2,1,2
410,2_02_01_00099.xml,2,1,2
411,2_02_01_00100.xml,2,1,2
412,2_02_01_00101.xml,2,1,2
413,2_02_01_00102.xml,2,1,2
414,2_02_01_00103.xml,2,1,2
415,2_02_01_00104.xml,2,1,2
416,2_02_01_00105.xml,2,1,2
417,2_02_01_00106.xml,2,1,2
418,2_02_01_00107.xml,2,1,2
419,2_02_01_00108.xml,2,1,2
420,2_02_01_00109.xml,2,1,2
421,2_02_01_00111.xml,2,1,2
422,2_02_01_00112.xml,2,1,2
423,2_02_01_00113.xml,2,1,2
424,2_02_01_00115.xml,2,1,2
425,2_02_01_00116.xml,2,1,2
426,2_02_01_00118.xml,2,1,2
427,2_02_01_00119.xml,2,1,2
428,2_02_01_00120.xml,2,1,2
429,2_02_01_00122.xml,2,1,2
430,2_02_01_00123.xml,2,1,2
431,2_02_01_00124.xml,2,1,2
432,2_02_01_00127.xml,2,1,2
433,2_02_01_00129.xml,2,1,2
434,2_02_01_00130.xml,2,1,2
435,2_02_01_00131.xml,2,1,2
436,2_02_01_00132.xml,2,1,2
437,2_02_01_00135.xml,2,1,2
438,2_02_01_00136.xml,2,1,2
439,2_02_01_00137.xml,2,1,2
440,2_02_01_00138.xml,2,1,2
441,2_02_01_00139.xml,2,1,2
442,2_02_01_00140.xml,2,1,2
443,2_02_01_00143.xml,2,1,2
444,2_02_01_00144.xml,2,1,2
445,2_02_01_00145.xml,2,1,2
446,2_02_01_00147.xml,2,1,2
447,2_02_01_00149.xml,2,1,2
448,2_02_01_00150.xml,2,1,2
449,2_02_01_00151.xml,2,1,2
450,2_02_01_00152.xml,2,1,2
451,2_02_01_00153.xml,2,1,2
452,2_02_01_00154.xml,2,1,2
453,2_02_01_00156.xml,2,1,2
454,2_02_01_00157.xml,2,1,2
455,2_02_01_00158.xml,2,1,2
456,2_02_01_00159.xml,2,1,2
457,2_02_01_00160.xml,2,1,2
458,2_02_01_00161.xml,2,1,2
459,2_02_01_00162.xml,2,1,2
460,2_02_01_00163.xml,2,1,2
461,2_02_01_00164.xml,2,1,2
462,2_02_01_00167.xml,2,1,2
463,2_02_01_00170.xml,2,1,2
464,2_02_01_00171.xml,2,1,2
465,2_02_01_00172.xml,2,1,2
466,2_02_01_00173.xml,2,1,2
467,2_02_01_00174.xml,2,1,2
468,2_02_01_00177.xml,2,1,2
469,2_02_01_00178.xml,2,1,2
470,2_02_01_00182.xml,2,1,2
471,2_02_01_00183.xml,2,1,2
472,2_02_01_00184.xml,2,1,2
473,2_02_01_00185.xml,2,1,2
474,2_02_01_00186.xml,2,1,2
475,2_02_01_00187.xml,2,1,2
476,2_02_01_00188.xml,2,1,2
477,2_02_01_00190.xml,2,1,2
478,2_02_01_00192.xml,2,1,2
479,2_02_01_00193.xml,2,1,2
480,2_02_01_00196.xml,2,1,2
481,2_02_01_00198.xml,2,1,2
482,2_02_02_00017.xml,2,2,2
483,2_02_02_00173.xml,2,2,2
484,2_02_03_00096.xml,2,3,2
485,2_02_03_00124.xml,2,3,2
486,2_02_05_00032.xml,2,5,2
487,2_02_05_00067.xml,2,5,2
488,2_02_05_00116.xml,2,5,2
489,2_02_05_00122.xml,2,5,2
490,2_02_05_00152.xml,2,5,2
491,2_02_05_00166.xml,2,5,2
492,2_02_06_00011.xml,2,6,2
493,2_02_07_00096.xml,2,7,2
494,2_02_07_00186.xml,2,7,2
495,2_02_08_00001.xml,2,8,2
496,2_02_08_00004.xml,2,8,2
497,2_02_08_00007.xml,2,8,2
498,2_02_08_00009.xml,2,8,2
499,2_02_08_00011.xml,2,8,2
500,2_02_08_00012.xml,2,8,2
501,2_02_08_00013.xml,2,8,2
502,2_02_08_00015.xml,2,8,2
503,2_02_08_00017.xml,2,8,2
504,2_02_08_00021.xml,2,8,2
505,2_02_08_00022.xml,2,8,2
506,2_02_08_00023.xml,2,8,2
507,2_02_08_00027.xml,2,8,2
508,2_02_08_00028.xml,2,8,2
509,2_02_08_00030.xml,2,8,2
510,2_02_08_00031.xml,2,8,2
511,2_02_08_00039.xml,2,8,2
512,2_02_08_00042.xml,2,8,2
513,2_02_08_00047.xml,2,8,2
514,2_02_08_00050.xml,2,8,2
515,2_02_08_00051.xml,2,8,2
516,2_02_08_00052.xml,2,8,2
517,2_02_08_00053.xml,2,8,2
518,2_02_08_00059.xml,2,8,2
519,2_02_08_00061.xml,2,8,2
520,2_02_08_00062.xml,2,8,2
521,2_02_08_00067.xml,2,8,2
522,2_02_08_00070.xml,2,8,2
523,2_02_08_00075.xml,2,8,2
524,2_02_08_00076.xml,2,8,2
525,2_02_08_00081.xml,2,8,2
526,2_02_08_00083.xml,2,8,2
527,2_02_08_00084.xml,2,8,2
528,2_02_08_00086.xml,2,8,2
529,2_02_08_00087.xml,2,8,2
530,2_02_08_00089.xml,2,8,2
531,2_02_08_00090.xml,2,8,2
532,2_02_08_00093.xml,2,8,2
533,2_02_08_00095.xml,2,8,2
534,2_02_08_00096.xml,2,8,2
535,2_02_08_00097.xml,2,8,2
536,2_02_08_00098.xml,2,8,2
537,2_02_08_00106.xml,2,8,2
538,2_02_08_00112.xml,2,8,2
539,2_02_08_00114.xml,2,8,2
540,2_02_08_00115.xml,2,8,2
541,2_02_08_00116.xml,2,8,2
542,2_02_08_00117.xml,2,8,2
543,2_02_08_00119.xml,2,8,2
544,2_02_08_00120.xml,2,8,2
545,2_02_08_00122.xml,2,8,2
546,2_02_08_00123.xml,2,8,2
547,2_02_08_00125.xml,2,8,2
548,2_02_08_00133.xml,2,8,2
549,2_02_08_00134.xml,2,8,2
550,2_02_08_00135.xml,2,8,2
551,2_02_08_00137.xml,2,8,2
552,2_02_08_00141.xml,2,8,2
553,2_02_08_00142.xml,2,8,2
554,2_02_08_00143.xml,2,8,2
555,2_02_08_00145.xml,2,8,2
556,2_02_08_00146.xml,2,8,2
557,2_02_08_00147.xml,2,8,2
558,2_02_08_00148.xml,2,8,2
559,2_02_08_00149.xml,2,8,2
560,2_02_08_00150.xml,2,8,2
561,2_02_08_00152.xml,2,8,2
562,2_02_08_00155.xml,2,8,2
563,2_02_08_00158.xml,2,8,2
564,2_02_08_00161.xml,2,8,2
565,2_02_08_00165.xml,2,8,2
566,2_02_08_00169.xml,2,8,2
567,2_02_08_00172.xml,2,8,2
568,2_02_08_00180.xml,2,8,2
569,2_02_08_00181.xml,2,8,2
570,2_02_08_00182.xml,2,8,2
571,2_02_08_00183.xml,2,8,2
572,2_02_08_00184.xml,2,8,2
573,2_02_08_00185.xml,2,8,2
574,2_02_08_00189.xml,2,8,2
575,2_02_08_00191.xml,2,8,2
576,2_02_08_00193.xml,2,8,2
577,2_02_08_00195.xml,2,8,2
578,2_02_08_00197.xml,2,8,2
579,2_02_08_00198.xml,2,8,2
580,2_02_08_00199.xml,2,8,2
581,2_03_01_00018.xml,3,1,2
582,2_03_01_00031.xml,3,1,2
583,2_03_01_00034.xml,3,1,2
584,2_03_01_00103.xml,3,1,2
585,2_03_01_00108.xml,3,1,2
586,2_03_01_00120.xml,3,1,2
587,2_03_01_00121.xml,3,1,2
588,2_03_01_00137.xml,3,1,2
589,2_03_01_00169.xml,3,1,2
590,2_03_01_00170.xml,3,1,2
591,2_03_01_00181.xml,3,1,2
592,2_03_02_00001.xml,3,2,2
593,2_03_02_00003.xml,3,2,2
594,2_03_02_00005.xml,3,2,2
595,2_03_02_00006.xml,3,2,2
596,2_03_02_00009.xml,3,2,2
597,2_03_02_00010.xml,3,2,2
598,2_03_02_00011.xml,3,2,2
599,2_03_02_00013.xml,3,2,2
600,2_03_02_00017.xml,3,2,2
601,2_03_02_00018.xml,3,2,2
602,2_03_02_00019.xml,3,2,2
603,2_03_02_00020.xml,3,2,2
604,2_03_02_00024.xml,3,2,2
605,2_03_02_00026.xml,3,2,2
606,2_03_02_00028.xml,3,2,2
607,2_03_02_00029.xml,3,2,2
608,2_03_02_00032.xml,3,2,2
609,2_03_02_00033.xml,3,2,2
610,2_03_02_00034.xml,3,2,2
611,2_03_02_00036.xml,3,2,2
612,2_03_02_00037.xml,3,2,2
613,2_03_02_00040.xml,3,2,2
614,2_03_02_00042.xml,3,2,2
615,2_03_02_00043.xml,3,2,2
616,2_03_02_00046.xml,3,2,2
617,2_03_02_00047.xml,3,2,2
618,2_03_02_00048.xml,3,2,2
619,2_03_02_00049.xml,3,2,2
620,2_03_02_00051.xml,3,2,2
621,2_03_02_00054.xml,3,2,2
622,2_03_02_00055.xml,3,2,2
623,2_03_02_00056.xml,3,2,2
624,2_03_02_00057.xml,3,2,2
625,2_03_02_00059.xml,3,2,2
626,2_03_02_00060.xml,3,2,2
627,2_03_02_00061.xml,3,2,2
628,2_03_02_00062.xml,3,2,2
629,2_03_02_00063.xml,3,2,2
630,2_03_02_00065.xml,3,2,2
631,2_03_02_00066.xml,3,2,2
632,2_03_02_00068.xml,3,2,2
633,2_03_02_00070.xml,3,2,2
634,2_03_02_00071.xml,3,2,2
635,2_03_02_00074.xml,3,2,2
636,2_03_02_00075.xml,3,2,2
637,2_03_02_00076.xml,3,2,2
638,2_03_02_00078.xml,3,2,2
639,2_03_02_00081.xml,3,2,2
640,2_03_02_00083.xml,3,2,2
641,2_03_02_00084.xml,3,2,2
642,2_03_02_00086.xml,3,2,2
643,2_03_02_00089.xml,3,2,2
644,2_03_02_00090.xml,3,2,2
645,2_03_02_00092.xml,3,2,2
646,2_03_02_00093.xml,3,2,2
647,2_03_02_00094.xml,3,2,2
648,2_03_02_00095.xml,3,2,2
649,2_03_02_00097.xml,3,2,2
650,2_03_02_00098.xml,3,2,2
651,2_03_02_00099.xml,3,2,2
652,2_03_02_00100.xml,3,2,2
653,2_03_02_00101.xml,3,2,2
654,2_03_02_00102.xml,3,2,2
655,2_03_02_00104.xml,3,2,2
656,2_03_02_00106.xml,3,2,2
657,2_03_02_00107.xml,3,2,2
658,2_03_02_00108.xml,3,2,2
659,2_03_02_00111.xml,3,2,2
660,2_03_02_00113.xml,3,2,2
661,2_03_02_00115.xml,3,2,2
662,2_03_02_00120.xml,3,2,2
663,2_03_02_00121.xml,3,2,2
664,2_03_02_00122.xml,3,2,2
665,2_03_02_00124.xml,3,2,2
666,2_03_02_00127.xml,3,2,2
667,2_03_02_00129.xml,3,2,2
668,2_03_02_00130.xml,3,2,2
669,2_03_02_00133.xml,3,2,2
670,2_03_02_00136.xml,3,2,2
671,2_03_02_00139.xml,3,2,2
672,2_03_02_00140.xml,3,2,2
673,2_03_02_00141.xml,3,2,2
674,2_03_02_00142.xml,3,2,2
675,2_03_02_00144.xml,3,2,2
676,2_03_02_00145.xml,3,2,2
677,2_03_02_00146.xml,3,2,2
678,2_03_02_00147.xml,3,2,2
679,2_03_02_00148.xml,3,2,2
680,2_03_02_00149.xml,3,2,2
681,2_03_02_00151.xml,3,2,2
682,2_03_02_00155.xml,3,2,2
683,2_03_02_00156.xml,3,2,2
684,2_03_02_00157.xml,3,2,2
685,2_03_02_00160.xml,3,2,2
686,2_03_02_00162.xml,3,2,2
687,2_03_02_00164.xml,3,2,2
688,2_03_02_00165.xml,3,2,2
689,2_03_02_00166.xml,3,2,2
690,2_03_02_00172.xml,3,2,2
691,2_03_02_00177.xml,3,2,2
692,2_03_02_00179.xml,3,2,2
693,2_03_02_00180.xml,3,2,2
694,2_03_02_00182.xml,3,2,2
695,2_03_02_00183.xml,3,2,2
696,2_03_02_00185.xml,3,2,2
697,2_03_02_00187.xml,3,2,2
698,2_03_02_00189.xml,3,2,2
699,2_03_02_00190.xml,3,2,2
700,2_03_02_00192.xml,3,2,2
701,2_03_02_00194.xml,3,2,2
702,2_03_02_00195.xml,3,2,2
703,2_03_02_00197.xml,3,2,2
704,2_03_02_00198.xml,3,2,2
705,2_03_02_00199.xml,3,2,2
706,2_03_03_00001.xml,3,3,2
707,2_03_03_00007.xml,3,3,2
708,2_03_03_00009.xml,3,3,2
709,2_03_03_00021.xml,3,3,2
710,2_03_03_00030.xml,3,3,2
711,2_03_03_00040.xml,3,3,2
712,2_03_03_00046.xml,3,3,2
713,2_03_03_00049.xml,3,3,2
714,2_03_03_00062.xml,3,3,2
715,2_03_03_00064.xml,3,3,2
716,2_03_03_00070.xml,3,3,2
717,2_03_03_00075.xml,3,3,2
718,2_03_03_00080.xml,3,3,2
719,2_03_03_00084.xml,3,3,2
720,2_03_03_00085.xml,3,3,2
721,2_03_03_00088.xml,3,3,2
722,2_03_03_00091.xml,3,3,2
723,2_03_03_00094.xml,3,3,2
724,2_03_03_00141.xml,3,3,2
725,2_03_03_00159.xml,3,3,2
726,2_03_03_00164.xml,3,3,2
727,2_03_03_00167.xml,3,3,2
728,2_03_03_00175.xml,3,3,2
729,2_03_03_00177.xml,3,3,2
730,2_03_03_00181.xml,3,3,2
731,2_03_03_00188.xml,3,3,2
732,2_03_03_00189.xml,3,3,2
733,2_03_03_00191.xml,3,3,2
734,2_03_04_00014.xml,3,4,2
735,2_03_04_00037.xml,3,4,2
736,2_03_04_00040.xml,3,4,2
737,2_03_04_00046.xml,3,4,2
738,2_03_04_00053.xml,3,4,2
739,2_03_04_00058.xml,3,4,2
740,2_03_04_00059.xml,3,4,2
741,2_03_04_00071.xml,3,4,2
742,2_03_04_00084.xml,3,4,2
743,2_03_04_00113.xml,3,4,2
744,2_03_04_00124.xml,3,4,2
745,2_03_04_00157.xml,3,4,2
746,2_03_04_00158.xml,3,4,2
747,2_03_04_00173.xml,3,4,2
748,3_01_01_00118.xml,1,1,3
749,3_01_03_00016.xml,1,3,3
750,3_01_04_00095.xml,1,4,3
751,3_01_04_00103.xml,1,4,3
752,3_01_04_00116.xml,1,4,3
753,3_01_04_00118.xml,1,4,3
754,3_01_04_00126.xml,1,4,3
755,3_01_04_00128.xml,1,4,3
756,3_01_04_00141.xml,1,4,3
757,3_01_06_00154.xml,1,6,3
758,3_02_03_00004.xml,2,3,3
759,3_02_03_00007.xml,2,3,3
760,3_02_03_00011.xml,2,3,3
761,3_02_03_00036.xml,2,3,3
762,3_02_03_00041.xml,2,3,3
763,3_02_03_00044.xml,2,3,3
764,3_02_03_00060.xml,2,3,3
765,3_02_03_00064.xml,2,3,3
766,3_02_03_00065.xml,2,3,3
767,3_02_03_00083.xml,2,3,3
768,3_02_03_00085.xml,2,3,3
769,3_02_03_00089.xml,2,3,3
770,3_02_03_00103.xml,2,3,3
771,3_02_03_00112.xml,2,3,3
772,3_02_03_00116.xml,2,3,3
773,3_02_03_00118.xml,2,3,3
774,3_02_03_00122.xml,2,3,3
775,3_02_03_00126.xml,2,3,3
776,3_02_03_00128.xml,2,3,3
777,3_02_03_00135.xml,2,3,3
778,3_02_03_00144.xml,2,3,3
779,3_02_03_00154.xml,2,3,3
780,3_02_03_00162.xml,2,3,3
781,3_02_03_00167.xml,2,3,3
782,3_02_03_00168.xml,2,3,3
783,3_02_03_00170.xml,2,3,3
784,3_02_03_00173.xml,2,3,3
785,3_02_03_00174.xml,2,3,3
786,3_02_03_00175.xml,2,3,3
787,3_02_03_00176.xml,2,3,3
788,3_02_03_00178.xml,2,3,3
789,3_02_03_00196.xml,2,3,3
790,3_02_03_00199.xml,2,3,3
791,3_02_04_00011.xml,2,4,3
792,3_02_04_00034.xml,2,4,3
793,3_02_04_00039.xml,2,4,3
794,3_02_04_00041.xml,2,4,3
795,3_02_04_00051.xml,2,4,3
796,3_02_04_00072.xml,2,4,3
797,3_02_04_00073.xml,2,4,3
798,3_02_04_00077.xml,2,4,3
799,3_02_04_00080.xml,2,4,3
800,3_02_04_00096.xml,2,4,3
801,3_02_04_00107.xml,2,4,3
802,3_02_04_00111.xml,2,4,3
803,3_02_04_00115.xml,2,4,3
804,3_02_04_00121.xml,2,4,3
805,3_02_04_00128.xml,2,4,3
806,3_02_04_00134.xml,2,4,3
807,3_02_04_00139.xml,2,4,3
808,3_02_04_00149.xml,2,4,3
809,3_02_04_00172.xml,2,4,3
810,3_02_04_00176.xml,2,4,3
811,3_02_04_00179.xml,2,4,3
812,3_02_04_00185.xml,2,4,3
813,3_02_04_00191.xml,2,4,3
814,3_02_04_00196.xml,2,4,3
815,3_02_04_00199.xml,2,4,3
816,3_03_01_00010.xml,3,1,3
817,3_03_01_00051.xml,3,1,3
818,3_03_02_00004.xml,3,2,3
819,3_03_02_00067.xml,3,2,3
820,3_03_02_00073.xml,3,2,3
821,3_03_02_00081.xml,3,2,3
822,3_03_02_00084.xml,3,2,3
823,3_03_02_00106.xml,3,2,3
824,3_03_02_00114.xml,3,2,3
825,3_03_02_00157.xml,3,2,3
826,3_03_02_00174.xml,3,2,3
827,3_03_03_00001.xml,3,3,3
828,3_03_03_00007.xml,3,3,3
829,3_03_03_00017.xml,3,3,3
830,3_03_03_00027.xml,3,3,3
831,3_03_03_00031.xml,3,3,3
832,3_03_03_00056.xml,3,3,3
833,3_03_03_00065.xml,3,3,3
834,3_03_03_00073.xml,3,3,3
835,3_03_03_00159.xml,3,3,3
836,3_03_03_00168.xml,3,3,3
837,3_03_03_00169.xml,3,3,3
838,3_03_04_00001.xml,3,4,3
839,3_03_04_00010.xml,3,4,3
840,3_03_04_00013.xml,3,4,3
841,3_03_04_00018.xml,3,4,3
842,3_03_04_00022.xml,3,4,3
843,3_03_04_00029.xml,3,4,3
844,3_03_04_00036.xml,3,4,3
845,3_03_04_00051.xml,3,4,3
846,3_03_04_00101.xml,3,4,3
847,3_03_04_00127.xml,3,4,3
848,3_03_04_00134.xml,3,4,3
849,3_03_04_00137.xml,3,4,3
850,3_03_04_00161.xml,3,4,3
851,3_03_04_00174.xml,3,4,3
852,3_03_04_00180.xml,3,4,3
853,3_03_04_00186.xml,3,4,3
854,3_03_04_00189.xml,3,4,3
855,3_03_04_00198.xml,3,4,3
856,3_04_01_00001.xml,4,1,3
857,3_04_01_00021.xml,4,1,3
858,3_04_01_00022.xml,4,1,3
859,3_04_01_00037.xml,4,1,3
860,3_04_01_00040.xml,4,1,3
861,3_04_01_00053.xml,4,1,3
862,3_04_01_00060.xml,4,1,3
863,3_04_01_00061.xml,4,1,3
864,3_04_01_00070.xml,4,1,3
865,3_04_01_00071.xml,4,1,3
866,3_04_01_00086.xml,4,1,3
867,3_04_01_00089.xml,4,1,3
868,3_04_01_00111.xml,4,1,3
869,3_04_01_00129.xml,4,1,3
870,3_04_01_00132.xml,4,1,3
871,3_04_01_00139.xml,4,1,3
872,3_04_01_00142.xml,4,1,3
873,3_04_01_00147.xml,4,1,3
874,3_04_01_00159.xml,4,1,3
875,3_04_01_00164.xml,4,1,3
876,3_04_01_00173.xml,4,1,3
877,3_04_01_00176.xml,4,1,3
878,3_04_01_00177.xml,4,1,3
879,3_04_01_00179.xml,4,1,3
880,3_04_01_00181.xml,4,1,3
881,3_04_01_00189.xml,4,1,3
882,3_04_01_00192.xml,4,1,3
883,3_04_01_00198.xml,4,1,3
884,3_04_03_00037.xml,4,3,3
885,3_04_03_00107.xml,4,3,3
886,3_04_04_00015.xml,4,4,3
887,3_04_04_00031.xml,4,4,3
888,3_04_04_00040.xml,4,4,3
889,3_04_04_00117.xml,4,4,3
890,3_04_04_00158.xml,4,4,3
891,3_04_04_00177.xml,4,4,3
892,3_05_03_00022.xml,5,3,3
893,3_05_03_00024.xml,5,3,3
894,3_05_03_00032.xml,5,3,3
895,3_05_03_00042.xml,5,3,3
896,3_05_03_00054.xml,5,3,3
897,3_05_03_00060.xml,5,3,3
898,3_05_03_00076.xml,5,3,3
899,3_05_03_00081.xml,5,3,3
900,3_05_03_00098.xml,5,3,3
901,3_05_03_00121.xml,5,3,3
902,3_05_03_00124.xml,5,3,3
903,3_05_03_00129.xml,5,3,3
904,3_05_03_00139.xml,5,3,3
905,3_05_03_00159.xml,5,3,3
906,3_05_03_00166.xml,5,3,3
907,3_05_03_00178.xml,5,3,3
908,3_05_04_00093.xml,5,4,3
909,3_05_04_00146.xml,5,4,3
910,3_05_04_00154.xml,5,4,3
911,3_05_04_00159.xml,5,4,3
912,3_05_04_00176.xml,5,4,3
913,3_05_04_00186.xml,5,4,3
914,3_05_05_00005.xml,5,5,3
915,3_05_05_00011.xml,5,5,3
916,3_05_05_00026.xml,5,5,3
917,3_05_05_00029.xml,5,5,3
918,3_05_05_00032.xml,5,5,3
919,3_05_05_00035.xml,5,5,3
920,3_05_05_00036.xml,5,5,3
921,3_05_05_00041.xml,5,5,3
922,3_05_05_00048.xml,5,5,3
923,3_05_05_00067.xml,5,5,3
924,3_05_05_00073.xml,5,5,3
925,3_05_05_00078.xml,5,5,3
926,3_05_05_00079.xml,5,5,3
927,3_05_05_00082.xml,5,5,3
928,3_05_05_00084.xml,5,5,3
929,3_05_05_00085.xml,5,5,3
930,3_05_05_00089.xml,5,5,3
931,3_05_05_00090.xml,5,5,3
932,3_05_05_00092.xml,5,5,3
933,3_05_05_00094.xml,5,5,3
934,3_05_05_00099.xml,5,5,3
935,3_05_05_00106.xml,5,5,3
936,3_05_05_00108.xml,5,5,3
937,3_05_05_00110.xml,5,5,3
938,3_05_05_00117.xml,5,5,3
939,3_05_05_00121.xml,5,5,3
940,3_05_05_00128.xml,5,5,3
941,3_05_05_00130.xml,5,5,3
942,3_05_05_00142.xml,5,5,3
943,3_05_05_00147.xml,5,5,3
944,3_05_05_00158.xml,5,5,3
945,3_05_05_00160.xml,5,5,3
946,3_05_05_00166.xml,5,5,3
947,3_05_05_00168.xml,5,5,3
948,3_05_05_00177.xml,5,5,3
949,3_05_05_00180.xml,5,5,3
950,3_05_05_00184.xml,5,5,3
951,3_05_05_00185.xml,5,5,3
952,3_05_05_00187.xml,5,5,3
953,3_05_05_00189.xml,5,5,3
954,3_05_05_00190.xml,5,5,3
955,3_05_05_00194.xml,5,5,3
956,3_05_05_00195.xml,5,5,3
957,3_06_01_00005.xml,6,1,3
958,3_06_01_00009.xml,6,1,3
959,3_06_01_00013.xml,6,1,3
960,3_06_01_00023.xml,6,1,3
961,3_06_01_00032.xml,6,1,3
962,3_06_01_00033.xml,6,1,3
963,3_06_01_00034.xml,6,1,3
964,3_06_01_00041.xml,6,1,3
965,3_06_01_00047.xml,6,1,3
966,3_06_01_00050.xml,6,1,3
967,3_06_01_00054.xml,6,1,3
968,3_06_01_00056.xml,6,1,3
969,3_06_01_00083.xml,6,1,3
970,3_06_01_00094.xml,6,1,3
971,3_06_01_00103.xml,6,1,3
972,3_06_01_00108.xml,6,1,3
973,3_06_01_00117.xml,6,1,3
974,3_06_01_00120.xml,6,1,3
975,3_06_01_00128.xml,6,1,3
976,3_06_01_00131.xml,6,1,3
977,3_06_01_00134.xml,6,1,3
978,3_06_01_00139.xml,6,1,3
979,3_06_01_00153.xml,6,1,3
980,3_06_01_00167.xml,6,1,3
981,3_06_01_00187.xml,6,1,3
982,3_06_01_00192.xml,6,1,3
983,3_06_01_00194.xml,6,1,3
984,3_06_01_00197.xml,6,1,3
985,3_06_02_00001.xml,6,2,3
986,3_06_02_00003.xml,6,2,3
987,3_06_02_00004.xml,6,2,3
988,3_06_02_00005.xml,6,2,3
989,3_06_02_00007.xml,6,2,3
990,3_06_02_00009.xml,6,2,3
991,3_06_02_00010.xml,6,2,3
992,3_06_02_00012.xml,6,2,3
993,3_06_02_00014.xml,6,2,3
994,3_06_02_00015.xml,6,2,3
995,3_06_02_00017.xml,6,2,3
996,3_06_02_00019.xml,6,2,3
997,3_06_02_00020.xml,6,2,3
998,3_06_02_00022.xml,6,2,3
999,3_06_02_00023.xml,6,2,3
1000,3_06_02_00024.xml,6,2,3
1001,3_06_02_00026.xml,6,2,3
1002,3_06_02_00028.xml,6,2,3
1003,3_06_02_00029.xml,6,2,3
1004,3_06_02_00030.xml,6,2,3
1005,3_06_02_00031.xml,6,2,3
1006,3_06_02_00032.xml,6,2,3
1007,3_06_02_00033.xml,6,2,3
1008,3_06_02_00034.xml,6,2,3
1009,3_06_02_00035.xml,6,2,3
1010,3_06_02_00037.xml,6,2,3
1011,3_06_02_00038.xml,6,2,3
1012,3_06_02_00039.xml,6,2,3
1013,3_06_02_00040.xml,6,2,3
1014,3_06_02_00041.xml,6,2,3
1015,3_06_02_00042.xml,6,2,3
1016,3_06_02_00044.xml,6,2,3
1017,3_06_02_00045.xml,6,2,3
1018,3_06_02_00048.xml,6,2,3
1019,3_06_02_00049.xml,6,2,3
1020,3_06_02_00050.xml,6,2,3
1021,3_06_02_00051.xml,6,2,3
1022,3_06_02_00052.xml,6,2,3
1023,3_06_02_00053.xml,6,2,3
1024,3_06_02_00054.xml,6,2,3
1025,3_06_02_00055.xml,6,2,3
1026,3_06_02_00056.xml,6,2,3
1027,3_06_02_00057.xml,6,2,3
1028,3_06_02_00058.xml,6,2,3
1029,3_06_02_00059.xml,6,2,3
1030,3_06_02_00061.xml,6,2,3
1031,3_06_02_00062.xml,6,2,3
1032,3_06_02_00063.xml,6,2,3
1033,3_06_02_00064.xml,6,2,3
1034,3_06_02_00065.xml,6,2,3
1035,3_06_02_00066.xml,6,2,3
1036,3_06_02_00067.xml,6,2,3
1037,3_06_02_00068.xml,6,2,3
1038,3_06_02_00069.xml,6,2,3
1039,3_06_02_00070.xml,6,2,3
1040,3_06_02_00071.xml,6,2,3
1041,3_06_02_00072.xml,6,2,3
1042,3_06_02_00073.xml,6,2,3
1043,3_06_02_00074.xml,6,2,3
1044,3_06_02_00075.xml,6,2,3
1045,3_06_02_00077.xml,6,2,3
1046,3_06_02_00078.xml,6,2,3
1047,3_06_02_00079.xml,6,2,3
1048,3_06_02_00080.xml,6,2,3
1049,3_06_02_00081.xml,6,2,3
1050,3_06_02_00082.xml,6,2,3
1051,3_06_02_00084.xml,6,2,3
1052,3_06_02_00089.xml,6,2,3
1053,3_06_02_00090.xml,6,2,3
1054,3_06_02_00093.xml,6,2,3
1055,3_06_02_00096.xml,6,2,3
1056,3_06_02_00097.xml,6,2,3
1057,3_06_02_00098.xml,6,2,3
1058,3_06_02_00099.xml,6,2,3
1059,3_06_02_00106.xml,6,2,3
1060,3_06_02_00108.xml,6,2,3
1061,3_06_02_00109.xml,6,2,3
1062,3_06_02_00110.xml,6,2,3
1063,3_06_02_00111.xml,6,2,3
1064,3_06_02_00112.xml,6,2,3
1065,3_06_02_00113.xml,6,2,3
1066,3_06_02_00114.xml,6,2,3
1067,3_06_02_00116.xml,6,2,3
1068,3_06_02_00117.xml,6,2,3
1069,3_06_02_00118.xml,6,2,3
1070,3_06_02_00119.xml,6,2,3
1071,3_06_02_00120.xml,6,2,3
1072,3_06_02_00121.xml,6,2,3
1073,3_06_02_00122.xml,6,2,3
1074,3_06_02_00123.xml,6,2,3
1075,3_06_02_00124.xml,6,2,3
1076,3_06_02_00125.xml,6,2,3
1077,3_06_02_00128.xml,6,2,3
1078,3_06_02_00131.xml,6,2,3
1079,3_06_02_00132.xml,6,2,3
1080,3_06_02_00133.xml,6,2,3
1081,3_06_02_00134.xml,6,2,3
1082,3_06_02_00136.xml,6,2,3
1083,3_06_02_00139.xml,6,2,3
1084,3_06_02_00141.xml,6,2,3
1085,3_06_02_00142.xml,6,2,3
1086,3_06_02_00146.xml,6,2,3
1087,3_06_02_00147.xml,6,2,3
1088,3_06_02_00149.xml,6,2,3
1089,3_06_02_00150.xml,6,2,3
1090,3_06_02_00151.xml,6,2,3
1091,3_06_02_00152.xml,6,2,3
1092,3_06_02_00153.xml,6,2,3
1093,3_06_02_00155.xml,6,2,3
1094,3_06_02_00156.xml,6,2,3
1095,3_06_02_00157.xml,6,2,3
1096,3_06_02_00158.xml,6,2,3
1097,3_06_02_00159.xml,6,2,3
1098,3_06_02_00160.xml,6,2,3
1099,3_06_02_00161.xml,6,2,3
1100,3_06_02_00162.xml,6,2,3
1101,3_06_02_00165.xml,6,2,3
1102,3_06_02_00166.xml,6,2,3
1103,3_06_02_00167.xml,6,2,3
1104,3_06_02_00168.xml,6,2,3
1105,3_06_02_00169.xml,6,2,3
1106,3_06_02_00170.xml,6,2,3
1107,3_06_02_00171.xml,6,2,3
1108,3_06_02_00172.xml,6,2,3
1109,3_06_02_00173.xml,6,2,3
1110,3_06_02_00174.xml,6,2,3
1111,3_06_02_00178.xml,6,2,3
1112,3_06_02_00179.xml,6,2,3
1113,3_06_02_00180.xml,6,2,3
1114,3_06_02_00182.xml,6,2,3
1115,3_06_02_00184.xml,6,2,3
1116,3_06_02_00187.xml,6,2,3
1117,3_06_02_00188.xml,6,2,3
1118,3_06_02_00189.xml,6,2,3
1119,3_06_02_00190.xml,6,2,3
1120,3_06_02_00191.xml,6,2,3
1121,3_06_02_00192.xml,6,2,3
1122,3_06_02_00196.xml,6,2,3
1123,3_06_02_00197.xml,6,2,3
1124,3_06_02_00198.xml,6,2,3
1125,3_06_02_00199.xml,6,2,3
1126,3_06_02_00200.xml,6,2,3
1127,3_06_03_00021.xml,6,3,3
1128,3_06_03_00030.xml,6,3,3
1129,3_06_03_00094.xml,6,3,3
1130,3_06_03_00109.xml,6,3,3
1131,3_06_03_00116.xml,6,3,3
1132,3_06_03_00118.xml,6,3,3
1133,3_06_03_00134.xml,6,3,3
1134,3_06_03_00154.xml,6,3,3
1135,3_06_03_00183.xml,6,3,3
1136,3_06_03_00190.xml,6,3,3
1137,3_06_04_00001.xml,6,4,3
1138,3_06_04_00003.xml,6,4,3
1139,3_06_04_00010.xml,6,4,3
1140,3_06_04_00021.xml,6,4,3
1141,3_06_04_00024.xml,6,4,3
1142,3_06_04_00036.xml,6,4,3
1143,3_06_04_00039.xml,6,4,3
1144,3_06_04_00040.xml,6,4,3
1145,3_06_04_00041.xml,6,4,3
1146,3_06_04_00042.xml,6,4,3
1147,3_06_04_00046.xml,6,4,3
1148,3_06_04_00053.xml,6,4,3
1149,3_06_04_00059.xml,6,4,3
1150,3_06_04_00060.xml,6,4,3
1151,3_06_04_00065.xml,6,4,3
1152,3_06_04_00071.xml,6,4,3
1153,3_06_04_00078.xml,6,4,3
1154,3_06_04_00079.xml,6,4,3
1155,3_06_04_00091.xml,6,4,3
1156,3_06_04_00098.xml,6,4,3
1157,3_06_04_00102.xml,6,4,3
1158,3_06_04_00103.xml,6,4,3
1159,3_06_04_00106.xml,6,4,3
1160,3_06_04_00108.xml,6,4,3
1161,3_06_04_00110.xml,6,4,3
1162,3_06_04_00112.xml,6,4,3
1163,3_06_04_00115.xml,6,4,3
1164,3_06_04_00117.xml,6,4,3
1165,3_06_04_00121.xml,6,4,3
1166,3_06_04_00128.xml,6,4,3
1167,3_06_04_00129.xml,6,4,3
1168,3_06_04_00132.xml,6,4,3
1169,3_06_04_00133.xml,6,4,3
1170,3_06_04_00135.xml,6,4,3
1171,3_06_04_00139.xml,6,4,3
1172,3_06_04_00140.xml,6,4,3
1173,3_06_04_00147.xml,6,4,3
1174,3_06_04_00148.xml,6,4,3
1175,3_06_04_00150.xml,6,4,3
1176,3_06_04_00162.xml,6,4,3
1177,3_06_04_00165.xml,6,4,3
1178,3_06_04_00169.xml,6,4,3
1179,3_06_04_00172.xml,6,4,3
1180,3_06_04_00177.xml,6,4,3
1181,3_06_04_00179.xml,6,4,3
1182,3_06_04_00181.xml,6,4,3
1183,3_06_04_00186.xml,6,4,3
1184,3_06_04_00195.xml,6,4,3
1185,3_06_04_00196.xml,6,4,3
1186,3_06_04_00200.xml,6,4,3
1187,3_06_05_00020.xml,6,5,3
1188,3_06_05_00025.xml,6,5,3
1189,3_06_05_00044.xml,6,5,3
1190,3_06_05_00047.xml,6,5,3
1191,3_06_05_00051.xml,6,5,3
1192,3_06_05_00053.xml,6,5,3
1193,3_06_05_00054.xml,6,5,3
1194,3_06_05_00058.xml,6,5,3
1195,3_06_05_00066.xml,6,5,3
1196,3_06_05_00080.xml,6,5,3
1197,3_06_05_00085.xml,6,5,3
1198,3_06_05_00098.xml,6,5,3
1199,3_06_05_00123.xml,6,5,3
1200,3_06_05_00140.xml,6,5,3
1201,3_06_05_00160.xml,6,5,3
1202,3_06_05_00174.xml,6,5,3
1203,3_06_05_00179.xml,6,5,3
1204,3_06_05_00181.xml,6,5,3
1205,3_06_05_00184.xml,6,5,3
1206,3_06_05_00185.xml,6,5,3
1207,3_06_05_00198.xml,6,5,3
1208,3_06_05_00200.xml,6,5,3
1209,3_06_06_00001.xml,6,6,3
1210,3_06_06_00002.xml,6,6,3
1211,3_06_06_00003.xml,6,6,3
1212,3_06_06_00004.xml,6,6,3
1213,3_06_06_00005.xml,6,6,3
1214,3_06_06_00007.xml,6,6,3
1215,3_06_06_00008.xml,6,6,3
1216,3_06_06_00009.xml,6,6,3
1217,3_06_06_00011.xml,6,6,3
1218,3_06_06_00012.xml,6,6,3
1219,3_06_06_00014.xml,6,6,3
1220,3_06_06_00020.xml,6,6,3
1221,3_06_06_00022.xml,6,6,3
1222,3_06_06_00024.xml,6,6,3
1223,3_06_06_00028.xml,6,6,3
1224,3_06_06_00030.xml,6,6,3
1225,3_06_06_00033.xml,6,6,3
1226,3_06_06_00035.xml,6,6,3
1227,3_06_06_00037.xml,6,6,3
1228,3_06_06_00039.xml,6,6,3
1229,3_06_06_00041.xml,6,6,3
1230,3_06_06_00045.xml,6,6,3
1231,3_06_06_00047.xml,6,6,3
1232,3_06_06_00048.xml,6,6,3
1233,3_06_06_00049.xml,6,6,3
1234,3_06_06_00059.xml,6,6,3
1235,3_06_06_00061.xml,6,6,3
1236,3_06_06_00063.xml,6,6,3
1237,3_06_06_00065.xml,6,6,3
1238,3_06_06_00067.xml,6,6,3
1239,3_06_06_00068.xml,6,6,3
1240,3_06_06_00069.xml,6,6,3
1241,3_06_06_00071.xml,6,6,3
1242,3_06_06_00073.xml,6,6,3
1243,3_06_06_00074.xml,6,6,3
1244,3_06_06_00077.xml,6,6,3
1245,3_06_06_00079.xml,6,6,3
1246,3_06_06_00080.xml,6,6,3
1247,3_06_06_00082.xml,6,6,3
1248,3_06_06_00089.xml,6,6,3
1249,3_06_06_00092.xml,6,6,3
1250,3_06_06_00093.xml,6,6,3
1251,3_06_06_00094.xml,6,6,3
1252,3_06_06_00098.xml,6,6,3
1253,3_06_06_00099.xml,6,6,3
1254,3_06_06_00106.xml,6,6,3
1255,3_06_06_00108.xml,6,6,3
1256,3_06_06_00109.xml,6,6,3
1257,3_06_06_00114.xml,6,6,3
1258,3_06_06_00115.xml,6,6,3
1259,3_06_06_00118.xml,6,6,3
1260,3_06_06_00119.xml,6,6,3
1261,3_06_06_00120.xml,6,6,3
1262,3_06_06_00122.xml,6,6,3
1263,3_06_06_00123.xml,6,6,3
1264,3_06_06_00125.xml,6,6,3
1265,3_06_06_00133.xml,6,6,3
1266,3_06_06_00134.xml,6,6,3
1267,3_06_06_00136.xml,6,6,3
1268,3_06_06_00141.xml,6,6,3
1269,3_06_06_00143.xml,6,6,3
1270,3_06_06_00148.xml,6,6,3
1271,3_06_06_00157.xml,6,6,3
1272,3_06_06_00159.xml,6,6,3
1273,3_06_06_00161.xml,6,6,3
1274,3_06_06_00162.xml,6,6,3
1275,3_06_06_00166.xml,6,6,3
1276,3_06_06_00173.xml,6,6,3
1277,3_06_06_00175.xml,6,6,3
1278,3_06_06_00178.xml,6,6,3
1279,3_06_06_00181.xml,6,6,3
1280,3_06_06_00183.xml,6,6,3
1281,3_06_06_00184.xml,6,6,3
1282,3_06_06_00188.xml,6,6,3
1283,3_06_06_00191.xml,6,6,3
1284,3_06_06_00192.xml,6,6,3
1285,3_06_06_00195.xml,6,6,3
1286,3_06_06_00196.xml,6,6,3
1287,3_06_07_00003.xml,6,7,3
1288,3_06_07_00005.xml,6,7,3
1289,3_06_07_00008.xml,6,7,3
1290,3_06_07_00011.xml,6,7,3
1291,3_06_07_00012.xml,6,7,3
1292,3_06_07_00013.xml,6,7,3
1293,3_06_07_00014.xml,6,7,3
1294,3_06_07_00015.xml,6,7,3
1295,3_06_07_00017.xml,6,7,3
1296,3_06_07_00022.xml,6,7,3
1297,3_06_07_00023.xml,6,7,3
1298,3_06_07_00025.xml,6,7,3
1299,3_06_07_00026.xml,6,7,3
1300,3_06_07_00033.xml,6,7,3
1301,3_06_07_00034.xml,6,7,3
1302,3_06_07_00035.xml,6,7,3
1303,3_06_07_00038.xml,6,7,3
1304,3_06_07_00039.xml,6,7,3
1305,3_06_07_00044.xml,6,7,3
1306,3_06_07_00045.xml,6,7,3
1307,3_06_07_00046.xml,6,7,3
1308,3_06_07_00049.xml,6,7,3
1309,3_06_07_00050.xml,6,7,3
1310,3_06_07_00056.xml,6,7,3
1311,3_06_07_00058.xml,6,7,3
1312,3_06_07_00060.xml,6,7,3
1313,3_06_07_00063.xml,6,7,3
1314,3_06_07_00066.xml,6,7,3
1315,3_06_07_00068.xml,6,7,3
1316,3_06_07_00070.xml,6,7,3
1317,3_06_07_00075.xml,6,7,3
1318,3_06_07_00077.xml,6,7,3
1319,3_06_07_00079.xml,6,7,3
1320,3_06_07_00080.xml,6,7,3
1321,3_06_07_00088.xml,6,7,3
1322,3_06_07_00092.xml,6,7,3
1323,3_06_07_00094.xml,6,7,3
1324,3_06_07_00096.xml,6,7,3
1325,3_06_07_00099.xml,6,7,3
1326,3_06_07_00100.xml,6,7,3
1327,3_06_07_00101.xml,6,7,3
1328,3_06_07_00103.xml,6,7,3
1329,3_06_07_00107.xml,6,7,3
1330,3_06_07_00110.xml,6,7,3
1331,3_06_07_00113.xml,6,7,3
1332,3_06_07_00114.xml,6,7,3
1333,3_06_07_00116.xml,6,7,3
1334,3_06_07_00118.xml,6,7,3
1335,3_06_07_00119.xml,6,7,3
1336,3_06_07_00121.xml,6,7,3
1337,3_06_07_00123.xml,6,7,3
1338,3_06_07_00127.xml,6,7,3
1339,3_06_07_00133.xml,6,7,3
1340,3_06_07_00134.xml,6,7,3
1341,3_06_07_00135.xml,6,7,3
1342,3_06_07_00136.xml,6,7,3
1343,3_06_07_00137.xml,6,7,3
1344,3_06_07_00153.xml,6,7,3
1345,3_06_07_00157.xml,6,7,3
1346,3_06_07_00158.xml,6,7,3
1347,3_06_07_00161.xml,6,7,3
1348,3_06_07_00162.xml,6,7,3
1349,3_06_07_00163.xml,6,7,3
1350,3_06_07_00164.xml,6,7,3
1351,3_06_07_00165.xml,6,7,3
1352,3_06_07_00167.xml,6,7,3
1353,3_06_07_00173.xml,6,7,3
1354,3_06_07_00175.xml,6,7,3
1355,3_06_07_00181.xml,6,7,3
1356,3_06_07_00185.xml,6,7,3
1357,3_06_07_00189.xml,6,7,3
1358,3_06_07_00191.xml,6,7,3
1359,3_06_07_00194.xml,6,7,3
1360,3_06_07_00195.xml,6,7,3
1361,3_06_07_00196.xml,6,7,3
1362,3_06_07_00198.xml,6,7,3
1363,3_06_07_00199.xml,6,7,3
1364,3_07_01_00040.xml,7,1,3
1365,3_07_02_00015.xml,7,2,3
1366,3_07_02_00038.xml,7,2,3
1367,3_07_02_00039.xml,7,2,3
1368,3_07_02_00041.xml,7,2,3
1369,3_07_02_00061.xml,7,2,3
1370,3_07_02_00108.xml,7,2,3
1371,3_07_02_00113.xml,7,2,3
1372,3_07_02_00115.xml,7,2,3
1373,3_07_02_00124.xml,7,2,3
1374,3_07_02_00131.xml,7,2,3
1375,3_07_02_00146.xml,7,2,3
1376,3_07_02_00150.xml,7,2,3
1377,3_07_02_00181.xml,7,2,3
1378,3_07_03_00029.xml,7,3,3
1379,3_07_03_00059.xml,7,3,3
1380,3_07_03_00071.xml,7,3,3
1381,3_07_03_00108.xml,7,3,3
1382,3_07_03_00116.xml,7,3,3
1383,3_07_04_00001.xml,7,4,3
1384,3_07_04_00003.xml,7,4,3
1385,3_07_04_00007.xml,7,4,3
1386,3_07_04_00008.xml,7,4,3
1387,3_07_04_00011.xml,7,4,3
1388,3_07_04_00013.xml,7,4,3
1389,3_07_04_00017.xml,7,4,3
1390,3_07_04_00018.xml,7,4,3
1391,3_07_04_00020.xml,7,4,3
1392,3_07_04_00021.xml,7,4,3
1393,3_07_04_00022.xml,7,4,3
1394,3_07_04_00027.xml,7,4,3
1395,3_07_04_00029.xml,7,4,3
1396,3_07_04_00040.xml,7,4,3
1397,3_07_04_00042.xml,7,4,3
1398,3_07_04_00044.xml,7,4,3
1399,3_07_04_00045.xml,7,4,3
1400,3_07_04_00050.xml,7,4,3
1401,3_07_04_00051.xml,7,4,3
1402,3_07_04_00066.xml,7,4,3
1403,3_07_04_00069.xml,7,4,3
1404,3_07_04_00071.xml,7,4,3
1405,3_07_04_00078.xml,7,4,3
1406,3_07_04_00079.xml,7,4,3
1407,3_07_04_00084.xml,7,4,3
1408,3_07_04_00094.xml,7,4,3
1409,3_07_04_00097.xml,7,4,3
1410,3_07_04_00100.xml,7,4,3
1411,3_07_04_00102.xml,7,4,3
1412,3_07_04_00106.xml,7,4,3
1413,3_07_04_00107.xml,7,4,3
1414,3_07_04_00113.xml,7,4,3
1415,3_07_04_00116.xml,7,4,3
1416,3_07_04_00118.xml,7,4,3
1417,3_07_04_00119.xml,7,4,3
1418,3_07_04_00124.xml,7,4,3
1419,3_07_04_00128.xml,7,4,3
1420,3_07_04_00131.xml,7,4,3
1421,3_07_04_00141.xml,7,4,3
1422,3_07_04_00142.xml,7,4,3
1423,3_07_04_00148.xml,7,4,3
1424,3_07_04_00149.xml,7,4,3
1425,3_07_04_00150.xml,7,4,3
1426,3_07_04_00154.xml,7,4,3
1427,3_07_04_00158.xml,7,4,3
1428,3_07_04_00170.xml,7,4,3
1429,3_07_04_00172.xml,7,4,3
1430,3_07_04_00173.xml,7,4,3
1431,3_07_04_00174.xml,7,4,3
1432,3_07_04_00185.xml,7,4,3
1433,3_07_04_00192.xml,7,4,3
1434,3_07_04_00193.xml,7,4,3
1435,3_07_04_00195.xml,7,4,3
1436,3_07_04_00196.xml,7,4,3
1437,3_07_04_00198.xml,7,4,3
1438,3_07_05_00001.xml,7,5,3
1439,3_07_05_00008.xml,7,5,3
1440,3_07_05_00025.xml,7,5,3
1441,3_07_05_00029.xml,7,5,3
1442,3_07_05_00031.xml,7,5,3
1443,3_07_05_00040.xml,7,5,3
1444,3_07_05_00053.xml,7,5,3
1445,3_07_05_00061.xml,7,5,3
1446,3_07_05_00064.xml,7,5,3
1447,3_07_05_00065.xml,7,5,3
1448,3_07_05_00085.xml,7,5,3
1449,3_07_05_00103.xml,7,5,3
1450,3_07_05_00107.xml,7,5,3
1451,3_07_05_00122.xml,7,5,3
1452,3_07_05_00125.xml,7,5,3
1453,3_07_05_00128.xml,7,5,3
1454,3_07_05_00135.xml,7,5,3
1455,3_07_05_00164.xml,7,5,3
1456,3_07_05_00172.xml,7,5,3
1457,3_07_05_00174.xml,7,5,3
1458,3_07_05_00194.xml,7,5,3
1459,3_09_01_00059.xml,9,1,3
1460,3_09_01_00181.xml,9,1,3
1461,3_09_02_00012.xml,9,2,3
1462,3_09_02_00017.xml,9,2,3
1463,3_09_02_00027.xml,9,2,3
1464,3_09_02_00049.xml,9,2,3
1465,3_09_02_00051.xml,9,2,3
1466,3_09_02_00055.xml,9,2,3
1467,3_09_02_00057.xml,9,2,3
1468,3_09_02_00059.xml,9,2,3
1469,3_09_02_00061.xml,9,2,3
1470,3_09_02_00069.xml,9,2,3
1471,3_09_02_00072.xml,9,2,3
1472,3_09_02_00074.xml,9,2,3
1473,3_09_02_00081.xml,9,2,3
1474,3_09_02_00083.xml,9,2,3
1475,3_09_02_00128.xml,9,2,3
1476,3_09_02_00134.xml,9,2,3
1477,3_09_02_00145.xml,9,2,3
1478,3_09_02_00177.xml,9,2,3
1479,3_09_02_00186.xml,9,2,3
1480,3_09_03_00001.xml,9,3,3
1481,3_09_03_00058.xml,9,3,3
1482,3_09_03_00075.xml,9,3,3
1483,3_09_03_00079.xml,9,3,3
1484,3_09_03_00082.xml,9,3,3
1485,3_09_03_00089.xml,9,3,3
1486,3_09_03_00106.xml,9,3,3
1487,3_09_03_00107.xml,9,3,3
1488,3_09_03_00120.xml,9,3,3
1489,3_09_03_00129.xml,9,3,3
1490,3_09_03_00151.xml,9,3,3
1491,3_09_05_00012.xml,9,5,3
1492,3_09_05_00013.xml,9,5,3
1493,3_09_05_00014.xml,9,5,3
1494,3_09_05_00024.xml,9,5,3
1495,3_09_05_00033.xml,9,5,3
1496,3_09_05_00043.xml,9,5,3
1497,3_09_05_00044.xml,9,5,3
1498,3_09_05_00047.xml,9,5,3
1499,3_09_05_00051.xml,9,5,3
1500,3_09_05_00060.xml,9,5,3
1501,3_09_05_00061.xml,9,5,3
1502,3_09_05_00062.xml,9,5,3
1503,3_09_05_00067.xml,9,5,3
1504,3_09_05_00069.xml,9,5,3
1505,3_09_05_00077.xml,9,5,3
1506,3_09_05_00082.xml,9,5,3
1507,3_09_05_00085.xml,9,5,3
1508,3_09_05_00086.xml,9,5,3
1509,3_09_05_00112.xml,9,5,3
1510,3_09_05_00120.xml,9,5,3
1511,3_09_05_00122.xml,9,5,3
1512,3_09_05_00124.xml,9,5,3
1513,3_09_05_00125.xml,9,5,3
1514,3_09_05_00127.xml,9,5,3
1515,3_09_05_00148.xml,9,5,3
1516,3_09_05_00162.xml,9,5,3
1517,3_09_05_00167.xml,9,5,3
1518,3_09_05_00168.xml,9,5,3
1519,3_09_05_00170.xml,9,5,3
1520,3_09_05_00173.xml,9,5,3
1521,3_09_05_00178.xml,9,5,3
1522,3_09_05_00183.xml,9,5,3
1523,3_09_06_00004.xml,9,6,3
1524,3_09_06_00005.xml,9,6,3
1525,3_09_06_00006.xml,9,6,3
1526,3_09_06_00007.xml,9,6,3
1527,3_09_06_00008.xml,9,6,3
1528,3_09_06_00010.xml,9,6,3
1529,3_09_06_00013.xml,9,6,3
1530,3_09_06_00015.xml,9,6,3
1531,3_09_06_00018.xml,9,6,3
1532,3_09_06_00019.xml,9,6,3
1533,3_09_06_00020.xml,9,6,3
1534,3_09_06_00021.xml,9,6,3
1535,3_09_06_00024.xml,9,6,3
1536,3_09_06_00025.xml,9,6,3
1537,3_09_06_00028.xml,9,6,3
1538,3_09_06_00029.xml,9,6,3
1539,3_09_06_00030.xml,9,6,3
1540,3_09_06_00031.xml,9,6,3
1541,3_09_06_00032.xml,9,6,3
1542,3_09_06_00038.xml,9,6,3
1543,3_09_06_00042.xml,9,6,3
1544,3_09_06_00043.xml,9,6,3
1545,3_09_06_00047.xml,9,6,3
1546,3_09_06_00048.xml,9,6,3
1547,3_09_06_00050.xml,9,6,3
1548,3_09_06_00054.xml,9,6,3
1549,3_09_06_00055.xml,9,6,3
1550,3_09_06_00056.xml,9,6,3
1551,3_09_06_00058.xml,9,6,3
1552,3_09_06_00059.xml,9,6,3
1553,3_09_06_00060.xml,9,6,3
1554,3_09_06_00062.xml,9,6,3
1555,3_09_06_00063.xml,9,6,3
1556,3_09_06_00066.xml,9,6,3
1557,3_09_06_00069.xml,9,6,3
1558,3_09_06_00070.xml,9,6,3
1559,3_09_06_00071.xml,9,6,3
1560,3_09_06_00072.xml,9,6,3
1561,3_09_06_00073.xml,9,6,3
1562,3_09_06_00074.xml,9,6,3
1563,3_09_06_00075.xml,9,6,3
1564,3_09_06_00076.xml,9,6,3
1565,3_09_06_00078.xml,9,6,3
1566,3_09_06_00082.xml,9,6,3
1567,3_09_06_00083.xml,9,6,3
1568,3_09_06_00086.xml,9,6,3
1569,3_09_06_00087.xml,9,6,3
1570,3_09_06_00088.xml,9,6,3
1571,3_09_06_00089.xml,9,6,3
1572,3_09_06_00090.xml,9,6,3
1573,3_09_06_00092.xml,9,6,3
1574,3_09_06_00094.xml,9,6,3
1575,3_09_06_00096.xml,9,6,3
1576,3_09_06_00098.xml,9,6,3
1577,3_09_06_00099.xml,9,6,3
1578,3_09_06_00100.xml,9,6,3
1579,3_09_06_00101.xml,9,6,3
1580,3_09_06_00111.xml,9,6,3
1581,3_09_06_00112.xml,9,6,3
1582,3_09_06_00113.xml,9,6,3
1583,3_09_06_00116.xml,9,6,3
1584,3_09_06_00118.xml,9,6,3
1585,3_09_06_00119.xml,9,6,3
1586,3_09_06_00120.xml,9,6,3
1587,3_09_06_00121.xml,9,6,3
1588,3_09_06_00122.xml,9,6,3
1589,3_09_06_00123.xml,9,6,3
1590,3_09_06_00124.xml,9,6,3
1591,3_09_06_00128.xml,9,6,3
1592,3_09_06_00130.xml,9,6,3
1593,3_09_06_00131.xml,9,6,3
1594,3_09_06_00132.xml,9,6,3
1595,3_09_06_00133.xml,9,6,3
1596,3_09_06_00134.xml,9,6,3
1597,3_09_06_00135.xml,9,6,3
1598,3_09_06_00136.xml,9,6,3
1599,3_09_06_00137.xml,9,6,3
1600,3_09_06_00139.xml,9,6,3
1601,3_09_06_00140.xml,9,6,3
1602,3_09_06_00141.xml,9,6,3
1603,3_09_06_00144.xml,9,6,3
1604,3_09_06_00145.xml,9,6,3
1605,3_09_06_00146.xml,9,6,3
1606,3_09_06_00147.xml,9,6,3
1607,3_09_06_00148.xml,9,6,3
1608,3_09_06_00149.xml,9,6,3
1609,3_09_06_00150.xml,9,6,3
1610,3_09_06_00152.xml,9,6,3
1611,3_09_06_00153.xml,9,6,3
1612,3_09_06_00155.xml,9,6,3
1613,3_09_06_00156.xml,9,6,3
1614,3_09_06_00158.xml,9,6,3
1615,3_09_06_00161.xml,9,6,3
1616,3_09_06_00162.xml,9,6,3
1617,3_09_06_00163.xml,9,6,3
1618,3_09_06_00165.xml,9,6,3
1619,3_09_06_00166.xml,9,6,3
1620,3_09_06_00167.xml,9,6,3
1621,3_09_06_00168.xml,9,6,3
1622,3_09_06_00169.xml,9,6,3
1623,3_09_06_00170.xml,9,6,3
1624,3_09_06_00173.xml,9,6,3
1625,3_09_06_00174.xml,9,6,3
1626,3_09_06_00176.xml,9,6,3
1627,3_09_06_00178.xml,9,6,3
1628,3_09_06_00179.xml,9,6,3
1629,3_09_06_00180.xml,9,6,3
1630,3_09_06_00181.xml,9,6,3
1631,3_09_06_00182.xml,9,6,3
1632,3_09_06_00183.xml,9,6,3
1633,3_09_06_00185.xml,9,6,3
1634,3_09_06_00190.xml,9,6,3
1635,3_09_06_00191.xml,9,6,3
1636,3_09_06_00192.xml,9,6,3
1637,3_09_06_00193.xml,9,6,3
1638,3_09_06_00195.xml,9,6,3
1639,3_09_06_00196.xml,9,6,3
1640,3_09_06_00199.xml,9,6,3
1641,3_09_07_00012.xml,9,7,3
1642,3_09_07_00023.xml,9,7,3
1643,3_09_07_00043.xml,9,7,3
1644,3_09_07_00048.xml,9,7,3
1645,3_09_07_00052.xml,9,7,3
1646,3_09_07_00094.xml,9,7,3
1647,3_09_07_00106.xml,9,7,3
1648,3_09_07_00111.xml,9,7,3
1649,3_09_07_00119.xml,9,7,3
1650,3_09_07_00137.xml,9,7,3
1651,3_09_07_00138.xml,9,7,3
1652,3_09_07_00139.xml,9,7,3
1653,3_09_07_00141.xml,9,7,3
1654,3_09_07_00161.xml,9,7,3
1655,3_09_07_00196.xml,9,7,3
1656,3_09_08_00002.xml,9,8,3
1657,3_09_08_00006.xml,9,8,3
1658,3_09_08_00007.xml,9,8,3
1659,3_09_08_00008.xml,9,8,3
1660,3_09_08_00013.xml,9,8,3
1661,3_09_08_00014.xml,9,8,3
1662,3_09_08_00019.xml,9,8,3
1663,3_09_08_00020.xml,9,8,3
1664,3_09_08_00021.xml,9,8,3
1665,3_09_08_00023.xml,9,8,3
1666,3_09_08_00028.xml,9,8,3
1667,3_09_08_00029.xml,9,8,3
1668,3_09_08_00030.xml,9,8,3
1669,3_09_08_00031.xml,9,8,3
