<?xml version="1.0" encoding="utf-16"?>
<Level width="2">
  <Camera x="0" y="-1" minWidth="25" maxWidth="35" />
  <Score highScore="0" />
  <Birds>
    <Bird type="BirdRed"/>
  </Birds>
  <Slingshot x="-12.0" y="-2.5" />
  <GameObjects>
    <Pig type="BasicSmall" material="" x="-0.0004" y="-3.2668" rotation="1.2135" />
    <Block type="Circle" material="ice" x="1.4113" y="-3.1" rotation="0" />
    <Block type="Triangle" material="wood" x="8.1797" y="-3.09" rotation="0" />
    <Block type="Triangle" material="wood" x="-9.4098" y="-3.09" rotation="0" />
  </GameObjects>
</Level>
