<?xml version="1.0" encoding="utf-16"?>
<Level width="2">
  <Camera x="0" y="-1" minWidth="25" maxWidth="35" />
  <Score highScore="0" />
  <Birds>
    <Bird type="BirdRed"/>
  </Birds>
  <Slingshot x="-12.0" y="-2.5" />
  <GameObjects>
    <Pig type="BasicSmall" material="" x="-0.8543" y="-1.9927" rotation="1.0769" />
    <Platform type="Platform" material="" x="-0.862" y="-2.474" rotation="0.0" scaleX="2.089" scaleY="0.763" />
    <Platform type="Platform" material="" x="-2.5" y="-1.85" rotation="90.0" scaleX="2.3272" scaleY="0.763" />
    <Block type="RectSmall" material="stone" x="3.0008" y="-3.39" rotation="0" />
    <Block type="TriangleHole" material="wood" x="7.3025" y="-3.09" rotation="0" />
    <Block type="SquareTiny" material="wood" x="9.3391" y="-3.39" rotation="0" />
  </GameObjects>
</Level>
