<?xml version="1.0" encoding="utf-16"?>
<Level width="2">
  <Camera x="0" y="-1" minWidth="25" maxWidth="35" />
  <Score highScore="0" />
  <Birds>
    <Bird type="BirdRed"/>
    <Bird type="BirdRed"/>
    <Bird type="BirdRed"/>
  </Birds>
  <Slingshot x="-12.0" y="-2.5" />
  <GameObjects>
    <Pig type="BasicBig" material="" x="-0.8177" y="-1.7368" rotation="359.8833" />
    <Platform type="Platform" material="" x="-0.911" y="-2.474" rotation="0.0" scaleX="2.9321" scaleY="0.763" />
    <Platform type="Platform" material="" x="-0.92" y="-0.77" rotation="0.0" scaleX="2.089" scaleY="0.763" />
    <Platform type="Platform" material="" x="0.026" y="-2.319" rotation="0.0" scaleX="1.0" scaleY="1.2587" />
    <Platform type="Platform" material="" x="-1.685" y="-2.317" rotation="0.0" scaleX="1.0" scaleY="1.2587" />
    <Block type="Circle" material="stone" x="-9.8866" y="-3.1" rotation="0" />
    <Block type="RectFat" material="wood" x="-6.3191" y="-3.285" rotation="0" />
    <Block type="SquareSmall" material="stone" x="-4.1444" y="-3.285" rotation="0" />
  </GameObjects>
</Level>
