<?xml version="1.0" encoding="utf-16"?>
<Level width="2">
  <Camera x="0" y="-1" minWidth="25" maxWidth="35" />
  <Score highScore="0" />
  <Birds>
    <Bird type="BirdRed"/>
  </Birds>
  <Slingshot x="-12.0" y="-2.5" />
  <GameObjects>
    <Pig type="BasicSmall" material="" x="4.8302" y="2.1292" rotation="1.0447" />
    <Block type="Circle" material="wood" x="2.91" y="2.2831" rotation="0.0115" />
    <Platform type="Platform" material="" x="3.386" y="1.638" rotation="0.0" scaleX="15.6568" scaleY="0.797" />
    <Block type="Triangle" material="ice" x="-8.3538" y="-3.09" rotation="0" />
    <Platform type="Platform" material="" x="1.5921" y="-3.18" rotation="0" scaleX="1.0" scaleY="1.0" />
    <Block type="RectFat" material="wood" x="3.2417" y="-3.285" rotation="0" />
  </GameObjects>
</Level>
