<?xml version="1.0" encoding="utf-16"?>
<Level width="2">
  <Camera x="0" y="-1" minWidth="25" maxWidth="35" />
  <Score highScore="0" />
  <Birds>
    <Bird type="BirdRed"/>
  </Birds>
  <Slingshot x="-12.0" y="-2.5" />
  <GameObjects>
    <Pig type="BasicSmall" material="" x="2.9753" y="-2.8105" rotation="1.1102" />
    <Block type="Circle" material="wood" x="-2.3967" y="-0.275" rotation="0.0072" />
    <Platform type="Platform" material="" x="-2.361" y="-0.863" rotation="0.0" scaleX="1.6224" scaleY="0.6073" />
    <Platform type="Platform" material="" x="0.44" y="-2.05" rotation="333.177" scaleX="8.3941" scaleY="0.6007" />
    <Platform type="Platform" material="" x="3.667" y="-3.245" rotation="0.0" scaleX="4.095" scaleY="0.6199" />
    <Platform type="Platform" material="" x="1.011" y="0.344" rotation="0.0" scaleX="12.2451" scaleY="0.3227" />
    <Block type="RectTiny" material="wood" x="-9.4353" y="-3.39" rotation="0" />
    <Block type="RectFat" material="wood" x="-4.7452" y="-3.285" rotation="0" />
    <Block type="RectBig" material="wood" x="6.5215" y="-3.39" rotation="0" />
  </GameObjects>
</Level>
