<?xml version="1.0" encoding="utf-16"?>
<Level width="2">
  <Camera x="0" y="-1" minWidth="25" maxWidth="35" />
  <Score highScore="0" />
  <Birds>
    <Bird type="BirdRed"/>
  </Birds>
  <Slingshot x="-12.0" y="-2.5" />
  <GameObjects>
    <Pig type="BasicSmall" material="" x="-4.1603" y="-3.25" rotation="1.0486" />
    <Block type="Circle" material="stone" x="-5.31" y="-0.7899" rotation="0.0264" />
    <Block type="Circle" material="stone" x="-3.71" y="0.7041" rotation="0.1104" />
    <Block type="Circle" material="stone" x="-4.8" y="0.7039" rotation="0.0338" />
    <Platform type="Platform" material="" x="-5.16" y="-2.64" rotation="0.0" scaleX="1.0" scaleY="2.792" />
    <Platform type="Platform" material="" x="-5.743" y="-1.5" rotation="0.0" scaleX="2.792" scaleY="1.0" />
    <Platform type="Platform" material="" x="-4.267" y="-3.72" rotation="0.0" scaleX="3.7575" scaleY="0.7306" />
    <Platform type="Platform" material="" x="-3.393" y="-1.755" rotation="0.0" scaleX="1.0" scaleY="5.484" />
    <Platform type="Platform" material="" x="-4.27" y="0.08" rotation="0.0" scaleX="3.7575" scaleY="0.7306" />
    <Block type="SquareHole" material="ice" x="1.7609" y="-3.08" rotation="0" />
    <Block type="RectSmall" material="ice" x="-0.0211" y="-3.39" rotation="0" />
    <Block type="RectTiny" material="ice" x="4.3935" y="-3.39" rotation="0" />
  </GameObjects>
</Level>
