<?xml version="1.0" encoding="utf-16"?>
<Level width="2">
  <Camera x="0" y="-1" minWidth="25" maxWidth="35" />
  <Score highScore="0" />
  <Birds>
    <Bird type="BirdRed"/>
  </Birds>
  <Slingshot x="-12.0" y="-2.5" />
  <GameObjects>
    <Pig type="BasicSmall" material="" x="4.0898" y="-3.2492" rotation="1.6765" />
    <Block type="SquareHole" material="stone" x="3.312" y="2.3959" rotation="0.0106" />
    <Block type="Triangle" material="wood" x="4.5001" y="3.8638" rotation="-0.0" />
    <Block type="TriangleHole" material="wood" x="2.65" y="3.8716" rotation="0.1643" />
    <Platform type="Platform" material="" x="2.05" y="-2.65" rotation="0.0" scaleX="1.0" scaleY="2.792" />
    <Platform type="Platform" material="" x="1.487" y="-1.51" rotation="0.0" scaleX="2.792" scaleY="1.0" />
    <Platform type="Platform" material="" x="2.6832" y="0.216" rotation="0.0" scaleX="2.3908" scaleY="0.7306" />
    <Platform type="Platform" material="" x="3.463" y="3.24" rotation="0.0" scaleX="4.8341" scaleY="0.7306" />
    <Platform type="Platform" material="" x="2.68" y="1.76" rotation="0.0" scaleX="2.3908" scaleY="0.7306" />
    <Platform type="Platform" material="" x="4.77" y="2.401" rotation="90.0" scaleX="2.6387" scaleY="0.7306" />
    <Platform type="Platform" material="" x="3.371" y="-3.72" rotation="0.0" scaleX="5.1193" scaleY="0.7306" />
    <Block type="TriangleHole" material="wood" x="-0.9651" y="-3.09" rotation="0" />
    <Block type="RectSmall" material="ice" x="-5.2667" y="-3.39" rotation="0" />
    <Block type="Circle" material="wood" x="-9.5236" y="-3.1" rotation="0" />
  </GameObjects>
</Level>
