<?xml version="1.0" encoding="utf-16"?>
<Level width="2">
  <Camera x="0" y="-1" minWidth="25" maxWidth="35" />
  <Score highScore="0" />
  <Birds>
    <Bird type="BirdRed"/>
  </Birds>
  <Slingshot x="-12.0" y="-2.5" />
  <GameObjects>
    <Pig type="BasicSmall" material="" x="-4.955" y="0.8596" rotation="1.0928" />
    <Block type="SquareHole" material="wood" x="-5.5985" y="1.0244" rotation="0.1793" />
    <Platform type="Platform" material="" x="-5.034" y="0.3323" rotation="0.0" scaleX="3.0933" scaleY="0.91" />
    <Platform type="Platform" material="" x="-5.047" y="2.34" rotation="0.0" scaleX="3.1368" scaleY="0.91" />
    <Block type="SquareHole" material="wood" x="-0.1531" y="-3.08" rotation="0" />
    <Block type="SquareHole" material="wood" x="5.0213" y="-3.08" rotation="0" />
    <Block type="RectSmall" material="ice" x="2.5189" y="-3.39" rotation="0" />
  </GameObjects>
</Level>
