<?xml version="1.0" encoding="utf-16"?>
<Level width="2">
  <Camera x="0" y="-1" minWidth="25" maxWidth="35" />
  <Score highScore="0" />
  <Birds>
    <Bird type="BirdRed"/>
  </Birds>
  <Slingshot x="-12.0" y="-2.5" />
  <GameObjects>
    <Pig type="BasicSmall" material="" x="0.6312" y="-2.7028" rotation="0.6748" />
    <Block type="SquareHole" material="wood" x="-1.5151" y="-1.646" rotation="180.0916" />
    <Platform type="Platform" material="" x="-1.61" y="-2.841" rotation="0.0" scaleX="1.0" scaleY="2.478" />
    <Platform type="Platform" material="" x="-0.527" y="-2.819" rotation="334.8416" scaleX="3.2577" scaleY="1.0915" />
    <Platform type="Platform" material="" x="0.69" y="-3.26" rotation="0.0" scaleX="1.358" scaleY="1.0" />
    <Platform type="Platform" material="" x="-0.331" y="-0.79" rotation="0.0" scaleX="4.842" scaleY="0.593" />
    <Block type="SquareTiny" material="stone" x="-3.4232" y="-3.39" rotation="0" />
    <Block type="RectFat" material="wood" x="5.6425" y="-3.285" rotation="0" />
    <Block type="RectMedium" material="wood" x="-6.7498" y="-3.39" rotation="0" />
  </GameObjects>
</Level>
