<?xml version="1.0" encoding="utf-16"?>
<Level width="2">
  <Camera x="0" y="-1" minWidth="25" maxWidth="35" />
  <Score highScore="0" />
  <Birds>
    <Bird type="BirdRed"/>
  </Birds>
  <Slingshot x="-12.0" y="-2.5" />
  <GameObjects>
    <Pig type="BasicSmall" material="" x="-2.2449" y="-2.8963" rotation="5.159" />
    <Platform type="Platform" material="" x="-2.6732" y="-2.5746" rotation="90.0" scaleX="2.2449" scaleY="0.5756" />
    <Platform type="Platform" material="" x="-1.9774" y="-3.2555" rotation="12.5829" scaleX="2.7048" scaleY="0.5077" />
    <Platform type="Platform" material="" x="-2.0902" y="-1.4525" rotation="39.1162" scaleX="2.5999" scaleY="0.5226" />
    <Platform type="Platform" material="" x="-1.4763" y="0.3595" rotation="325.0335" scaleX="3.6191" scaleY="0.1837" />
    <Platform type="Platform" material="" x="-0.4513" y="-2.6467" rotation="29.3391" scaleX="2.6269" scaleY="0.51" />
    <Platform type="Platform" material="" x="-3.492" y="1.258" rotation="37.6517" scaleX="-1.3887" scaleY="0.1636" />
    <Block type="RectMedium" material="stone" x="2.3759" y="-3.39" rotation="0" />
    <Block type="CircleSmall" material="wood" x="9.2169" y="-3.275" rotation="0" />
    <Block type="SquareHole" material="ice" x="-8.9399" y="-3.08" rotation="0" />
  </GameObjects>
</Level>
