<?xml version="1.0" encoding="utf-16"?>
<Level width="2">
  <Camera x="0" y="-1" minWidth="25" maxWidth="35" />
  <Score highScore="0" />
  <Birds>
    <Bird type="BirdRed"/>
  </Birds>
  <Slingshot x="-12.0" y="-2.5" />
  <GameObjects>
    <Pig type="BasicMedium" material="" x="-2.9096" y="-0.7687" rotation="0.212" />
    <Block type="SquareTiny" material="stone" x="-3.61" y="0.8887" rotation="-0.0001" />
    <Block type="SquareSmall" material="wood" x="-3.59" y="0.5917" rotation="359.9911" />
    <Platform type="Platform" material="" x="-2.5631" y="-1.2237" rotation="0.0" scaleX="1.1944" scaleY="0.1899" />
    <Platform type="Platform" material="" x="-5.019" y="-0.558" rotation="0.0" scaleX="0.5246" scaleY="2.016" />
    <Platform type="Platform" material="" x="-2.339" y="-0.548" rotation="0.0" scaleX="0.5246" scaleY="2.016" />
    <Platform type="Platform" material="" x="-3.678" y="0.222" rotation="90.0" scaleX="0.5246" scaleY="4.7196" />
    <Platform type="Platform" material="" x="-3.396" y="-1.67" rotation="310.8759" scaleX="0.2203" scaleY="2.1486" />
    <Platform type="Platform" material="" x="-4.628" y="-2.226" rotation="8.7625" scaleX="2.4526" scaleY="0.2078" />
    <Block type="SquareTiny" material="stone" x="-4.0865" y="-3.39" rotation="0" />
    <Block type="SquareHole" material="ice" x="5.3736" y="-3.08" rotation="0" />
    <Block type="SquareTiny" material="ice" x="-5.768" y="-3.39" rotation="0" />
  </GameObjects>
</Level>
