<?xml version="1.0" encoding="utf-16"?>
<Level width="2">
  <Camera x="0" y="-1" minWidth="25" maxWidth="35" />
  <Score highScore="0" />
  <Birds>
    <Bird type="BirdRed"/>
  </Birds>
  <Slingshot x="-12.0" y="-2.5" />
  <GameObjects>
    <Pig type="BasicSmall" material="" x="2.9798" y="-2.1252" rotation="1.2625" />
    <Block type="Circle" material="stone" x="-6.96" y="-0.6803" rotation="272.5464" />
    <Block type="CircleSmall" material="stone" x="-6.97" y="0.72" rotation="0.0086" />
    <Block type="RectFat" material="wood" x="-0.99" y="2.1533" rotation="0.0" />
    <Block type="CircleSmall" material="wood" x="2.98" y="2.1617" rotation="66.6404" />
    <Block type="Circle" material="ice" x="-5.13" y="2.3422" rotation="0.1019" />
    <Platform type="Platform" material="" x="-2.516" y="0.175" rotation="90.0" scaleX="1.0" scaleY="14.2867" />
    <Platform type="Platform" material="" x="-1.487" y="1.67" rotation="0.0" scaleX="17.8517" scaleY="0.874" />
    <Platform type="Platform" material="" x="-2.5281" y="-1.3788" rotation="90.0" scaleX="1.0" scaleY="14.3226" />
    <Platform type="Platform" material="" x="3.907" y="-0.446" rotation="0.0" scaleX="1.022" scaleY="6.8023" />
    <Platform type="Platform" material="" x="3.21" y="-2.68" rotation="270.4066" scaleX="1.0" scaleY="3.223" />
    <Platform type="Platform" material="" x="3.68" y="-2.31" rotation="311.1048" scaleX="1.0" scaleY="1.2924" />
    <Platform type="Platform" material="" x="2.11" y="-2.1227" rotation="30.1553" scaleX="1.1569" scaleY="2.5138" />
    <Platform type="Platform" material="" x="-6.7386" y="1.354" rotation="0.0" scaleX="1.4476" scaleY="0.874" />
    <Block type="RectTiny" material="stone" x="7.3462" y="-3.39" rotation="0" />
    <Block type="TriangleHole" material="wood" x="-7.8537" y="-3.09" rotation="0" />
    <Block type="RectBig" material="stone" x="-0.3617" y="-3.39" rotation="0" />
  </GameObjects>
</Level>
