<?xml version="1.0" encoding="utf-16"?>
<Level width="2">
  <Camera x="0" y="-1" minWidth="25" maxWidth="35" />
  <Score highScore="0" />
  <Birds>
    <Bird type="BirdRed"/>
  </Birds>
  <Slingshot x="-12.0" y="-2.5" />
  <GameObjects>
    <Pig type="BasicSmall" material="" x="6.4699" y="-3.2637" rotation="0.9429" />
    <Block type="SquareHole" material="stone" x="3.91" y="2.3722" rotation="0.3831" />
    <Block type="SquareHole" material="wood" x="4.0" y="-0.4114" rotation="0.1086" />
    <Block type="Triangle" material="ice" x="4.1604" y="4.8804" rotation="-0.0002" />
    <Block type="Triangle" material="stone" x="5.5126" y="4.5047" rotation="225.0027" />
    <Block type="Triangle" material="wood" x="6.79" y="4.88" rotation="90.0001" />
    <Platform type="Platform" material="" x="3.294" y="-2.237" rotation="0.0" scaleX="1.0" scaleY="4.256" />
    <Platform type="Platform" material="" x="3.615" y="-1.13" rotation="90.0" scaleX="1.0" scaleY="2.0216" />
    <Platform type="Platform" material="" x="3.55" y="1.65" rotation="90.0" scaleX="1.0" scaleY="1.911" />
    <Platform type="Platform" material="" x="3.83" y="0.852" rotation="0.0" scaleX="1.0" scaleY="1.588" />
    <Platform type="Platform" material="" x="3.83" y="3.595" rotation="0.0" scaleX="1.0" scaleY="1.422" />
    <Platform type="Platform" material="" x="5.482" y="4.17" rotation="0.0" scaleX="6.1271" scaleY="1.0" />
    <Platform type="Platform" material="" x="5.2085" y="-3.82" rotation="0.0" scaleX="6.9813" scaleY="1.0" />
    <Block type="Triangle" material="ice" x="-1.4384" y="-3.09" rotation="0" />
    <Block type="SquareSmall" material="ice" x="-4.7243" y="-3.285" rotation="0" />
    <Block type="SquareSmall" material="stone" x="-7.0041" y="-3.285" rotation="0" />
  </GameObjects>
</Level>
