<?xml version="1.0" encoding="utf-16"?>
<Level width="2">
  <Camera x="0" y="-1" minWidth="25" maxWidth="35" />
  <Score highScore="0" />
  <Birds>
    <Bird type="BirdRed"/>
  </Birds>
  <Slingshot x="-12.0" y="-2.5" />
  <GameObjects>
    <Pig type="BasicSmall" material="" x="-2.1869" y="-1.3311" rotation="1.2179" />
    <Pig type="BasicSmall" material="" x="-5.45" y="-2.8401" rotation="0.7622" />
    <Pig type="BasicSmall" material="" x="-3.9804" y="-1.6716" rotation="1.1297" />
    <Block type="RectBig" material="wood" x="-2.1753" y="-2.5102" rotation="90.1091" />
    <Block type="RectTiny" material="wood" x="-5.4972" y="-3.2648" rotation="89.9422" />
    <Block type="RectMedium" material="wood" x="-3.9809" y="-2.6805" rotation="90.021" />
    <Platform type="Platform" material="" x="0.937" y="-0.9778" rotation="275.8929" scaleX="8.5508" scaleY="0.608" />
    <Platform type="Platform" material="" x="-6.189" y="-2.8168" rotation="275.8929" scaleX="2.7217" scaleY="0.608" />
    <Platform type="Platform" material="" x="-2.4294" y="-3.6629" rotation="0.0" scaleX="12.153" scaleY="0.608" />
    <Block type="SquareSmall" material="ice" x="3.4376" y="-3.285" rotation="0" />
    <Block type="SquareHole" material="ice" x="6.7529" y="-3.08" rotation="0" />
    <Block type="RectBig" material="wood" x="4.77" y="-3.39" rotation="0" />
  </GameObjects>
</Level>
