<?xml version="1.0" encoding="utf-16"?>
<Level width="2">
  <Camera x="0" y="-1" minWidth="25" maxWidth="35" />
  <Score highScore="0" />
  <Birds>
    <Bird type="BirdRed"/>
  </Birds>
  <Slingshot x="-12.0" y="-2.5" />
  <GameObjects>
    <Pig type="BasicSmall" material="" x="0.207" y="-3.2597" rotation="1.0857" />
    <Block type="RectBig" material="stone" x="-0.723" y="2.96" rotation="89.9895" />
    <Block type="RectTiny" material="stone" x="-0.7218" y="0.3456" rotation="89.7439" />
    <Block type="SquareHole" material="stone" x="-0.6574" y="0.9314" rotation="359.6623" />
    <Block type="SquareHole" material="stone" x="-0.699" y="4.3017" rotation="0.1111" />
    <Platform type="Platform" material="" x="-1.33" y="-0.07" rotation="0.0" scaleX="3.0409" scaleY="0.666" />
    <Platform type="Platform" material="" x="-1.34" y="1.7889" rotation="0.0" scaleX="3.0409" scaleY="0.666" />
    <Platform type="Platform" material="" x="-2.102" y="-1.729" rotation="0.0" scaleX="0.5843" scaleY="5.7608" />
    <Platform type="Platform" material="" x="1.977" y="1.84" rotation="0.0" scaleX="3.0409" scaleY="0.666" />
    <Platform type="Platform" material="" x="1.967" y="-0.11" rotation="0.0" scaleX="3.0409" scaleY="0.666" />
    <Platform type="Platform" material="" x="0.322" y="-3.71" rotation="0.0" scaleX="8.1811" scaleY="0.666" />
    <Block type="Triangle" material="wood" x="-7.5496" y="-3.09" rotation="0" />
    <Block type="TriangleHole" material="ice" x="7.9794" y="-3.09" rotation="0" />
    <Block type="RectMedium" material="wood" x="-5.2623" y="-3.39" rotation="0" />
  </GameObjects>
</Level>
