<?xml version="1.0" encoding="utf-16"?>
<Level width="2">
  <Camera x="0" y="-1" minWidth="25" maxWidth="35" />
  <Score highScore="0" />
  <Birds>
    <Bird type="BirdRed"/>
  </Birds>
  <Slingshot x="-12.0" y="-2.5" />
  <GameObjects>
    <Pig type="BasicSmall" material="" x="-1.88" y="-2.6645" rotation="1.1036" />
    <Block type="Circle" material="stone" x="-6.22" y="3.3212" rotation="0.0075" />
    <Block type="CircleSmall" material="stone" x="-6.2102" y="2.1804" rotation="0.3015" />
    <Platform type="Platform" material="" x="-2.38" y="-1.99" rotation="0.0" scaleX="0.5634" scaleY="3.4453" />
    <Platform type="Platform" material="" x="-1.893" y="-3.2206" rotation="0.0" scaleX="2.1238" scaleY="1.0" />
    <Platform type="Platform" material="" x="-5.12" y="1.7969" rotation="0.0" scaleX="3.6554" scaleY="0.4942" />
    <Platform type="Platform" material="" x="-1.4" y="-2.16" rotation="0.0" scaleX="0.5634" scaleY="4.1313" />
    <Platform type="Platform" material="" x="-0.625" y="-0.3" rotation="307.1678" scaleX="0.4611" scaleY="3.4087" />
    <Platform type="Platform" material="" x="-3.199" y="-0.325" rotation="52.9713" scaleX="0.4786" scaleY="3.62" />
    <Platform type="Platform" material="" x="-5.13" y="2.7712" rotation="0.0" scaleX="3.6554" scaleY="0.4942" />
    <Platform type="Platform" material="" x="-2.894" y="4.24" rotation="0.0" scaleX="10.9099" scaleY="0.523" />
    <Platform type="Platform" material="" x="0.381" y="2.282" rotation="0.0" scaleX="0.715" scaleY="6.369" />
    <Platform type="Platform" material="" x="-4.17" y="1.062" rotation="0.0" scaleX="0.669" scaleY="2.71" />
    <Block type="RectSmall" material="ice" x="-4.8965" y="-3.39" rotation="0" />
    <Block type="RectSmall" material="stone" x="-7.6543" y="-3.39" rotation="0" />
    <Block type="SquareHole" material="stone" x="-9.4958" y="-3.08" rotation="0" />
  </GameObjects>
</Level>
