<?xml version="1.0" encoding="utf-16"?>
<Level width="2">
  <Camera x="0" y="-1" minWidth="25" maxWidth="35" />
  <Score highScore="0" />
  <Birds>
    <Bird type="BirdRed"/>
  </Birds>
  <Slingshot x="-12.0" y="-2.5" />
  <GameObjects>
    <Pig type="BasicSmall" material="" x="-1.84" y="1.0344" rotation="1.3826" />
    <Platform type="Platform" material="" x="-3.384" y="3.29" rotation="0.0" scaleX="8.3025" scaleY="1.0" />
    <Platform type="Platform" material="" x="-1.07" y="2.106" rotation="0.0" scaleX="1.0" scaleY="4.605" />
    <Platform type="Platform" material="" x="-3.98" y="2.06" rotation="0.0" scaleX="4.6372" scaleY="1.0" />
    <Platform type="Platform" material="" x="-3.6242" y="1.108" rotation="0.0" scaleX="3.5759" scaleY="1.0" />
    <Platform type="Platform" material="" x="-2.762" y="0.48" rotation="0.0" scaleX="6.2885" scaleY="1.0" />
    <Block type="Circle" material="ice" x="-0.313" y="-3.1" rotation="0" />
    <Block type="RectSmall" material="wood" x="8.7994" y="-3.39" rotation="0" />
    <Block type="SquareSmall" material="ice" x="-5.6717" y="-3.285" rotation="0" />
  </GameObjects>
</Level>
