<?xml version="1.0" encoding="utf-16"?>
<Level width="2">
  <Camera x="0" y="-1" minWidth="25" maxWidth="35" />
  <Score highScore="0" />
  <Birds>
    <Bird type="BirdRed"/>
  </Birds>
  <Slingshot x="-12.0" y="-2.5" />
  <GameObjects>
    <Pig type="BasicSmall" material="" x="5.44" y="-3.2335" rotation="0.8215" />
    <Block type="SquareHole" material="stone" x="2.37" y="-0.41" rotation="0.3147" />
    <Block type="Circle" material="stone" x="2.2587" y="1.3916" rotation="126.6189" />
    <Block type="RectMedium" material="wood" x="2.92" y="3.047" rotation="0.0" />
    <Block type="Triangle" material="ice" x="5.44" y="3.3324" rotation="0.0182" />
    <Platform type="Platform" material="" x="3.94" y="-2.25" rotation="0.0" scaleX="1.0" scaleY="4.256" />
    <Platform type="Platform" material="" x="2.994" y="-1.13" rotation="90.0" scaleX="1.0" scaleY="3.9654" />
    <Platform type="Platform" material="" x="2.978" y="0.69" rotation="90.0" scaleX="1.0" scaleY="4.0641" />
    <Platform type="Platform" material="" x="4.137" y="2.62" rotation="0.0" scaleX="8.0121" scaleY="1.0" />
    <Platform type="Platform" material="" x="6.36" y="-0.559" rotation="0.0" scaleX="1.0" scaleY="9.5243" />
    <Platform type="Platform" material="" x="5.183" y="-3.79" rotation="0.0" scaleX="4.7431" scaleY="1.0" />
    <Block type="CircleSmall" material="stone" x="-7.6009" y="-3.275" rotation="0" />
    <Block type="TriangleHole" material="wood" x="1.7189" y="-3.09" rotation="0" />
    <Block type="RectFat" material="wood" x="-2.4412" y="-3.285" rotation="0" />
  </GameObjects>
</Level>
