<?xml version="1.0" encoding="utf-16"?>
<Level width="2">
  <Camera x="0" y="-1" minWidth="25" maxWidth="35" />
  <Score highScore="0" />
  <Birds>
    <Bird type="BirdRed"/>
  </Birds>
  <Slingshot x="-12.0" y="-2.5" />
  <GameObjects>
    <Pig type="BasicSmall" material="" x="-5.84" y="-3.2639" rotation="1.0723" />
    <Block type="RectBig" material="stone" x="-3.856" y="-0.6949" rotation="359.7365" />
    <Block type="TriangleHole" material="ice" x="-4.795" y="-1.1996" rotation="0.1635" />
    <Block type="TriangleHole" material="stone" x="-3.74" y="-1.1998" rotation="0.1655" />
    <Block type="Circle" material="stone" x="-3.9598" y="-0.2119" rotation="359.7201" />
    <Block type="SquareHole" material="stone" x="-3.8" y="1.5606" rotation="0.3144" />
    <Block type="RectBig" material="stone" x="-4.0193" y="2.0561" rotation="359.6061" />
    <Block type="SquareHole" material="ice" x="-4.8083" y="1.5624" rotation="90.1911" />
    <Block type="Circle" material="stone" x="-3.99" y="2.5381" rotation="359.5839" />
    <Platform type="Platform" material="" x="-3.581" y="-1.67" rotation="0.0" scaleX="4.9818" scaleY="0.225" />
    <Platform type="Platform" material="" x="-3.654" y="1.1" rotation="0.0" scaleX="5.0287" scaleY="0.186" />
    <Platform type="Platform" material="" x="-6.258" y="-3.035" rotation="0.0" scaleX="0.2362" scaleY="1.5576" />
    <Platform type="Platform" material="" x="-7.1444" y="3.17" rotation="0.0" scaleX="5.8125" scaleY="0.195" />
    <Platform type="Platform" material="" x="-6.152" y="-2.326" rotation="327.658" scaleX="0.1979" scaleY="0.7835" />
    <Platform type="Platform" material="" x="-8.964" y="2.2269" rotation="90.0" scaleX="3.2012" scaleY="0.195" />
    <Platform type="Platform" material="" x="-4.152" y="-3.58" rotation="0.0" scaleX="6.7653" scaleY="0.225" />
    <Block type="TriangleHole" material="stone" x="6.0243" y="-3.09" rotation="0" />
    <Block type="SquareSmall" material="stone" x="3.5192" y="-3.285" rotation="0" />
    <Block type="TriangleHole" material="stone" x="8.9792" y="-3.09" rotation="0" />
  </GameObjects>
</Level>
