<?xml version="1.0" encoding="utf-16"?>
<Level width="2">
  <Camera x="0" y="-1" minWidth="25" maxWidth="35" />
  <Score highScore="0" />
  <Birds>
    <Bird type="BirdRed"/>
    <Bird type="BirdRed"/>
  </Birds>
  <Slingshot x="-12.0" y="-2.5" />
  <GameObjects>
    <Pig type="BasicSmall" material="" x="-7.7167" y="-0.3442" rotation="3.8583" />
    <Pig type="BasicSmall" material="" x="-8.1915" y="-0.3474" rotation="1.0165" />
    <Pig type="BasicSmall" material="" x="-6.1519" y="-2.8896" rotation="1.1041" />
    <Block type="RectBig" material="stone" x="-6.5272" y="-0.4766" rotation="-0.0001" />
    <Block type="RectBig" material="stone" x="-6.5275" y="-0.2775" rotation="359.9924" />
    <Platform type="Platform" material="" x="-8.077" y="-0.694" rotation="0.0" scaleX="1.9019" scaleY="0.345" />
    <Platform type="Platform" material="" x="-5.268" y="-0.694" rotation="0.0" scaleX="1.0" scaleY="0.345" />
    <Platform type="Platform" material="" x="-6.22" y="-3.27" rotation="90.0" scaleX="0.451" scaleY="2.0646" />
    <Platform type="Platform" material="" x="-6.74" y="-2.739" rotation="0.0" scaleX="0.451" scaleY="2.0981" />
    <Platform type="Platform" material="" x="-5.7" y="-2.475" rotation="0.0" scaleX="0.451" scaleY="2.9226" />
    <Platform type="Platform" material="" x="-8.246" y="0.147" rotation="0.0" scaleX="2.3667" scaleY="0.345" />
    <Platform type="Platform" material="" x="-5.836" y="-1.5" rotation="0.0" scaleX="0.863" scaleY="0.1572" />
    <Platform type="Platform" material="" x="-6.88" y="-2.02" rotation="0.0" scaleX="0.863" scaleY="0.1572" />
    <Block type="Triangle" material="wood" x="7.0015" y="-3.09" rotation="0" />
    <Block type="TriangleHole" material="ice" x="8.9579" y="-3.09" rotation="0" />
    <Block type="Circle" material="ice" x="-1.6744" y="-3.1" rotation="0" />
  </GameObjects>
</Level>
