<?xml version="1.0" encoding="utf-16"?>
<Level width="2">
  <Camera x="0" y="-1" minWidth="25" maxWidth="35" />
  <Score highScore="0" />
  <Birds>
    <Bird type="BirdRed"/>
    <Bird type="BirdRed"/>
    <Bird type="BirdRed"/>
  </Birds>
  <Slingshot x="-12.0" y="-2.5" />
  <GameObjects>
    <Pig type="BasicMedium" material="" x="-2.8285" y="1.9545" rotation="356.8961" />
    <Pig type="BasicSmall" material="" x="-3.0305" y="-0.774" rotation="1.0728" />
    <Pig type="BasicSmall" material="" x="-2.5347" y="-0.774" rotation="1.0738" />
    <Block type="RectMedium" material="wood" x="-2.7901" y="-0.4402" rotation="359.9926" />
    <Block type="RectBig" material="wood" x="-2.7905" y="0.6107" rotation="88.9854" />
    <Platform type="Platform" material="" x="-2.76" y="-1.1802" rotation="0.0" scaleX="2.6444" scaleY="0.5319" />
    <Platform type="Platform" material="" x="-2.0189" y="1.099" rotation="0.0" scaleX="2.0261" scaleY="0.4706" />
    <Platform type="Platform" material="" x="-3.81" y="1.6337" rotation="0.0" scaleX="1.0" scaleY="2.0227" />
    <Platform type="Platform" material="" x="-3.5321" y="1.091" rotation="0.0" scaleX="1.876" scaleY="0.4426" />
    <Platform type="Platform" material="" x="-1.68" y="1.6753" rotation="0.0" scaleX="1.0" scaleY="2.2152" />
    <Platform type="Platform" material="" x="-2.1258" y="2.334" rotation="0.0" scaleX="1.9057" scaleY="0.1551" />
    <Platform type="Platform" material="" x="-3.5746" y="2.226" rotation="0.0" scaleX="1.6054" scaleY="0.1544" />
    <Platform type="Platform" material="" x="-2.428" y="4.153" rotation="353.8483" scaleX="0.2697" scaleY="5.6267" />
    <Platform type="Platform" material="" x="-3.168" y="3.695" rotation="0.4309" scaleX="0.2652" scaleY="4.5678" />
    <Platform type="Platform" material="" x="-1.0912" y="-3.18" rotation="0" scaleX="1.0" scaleY="1.0" />
    <Platform type="Platform" material="" x="-6.9113" y="-3.18" rotation="0" scaleX="1.0" scaleY="1.0" />
    <Block type="RectTiny" material="stone" x="7.4139" y="-3.39" rotation="0" />
  </GameObjects>
</Level>
