<?xml version="1.0" encoding="utf-16"?>
<Level width="2">
  <Camera x="0" y="-1" minWidth="25" maxWidth="35" />
  <Score highScore="0" />
  <Birds>
    <Bird type="BirdRed"/>
  </Birds>
  <Slingshot x="-12.0" y="-2.5" />
  <GameObjects>
    <Pig type="BasicSmall" material="" x="-3.4484" y="-0.1551" rotation="1.0964" />
    <Pig type="BasicSmall" material="" x="-2.5737" y="-0.1553" rotation="1.0964" />
    <Block type="RectBig" material="stone" x="-3.0208" y="-0.4833" rotation="359.9879" />
    <Block type="RectFat" material="stone" x="-3.9672" y="0.0057" rotation="89.9879" />
    <Block type="RectFat" material="stone" x="-2.0245" y="0.0053" rotation="89.9877" />
    <Block type="RectBig" material="stone" x="-3.0471" y="0.4943" rotation="359.9879" />
    <Block type="RectBig" material="stone" x="-3.013" y="0.6933" rotation="359.9879" />
    <Block type="RectSmall" material="stone" x="-3.0171" y="0.0055" rotation="89.9879" />
    <Block type="Triangle" material="wood" x="-3.0091" y="0.8003" rotation="224.9879" />
    <Block type="RectSmall" material="wood" x="-3.5993" y="-0.9722" rotation="89.9914" />
    <Block type="RectSmall" material="wood" x="-2.5874" y="-0.9722" rotation="89.9996" />
    <Block type="RectBig" material="stone" x="-3.1544" y="-1.461" rotation="-0.0001" />
    <Block type="RectFat" material="wood" x="-2.8761" y="-1.9498" rotation="89.9999" />
    <Block type="RectFat" material="wood" x="-3.8837" y="-1.9498" rotation="90.0" />
    <Block type="RectFat" material="wood" x="-3.3339" y="-1.9498" rotation="89.9999" />
    <Block type="RectFat" material="wood" x="-2.3737" y="-1.9498" rotation="90.0" />
    <Block type="RectFat" material="stone" x="-1.4024" y="-2.143" rotation="0.0001" />
    <Block type="RectFat" material="wood" x="-1.4126" y="-1.7508" rotation="0.0007" />
    <Block type="RectFat" material="wood" x="-1.383" y="-0.182" rotation="0.0018" />
    <Block type="RectFat" material="wood" x="-1.4128" y="-0.9664" rotation="0.0013" />
    <Block type="RectFat" material="stone" x="-1.4328" y="-1.3586" rotation="0.001" />
    <Block type="RectFat" material="stone" x="-1.3925" y="-0.5742" rotation="0.0016" />
    <Block type="RectFat" material="stone" x="-0.5914" y="-1.7646" rotation="0.2006" />
    <Block type="RectFat" material="wood" x="-0.5191" y="-2.1493" rotation="0.1254" />
    <Block type="RectFat" material="wood" x="-0.5717" y="-1.3801" rotation="0.1582" />
    <Block type="RectFat" material="wood" x="-0.5408" y="-0.6085" rotation="0.1345" />
    <Block type="RectFat" material="stone" x="-0.5412" y="-0.9946" rotation="0.1499" />
    <Block type="RectFat" material="stone" x="-0.5315" y="-0.2214" rotation="0.194" />
    <Block type="RectFat" material="wood" x="-0.5812" y="0.1671" rotation="0.159" />
    <Block type="RectFat" material="stone" x="-1.3818" y="0.2102" rotation="0.002" />
    <Block type="RectFat" material="wood" x="-1.4231" y="0.6024" rotation="0.002" />
    <Block type="RectFat" material="stone" x="-0.5979" y="0.5833" rotation="0.2542" />
    <Platform type="Platform" material="" x="-2.0539" y="-2.4707" rotation="0.0" scaleX="7.33" scaleY="0.388" />
    <Block type="SquareTiny" material="ice" x="5.2683" y="-3.39" rotation="0" />
    <Block type="RectBig" material="stone" x="3.5038" y="-3.39" rotation="0" />
    <Block type="Triangle" material="wood" x="-9.6384" y="-3.09" rotation="0" />
  </GameObjects>
</Level>
