<?xml version="1.0" encoding="utf-16"?>
<Level width="2">
  <Camera x="0" y="-1" minWidth="25" maxWidth="35" />
  <Score highScore="0" />
  <Birds>
    <Bird type="BirdRed"/>
  </Birds>
  <Slingshot x="-12.0" y="-2.5" />
  <GameObjects>
    <Pig type="BasicSmall" material="" x="-3.0688" y="-0.7704" rotation="12.6641" />
    <Pig type="BasicSmall" material="" x="-2.5172" y="-0.781" rotation="1.0997" />
    <Pig type="BasicSmall" material="" x="-2.8391" y="-0.3977" rotation="11.0506" />
    <Block type="RectBig" material="ice" x="-3.7091" y="-2.1592" rotation="89.9664" />
    <Block type="RectBig" material="ice" x="-2.0491" y="-2.1596" rotation="89.9636" />
    <Block type="RectBig" material="stone" x="-2.8479" y="-1.1094" rotation="359.9879" />
    <Block type="RectFat" material="stone" x="-3.6788" y="-0.6204" rotation="89.9868" />
    <Block type="RectFat" material="stone" x="-2.0187" y="-0.6208" rotation="89.9878" />
    <Block type="RectBig" material="stone" x="-2.7281" y="0.0672" rotation="359.9878" />
    <Block type="RectSmall" material="stone" x="-3.548" y="-0.1316" rotation="359.9868" />
    <Block type="RectSmall" material="stone" x="-1.9881" y="-0.132" rotation="359.9878" />
    <Platform type="Platform" material="" x="-1.37" y="-1.49" rotation="0.0" scaleX="0.55" scaleY="6.1232" />
    <Platform type="Platform" material="" x="-2.575" y="-3.294" rotation="90.0" scaleX="0.55" scaleY="4.241" />
    <Block type="CircleSmall" material="wood" x="2.3727" y="-3.275" rotation="0" />
    <Block type="RectBig" material="wood" x="-7.6229" y="-3.39" rotation="0" />
    <Block type="RectMedium" material="stone" x="8.0064" y="-3.39" rotation="0" />
  </GameObjects>
</Level>
