<?xml version="1.0" encoding="utf-16"?>
<Level width="2">
  <Camera x="0" y="-1" minWidth="25" maxWidth="35" />
  <Score highScore="0" />
  <Birds>
    <Bird type="BirdRed"/>
    <Bird type="BirdRed"/>
  </Birds>
  <Slingshot x="-12.0" y="-2.5" />
  <GameObjects>
    <Pig type="BasicSmall" material="" x="-0.08" y="0.3044" rotation="1.0983" />
    <Block type="RectBig" material="stone" x="-1.5015" y="0.8702" rotation="90.4896" />
    <Block type="SquareHole" material="wood" x="-1.51" y="-0.4756" rotation="0.1881" />
    <Block type="SquareHole" material="stone" x="0.3045" y="2.3576" rotation="0.8028" />
    <Block type="SquareHole" material="ice" x="-1.53" y="3.9222" rotation="0.0" />
    <Platform type="Platform" material="" x="-1.99" y="-2.23" rotation="0.0" scaleX="1.0" scaleY="4.223" />
    <Platform type="Platform" material="" x="-1.02" y="-2.2195" rotation="0.0" scaleX="1.0" scaleY="4.1934" />
    <Platform type="Platform" material="" x="-1.99" y="2.3868" rotation="0.0" scaleX="1.0" scaleY="3.3272" />
    <Platform type="Platform" material="" x="-1.02" y="2.3809" rotation="0.0" scaleX="1.0" scaleY="3.3138" />
    <Platform type="Platform" material="" x="0.19" y="-0.037" rotation="0.0" scaleX="3.0506" scaleY="0.322" />
    <Platform type="Platform" material="" x="0.89" y="0.919" rotation="0.0" scaleX="1.0" scaleY="3.2534" />
    <Platform type="Platform" material="" x="0.0" y="1.63" rotation="0.0" scaleX="3.64" scaleY="1.0" />
    <Platform type="Platform" material="" x="-0.4557" y="-1.852" rotation="0.0" scaleX="1.0178" scaleY="5.3498" />
    <Platform type="Platform" material="" x="-1.226" y="-3.247" rotation="0.0" scaleX="3.3807" scaleY="1.0" />
    <Platform type="Platform" material="" x="-1.489" y="3.2" rotation="0.0" scaleX="2.5612" scaleY="1.0" />
    <Platform type="Platform" material="" x="-9.8977" y="-3.18" rotation="0" scaleX="1.0" scaleY="1.0" />
    <Block type="SquareTiny" material="wood" x="2.6221" y="-3.39" rotation="0" />
    <Platform type="Platform" material="" x="6.8808" y="-3.18" rotation="0" scaleX="1.0" scaleY="1.0" />
  </GameObjects>
</Level>
