<?xml version="1.0" encoding="utf-16"?>
<Level width="2">
  <Camera x="0" y="-1" minWidth="25" maxWidth="35" />
  <Score highScore="0" />
  <Birds>
    <Bird type="BirdRed"/>
    <Bird type="BirdRed"/>
  </Birds>
  <Slingshot x="-12.0" y="-2.5" />
  <GameObjects>
    <Pig type="BasicSmall" material="" x="3.1301" y="-2.1061" rotation="353.8925" />
    <Block type="RectMedium" material="stone" x="-2.6874" y="1.9293" rotation="54.8362" />
    <Block type="Circle" material="stone" x="-3.06" y="4.4512" rotation="46.5264" />
    <Block type="RectSmall" material="ice" x="-2.0414" y="2.5951" rotation="258.7405" />
    <Platform type="Platform" material="" x="-1.73" y="3.405" rotation="51.5445" scaleX="0.466" scaleY="1.9082" />
    <Platform type="Platform" material="" x="-1.0208" y="4.4719" rotation="56.2318" scaleX="0.379" scaleY="3.8371" />
    <Platform type="Platform" material="" x="-0.112" y="3.1765" rotation="0.0" scaleX="0.5" scaleY="2.154" />
    <Platform type="Platform" material="" x="-0.4989" y="1.9597" rotation="324.3686" scaleX="0.4129" scaleY="2.3686" />
    <Platform type="Platform" material="" x="-1.5704" y="2.8222" rotation="55.1266" scaleX="1.4716" scaleY="0.4176" />
    <Platform type="Platform" material="" x="-2.767" y="3.871" rotation="351.3201" scaleX="2.0802" scaleY="0.4701" />
    <Platform type="Platform" material="" x="-3.543" y="0.304" rotation="52.9335" scaleX="2.9964" scaleY="0.3795" />
    <Platform type="Platform" material="" x="-3.186" y="1.129" rotation="137.8246" scaleX="1.0706" scaleY="0.4209" />
    <Platform type="Platform" material="" x="-2.973" y="0.975" rotation="52.9335" scaleX="0.751" scaleY="0.2705" />
    <Platform type="Platform" material="" x="-1.6" y="0.27" rotation="140.9589" scaleX="0.3721" scaleY="0.3475" />
    <Platform type="Platform" material="" x="-2.12" y="-0.145" rotation="51.7164" scaleX="2.3874" scaleY="0.355" />
    <Platform type="Platform" material="" x="-3.543" y="0.304" rotation="52.9335" scaleX="2.9964" scaleY="0.3795" />
    <Platform type="Platform" material="" x="-2.874" y="5.283" rotation="349.7343" scaleX="2.9051" scaleY="0.391" />
    <Platform type="Platform" material="" x="-1.029" y="-0.18" rotation="140.9589" scaleX="0.3721" scaleY="0.3475" />
    <Platform type="Platform" material="" x="-0.535" y="-0.549" rotation="140.9589" scaleX="0.3721" scaleY="0.3475" />
    <Platform type="Platform" material="" x="0.029" y="-0.96" rotation="146.6599" scaleX="0.3721" scaleY="0.3475" />
    <Platform type="Platform" material="" x="0.641" y="-1.266" rotation="156.0521" scaleX="0.3721" scaleY="0.3475" />
    <Platform type="Platform" material="" x="1.272" y="-1.497" rotation="156.5583" scaleX="0.3721" scaleY="0.3475" />
    <Platform type="Platform" material="" x="1.9" y="-1.734" rotation="157.4302" scaleX="0.3721" scaleY="0.3475" />
    <Platform type="Platform" material="" x="2.421" y="-1.961" rotation="154.2383" scaleX="0.3721" scaleY="0.3475" />
    <Platform type="Platform" material="" x="3.0701" y="-2.4487" rotation="172.932" scaleX="0.1342" scaleY="0.3475" />
    <Block type="Circle" material="stone" x="-2.9068" y="-3.1" rotation="0" />
    <Block type="CircleSmall" material="ice" x="-9.0542" y="-3.275" rotation="0" />
    <Block type="SquareHole" material="ice" x="-4.4518" y="-3.08" rotation="0" />
  </GameObjects>
</Level>
