<?xml version="1.0" encoding="utf-16"?>
<Level width="2">
  <Camera x="0" y="-1" minWidth="25" maxWidth="35" />
  <Score highScore="0" />
  <Birds>
    <Bird type="BirdWhite"/>
  </Birds>
  <Slingshot x="-12.0" y="-2.5" />
  <GameObjects>
    <Pig type="BasicSmall" material="" x="0.22" y="0.81" rotation="1.1086" />
    <Pig type="BasicSmall" material="" x="-0.2795" y="-2.8292" rotation="1.1377" />
    <Platform type="Platform" material="" x="0.17" y="-1.523" rotation="0.0" scaleX="0.637" scaleY="6.0845" />
    <Platform type="Platform" material="" x="-0.271" y="-3.27" rotation="90.0" scaleX="0.637" scaleY="2.0084" />
    <Platform type="Platform" material="" x="-0.76" y="-2.556" rotation="0.0" scaleX="0.637" scaleY="2.8558" />
    <Platform type="Platform" material="" x="1.472" y="0.832" rotation="291.9195" scaleX="0.6351" scaleY="4.7631" />
    <Platform type="Platform" material="" x="0.188" y="0.299" rotation="90.0" scaleX="0.8892" scaleY="0.6774" />
    <Platform type="Platform" material="" x="2.76" y="1.92" rotation="0.0" scaleX="0.637" scaleY="2.0999" />
    <Platform type="Platform" material="" x="0.924" y="2.79" rotation="90.0" scaleX="0.637" scaleY="6.4155" />
    <Block type="TriangleHole" material="wood" x="7.013" y="-3.09" rotation="0" />
    <Block type="Triangle" material="ice" x="-5.4042" y="-3.09" rotation="0" />
    <Block type="Circle" material="wood" x="1.6716" y="-3.1" rotation="0" />
  </GameObjects>
</Level>
