<?xml version="1.0" encoding="utf-16"?>
<Level width="2">
  <Camera x="0" y="-1" minWidth="25" maxWidth="35" />
  <Score highScore="0" />
  <Birds>
    <Bird type="BirdBlue"/>
  </Birds>
  <Slingshot x="-12.0" y="-2.5" />
  <GameObjects>
    <Pig type="BasicSmall" material="" x="0.16" y="-2.5902" rotation="1.0789" />
    <Pig type="BasicSmall" material="" x="1.68" y="-2.5903" rotation="1.1009" />
    <Platform type="Platform" material="" x="0.94" y="-3.0817" rotation="0.0" scaleX="4.0238" scaleY="0.798" />
    <Platform type="Platform" material="" x="0.958" y="-0.874" rotation="0.0" scaleX="0.553" scaleY="7.0577" />
    <Platform type="Platform" material="" x="3.13" y="-1.32" rotation="330.7773" scaleX="0.5427" scaleY="6.749" />
    <Platform type="Platform" material="" x="-1.25" y="-1.35" rotation="29.223" scaleX="0.5427" scaleY="6.749" />
    <Platform type="Platform" material="" x="-4.0928" y="-3.18" rotation="0" scaleX="1.0" scaleY="1.0" />
    <Block type="Circle" material="wood" x="6.6654" y="-3.1" rotation="0" />
    <Block type="RectSmall" material="stone" x="8.909" y="-3.39" rotation="0" />
  </GameObjects>
</Level>
