<?xml version="1.0" encoding="utf-16"?>
<Level width="2">
  <Camera x="0" y="-1" minWidth="25" maxWidth="35" />
  <Score highScore="0" />
  <Birds>
    <Bird type="BirdBlue"/>
  </Birds>
  <Slingshot x="-12.0" y="-2.5" />
  <GameObjects>
    <Pig type="BasicSmall" material="" x="1.91" y="-0.0585" rotation="1.1525" />
    <Pig type="BasicSmall" material="" x="0.6" y="-2.8457" rotation="0.9603" />
    <Platform type="Platform" material="" x="2.535" y="-0.581" rotation="330.9636" scaleX="0.758" scaleY="10.8137" />
    <Platform type="Platform" material="" x="0.088" y="-3.34" rotation="0.0" scaleX="2.4116" scaleY="0.798" />
    <Platform type="Platform" material="" x="1.519" y="-0.55" rotation="0.0" scaleX="3.258" scaleY="0.798" />
    <Block type="RectSmall" material="wood" x="-6.4885" y="-3.39" rotation="0" />
    <Block type="Triangle" material="wood" x="8.5244" y="-3.09" rotation="0" />
    <Block type="RectBig" material="wood" x="6.0517" y="-3.39" rotation="0" />
  </GameObjects>
</Level>
