<?xml version="1.0" encoding="utf-16"?>
<Level width="2">
  <Camera x="0" y="-1" minWidth="25" maxWidth="35" />
  <Score highScore="0" />
  <Birds>
    <Bird type="BirdBlack"/>
  </Birds>
  <Slingshot x="-12.0" y="-2.5" />
  <GameObjects>
    <Pig type="BasicSmall" material="" x="-2.51" y="-2.2384" rotation="1.1086" />
    <Pig type="BasicSmall" material="" x="1.1601" y="-2.2784" rotation="1.1086" />
    <Platform type="Platform" material="" x="-2.6" y="-2.717" rotation="0.0" scaleX="3.2197" scaleY="0.758" />
    <Platform type="Platform" material="" x="-2.57" y="-1.12" rotation="0.0" scaleX="3.2197" scaleY="0.758" />
    <Platform type="Platform" material="" x="-3.4" y="-1.9" rotation="90.0" scaleX="3.2197" scaleY="0.758" />
    <Platform type="Platform" material="" x="-1.72" y="-1.921" rotation="90.0" scaleX="3.2326" scaleY="0.758" />
    <Platform type="Platform" material="" x="1.28" y="-2.757" rotation="0.0" scaleX="3.2197" scaleY="0.758" />
    <Platform type="Platform" material="" x="1.31" y="-1.16" rotation="0.0" scaleX="3.2197" scaleY="0.758" />
    <Platform type="Platform" material="" x="0.08" y="-1.953" rotation="90.0" scaleX="3.2838" scaleY="0.758" />
    <Platform type="Platform" material="" x="2.16" y="-1.97" rotation="90.0" scaleX="3.2197" scaleY="0.758" />
    <Block type="SquareTiny" material="stone" x="5.9981" y="-3.39" rotation="0" />
    <Block type="RectFat" material="ice" x="-7.2136" y="-3.285" rotation="0" />
    <Block type="TriangleHole" material="ice" x="4.5853" y="-3.09" rotation="0" />
  </GameObjects>
</Level>
