<?xml version="1.0" encoding="utf-16"?>
<Level width="2">
  <Camera x="0" y="-1" minWidth="25" maxWidth="35" />
  <Score highScore="0" />
  <Birds>
    <Bird type="BirdYellow"/>
  </Birds>
  <Slingshot x="-12.0" y="-2.5" />
  <GameObjects>
    <Pig type="BasicSmall" material="" x="9.62" y="-3.2619" rotation="1.0816" />
    <Block type="RectBig" material="wood" x="0.99" y="-2.542" rotation="90.0149" />
    <Platform type="Platform" material="" x="1.477" y="-0.345" rotation="0.0" scaleX="26.4273" scaleY="0.516" />
    <Platform type="Platform" material="" x="1.662" y="-3.67" rotation="0.0" scaleX="26.9299" scaleY="0.516" />
    <Block type="RectSmall" material="stone" x="-8.66" y="-3.39" rotation="0" />
  </GameObjects>
</Level>
