<?xml version="1.0" encoding="utf-16"?>
<Level width="2">
  <Camera x="0" y="-1" minWidth="25" maxWidth="35" />
  <Score highScore="0" />
  <Birds>
    <Bird type="BirdWhite"/>
  </Birds>
  <Slingshot x="-12.0" y="-2.5" />
  <GameObjects>
    <Pig type="BasicSmall" material="" x="-0.3064" y="-2.8292" rotation="1.4987" />
    <Platform type="Platform" material="" x="0.17" y="-2.556" rotation="0.0" scaleX="0.637" scaleY="2.8558" />
    <Platform type="Platform" material="" x="-0.271" y="-3.27" rotation="90.0" scaleX="0.637" scaleY="2.0084" />
    <Platform type="Platform" material="" x="-0.76" y="-2.556" rotation="0.0" scaleX="0.637" scaleY="2.8558" />
    <Platform type="Platform" material="" x="-8.2277" y="-3.18" rotation="0" scaleX="1.0" scaleY="1.0" />
    <Block type="RectMedium" material="ice" x="6.7921" y="-3.39" rotation="0" />
    <Block type="RectTiny" material="wood" x="-4.772" y="-3.39" rotation="0" />
  </GameObjects>
</Level>
