<?xml version="1.0" encoding="utf-16"?>
<Level width="2">
  <Camera x="0" y="-1" minWidth="25" maxWidth="35" />
  <Score highScore="0" />
  <Birds>
    <Bird type="BirdBlack"/>
  </Birds>
  <Slingshot x="-12.0" y="-2.5" />
  <GameObjects>
    <Pig type="BasicSmall" material="" x="3.35" y="0.1286" rotation="1.1085" />
    <Block type="RectBig" material="stone" x="1.59" y="3.1696" rotation="0.0" />
    <Block type="RectFat" material="wood" x="5.52" y="3.2662" rotation="0.0" />
    <Block type="SquareTiny" material="stone" x="3.14" y="3.1712" rotation="0.0" />
    <Platform type="Platform" material="" x="3.355" y="-0.35" rotation="0.0" scaleX="12.1375" scaleY="0.758" />
    <Platform type="Platform" material="" x="3.339" y="2.82" rotation="0.0" scaleX="12.1113" scaleY="0.758" />
    <Platform type="Platform" material="" x="-0.33" y="1.22" rotation="90.0" scaleX="5.6303" scaleY="0.758" />
    <Platform type="Platform" material="" x="7.0" y="1.21" rotation="90.0" scaleX="5.6303" scaleY="0.758" />
    <Block type="Circle" material="stone" x="-2.612" y="-3.1" rotation="0" />
    <Block type="RectBig" material="wood" x="5.7444" y="-3.39" rotation="0" />
    <Block type="Triangle" material="stone" x="3.0881" y="-3.09" rotation="0" />
  </GameObjects>
</Level>
