<?xml version="1.0" encoding="utf-16"?>
<Level width="2">
  <Camera x="0" y="-1" minWidth="25" maxWidth="35" />
  <Score highScore="0" />
  <Birds>
    <Bird type="BirdRed"/>
  </Birds>
  <Slingshot x="-12.0" y="-2.5" />
  <GameObjects>
    <Pig type="BasicSmall" material="" x="7.6798" y="-3.2668" rotation="1.2135" />
    <Platform type="Platform" material="" x="-6.1197" y="-3.18" rotation="0" scaleX="1.0" scaleY="1.0" />
    <Block type="RectMedium" material="ice" x="-2.0889" y="-3.39" rotation="0" />
    <Block type="RectFat" material="wood" x="1.2746" y="-3.285" rotation="0" />
  </GameObjects>
</Level>
