<?xml version="1.0" encoding="utf-16"?>
<Level width="2">
  <Camera x="0" y="-1" minWidth="25" maxWidth="35" />
  <Score highScore="0" />
  <Birds>
    <Bird type="BirdRed"/>
  </Birds>
  <Slingshot x="-12.0" y="-2.5" />
  <GameObjects>
    <Pig type="BasicSmall" material="" x="-3.9606" y="-3.2668" rotation="1.2135" />
    <Block type="RectSmall" material="wood" x="-5.9176" y="-3.39" rotation="0" />
    <Block type="SquareTiny" material="stone" x="2.9378" y="-3.39" rotation="0" />
    <Platform type="Platform" material="" x="5.2959" y="-3.18" rotation="0" scaleX="1.0" scaleY="1.0" />
  </GameObjects>
</Level>
