<?xml version="1.0" encoding="utf-16"?>
<Level width="2">
  <Camera x="0" y="-1" minWidth="25" maxWidth="35" />
  <Score highScore="0" />
  <Birds>
    <Bird type="BirdRed"/>
  </Birds>
  <Slingshot x="-12.0" y="-2.5" />
  <GameObjects>
    <Pig type="BasicSmall" material="" x="-3.085" y="-3.2668" rotation="1.2135" />
    <Block type="TriangleHole" material="ice" x="6.4627" y="-3.09" rotation="0" />
    <Block type="RectTiny" material="wood" x="-8.2486" y="-3.39" rotation="0" />
    <Block type="RectSmall" material="ice" x="-6.532" y="-3.39" rotation="0" />
  </GameObjects>
</Level>
