<?xml version="1.0" encoding="utf-16"?>
<Level width="2">
  <Camera x="0" y="-1" minWidth="25" maxWidth="35" />
  <Score highScore="0" />
  <Birds>
    <Bird type="BirdRed"/>
  </Birds>
  <Slingshot x="-12.0" y="-2.5" />
  <GameObjects>
    <Pig type="BasicSmall" material="" x="6.7252" y="-3.2668" rotation="1.2135" />
    <Block type="SquareSmall" material="ice" x="-3.7772" y="-3.285" rotation="0" />
    <Block type="RectTiny" material="stone" x="-8.0019" y="-3.39" rotation="0" />
    <Block type="SquareHole" material="ice" x="2.6581" y="-3.08" rotation="0" />
  </GameObjects>
</Level>
