<?xml version="1.0" encoding="utf-16"?>
<Level width="2">
  <Camera x="0" y="-1" minWidth="25" maxWidth="35" />
  <Score highScore="0" />
  <Birds>
    <Bird type="BirdRed"/>
  </Birds>
  <Slingshot x="-12.0" y="-2.5" />
  <GameObjects>
    <Pig type="BasicSmall" material="" x="2.3484" y="-3.2668" rotation="1.2135" />
    <Block type="RectSmall" material="ice" x="-4.4694" y="-3.39" rotation="0" />
    <Block type="RectBig" material="wood" x="5.047" y="-3.39" rotation="0" />
    <Block type="RectFat" material="ice" x="0.6111" y="-3.285" rotation="0" />
  </GameObjects>
</Level>
