<?xml version="1.0" encoding="utf-16"?>
<Level width="2">
  <Camera x="0" y="-1" minWidth="25" maxWidth="35" />
  <Score highScore="0" />
  <Birds>
    <Bird type="BirdRed"/>
  </Birds>
  <Slingshot x="-12.0" y="-2.5" />
  <GameObjects>
    <Pig type="BasicSmall" material="" x="3.8662" y="-3.2668" rotation="1.2135" />
    <Block type="Triangle" material="wood" x="-0.8883" y="-3.09" rotation="0" />
    <Block type="RectMedium" material="stone" x="-5.7163" y="-3.39" rotation="0" />
    <Block type="RectFat" material="ice" x="-8.7259" y="-3.285" rotation="0" />
  </GameObjects>
</Level>
