<?xml version="1.0" encoding="utf-16"?>
<Level width="2">
  <Camera x="0" y="-1" minWidth="25" maxWidth="35" />
  <Score highScore="0" />
  <Birds>
    <Bird type="BirdRed"/>
  </Birds>
  <Slingshot x="-12.0" y="-2.5" />
  <GameObjects>
    <Pig type="BasicSmall" material="" x="7.9847" y="-3.2668" rotation="1.2135" />
    <Block type="RectTiny" material="wood" x="-8.2002" y="-3.39" rotation="0" />
    <Block type="SquareTiny" material="wood" x="3.0861" y="-3.39" rotation="0" />
    <Block type="SquareHole" material="wood" x="5.6232" y="-3.08" rotation="0" />
  </GameObjects>
</Level>
