<?xml version="1.0" encoding="utf-16"?>
<Level width="2">
  <Camera x="0" y="-1" minWidth="25" maxWidth="35" />
  <Score highScore="0" />
  <Birds>
    <Bird type="BirdRed"/>
  </Birds>
  <Slingshot x="-12.0" y="-2.5" />
  <GameObjects>
    <Pig type="BasicSmall" material="" x="-5.0087" y="-3.2668" rotation="1.2135" />
    <Block type="Circle" material="ice" x="8.9559" y="-3.1" rotation="0" />
    <Block type="RectMedium" material="wood" x="-6.5013" y="-3.39" rotation="0" />
    <Block type="TriangleHole" material="ice" x="-9.6731" y="-3.09" rotation="0" />
  </GameObjects>
</Level>
