<?xml version="1.0" encoding="utf-16"?>
<Level width="2">
  <Camera x="0" y="-1" minWidth="25" maxWidth="35" />
  <Score highScore="0" />
  <Birds>
    <Bird type="BirdRed"/>
  </Birds>
  <Slingshot x="-12.0" y="-2.5" />
  <GameObjects>
    <Pig type="BasicSmall" material="" x="1.693" y="-3.2668" rotation="1.2135" />
    <Block type="RectMedium" material="stone" x="6.9811" y="-3.39" rotation="0" />
    <Block type="RectTiny" material="wood" x="-6.9512" y="-3.39" rotation="0" />
    <Block type="Triangle" material="wood" x="-2.2609" y="-3.09" rotation="0" />
  </GameObjects>
</Level>
