<?xml version="1.0" encoding="utf-16"?>
<Level width="2">
  <Camera x="0" y="-1" minWidth="25" maxWidth="35" />
  <Score highScore="0" />
  <Birds>
    <Bird type="BirdRed"/>
  </Birds>
  <Slingshot x="-12.0" y="-2.5" />
  <GameObjects>
    <Pig type="BasicSmall" material="" x="-3.0224" y="-3.2668" rotation="1.2135" />
    <Block type="SquareTiny" material="ice" x="8.3988" y="-3.39" rotation="0" />
    <Block type="SquareTiny" material="wood" x="6.5187" y="-3.39" rotation="0" />
    <Block type="RectSmall" material="wood" x="-9.2357" y="-3.39" rotation="0" />
  </GameObjects>
</Level>
