<?xml version="1.0" encoding="utf-16"?>
<Level width="2">
  <Camera x="0" y="-1" minWidth="25" maxWidth="35" />
  <Score highScore="0" />
  <Birds>
    <Bird type="BirdRed"/>
  </Birds>
  <Slingshot x="-12.0" y="-2.5" />
  <GameObjects>
    <Pig type="BasicSmall" material="" x="-0.1892" y="-3.2668" rotation="1.2135" />
    <Block type="SquareHole" material="stone" x="-9.6094" y="-3.08" rotation="0" />
    <Block type="RectBig" material="stone" x="-6.7714" y="-3.39" rotation="0" />
    <Block type="RectFat" material="stone" x="1.62" y="-3.285" rotation="0" />
  </GameObjects>
</Level>
