<?xml version="1.0" encoding="utf-16"?>
<Level width="2">
  <Camera x="0" y="-1" minWidth="25" maxWidth="35" />
  <Score highScore="0" />
  <Birds>
    <Bird type="BirdRed"/>
  </Birds>
  <Slingshot x="-12.0" y="-2.5" />
  <GameObjects>
    <Pig type="BasicSmall" material="" x="3.871" y="-3.2668" rotation="1.2135" />
    <Block type="CircleSmall" material="stone" x="-4.8114" y="-3.275" rotation="0" />
    <Block type="Triangle" material="ice" x="0.5527" y="-3.09" rotation="0" />
    <Block type="RectTiny" material="stone" x="7.4188" y="-3.39" rotation="0" />
  </GameObjects>
</Level>
