<?xml version="1.0" encoding="utf-16"?>
<Level width="2">
  <Camera x="0" y="-1" minWidth="25" maxWidth="35" />
  <Score highScore="0" />
  <Birds>
    <Bird type="BirdRed"/>
  </Birds>
  <Slingshot x="-12.0" y="-2.5" />
  <GameObjects>
    <Pig type="BasicSmall" material="" x="6.5089" y="-3.2668" rotation="1.2135" />
    <Block type="RectBig" material="stone" x="-1.4185" y="-3.39" rotation="0" />
    <Block type="RectFat" material="ice" x="3.5034" y="-3.285" rotation="0" />
    <Block type="Circle" material="stone" x="-7.7564" y="-3.1" rotation="0" />
  </GameObjects>
</Level>
