<?xml version="1.0" encoding="utf-16"?>
<Level width="2">
  <Camera x="0" y="-1" minWidth="25" maxWidth="35" />
  <Score highScore="0" />
  <Birds>
    <Bird type="BirdRed"/>
  </Birds>
  <Slingshot x="-12.0" y="-2.5" />
  <GameObjects>
    <Pig type="BasicSmall" material="" x="2.7849" y="-3.2668" rotation="1.2135" />
    <Block type="RectBig" material="ice" x="8.8136" y="-3.39" rotation="0" />
    <Block type="RectSmall" material="wood" x="-9.0446" y="-3.39" rotation="0" />
    <Block type="RectFat" material="stone" x="0.7894" y="-3.285" rotation="0" />
  </GameObjects>
</Level>
