<?xml version="1.0" encoding="utf-16"?>
<Level width="2">
  <Camera x="0" y="-1" minWidth="25" maxWidth="35" />
  <Score highScore="0" />
  <Birds>
    <Bird type="BirdRed"/>
  </Birds>
  <Slingshot x="-12.0" y="-2.5" />
  <GameObjects>
    <Pig type="BasicSmall" material="" x="-2.1729" y="-3.2668" rotation="1.2135" />
    <Block type="RectTiny" material="wood" x="-8.7354" y="-3.39" rotation="0" />
    <Block type="Triangle" material="stone" x="1.1806" y="-3.09" rotation="0" />
    <Block type="RectFat" material="ice" x="7.9048" y="-3.285" rotation="0" />
  </GameObjects>
</Level>
