<?xml version="1.0" encoding="utf-16"?>
<Level width="2">
  <Camera x="0" y="-1" minWidth="25" maxWidth="35" />
  <Score highScore="0" />
  <Birds>
    <Bird type="BirdRed"/>
  </Birds>
  <Slingshot x="-12.0" y="-2.5" />
  <GameObjects>
    <Pig type="BasicSmall" material="" x="3.1498" y="-3.2668" rotation="1.2135" />
    <Block type="CircleSmall" material="stone" x="6.972" y="-3.275" rotation="0" />
    <Block type="CircleSmall" material="stone" x="-6.757" y="-3.275" rotation="0" />
    <Block type="Triangle" material="wood" x="-1.5485" y="-3.09" rotation="0" />
  </GameObjects>
</Level>
