<?xml version="1.0" encoding="utf-16"?>
<Level width="2">
  <Camera x="0" y="-1" minWidth="25" maxWidth="35" />
  <Score highScore="0" />
  <Birds>
    <Bird type="BirdRed"/>
  </Birds>
  <Slingshot x="-12.0" y="-2.5" />
  <GameObjects>
    <Pig type="BasicSmall" material="" x="2.1083" y="-3.2668" rotation="1.2135" />
    <Block type="TriangleHole" material="stone" x="-1.4774" y="-3.09" rotation="0" />
    <Block type="CircleSmall" material="ice" x="-8.1158" y="-3.275" rotation="0" />
    <Block type="TriangleHole" material="stone" x="0.4586" y="-3.09" rotation="0" />
  </GameObjects>
</Level>
