<?xml version="1.0" encoding="utf-16"?>
<Level width="2">
  <Camera x="0" y="-1" minWidth="25" maxWidth="35" />
  <Score highScore="0" />
  <Birds>
    <Bird type="BirdRed"/>
  </Birds>
  <Slingshot x="-12.0" y="-2.5" />
  <GameObjects>
    <Pig type="BasicSmall" material="" x="-3.9659" y="-3.2668" rotation="1.2135" />
    <Block type="SquareTiny" material="wood" x="0.7406" y="-3.39" rotation="0" />
    <Block type="Triangle" material="stone" x="3.7569" y="-3.09" rotation="0" />
    <Block type="CircleSmall" material="wood" x="7.2618" y="-3.275" rotation="0" />
  </GameObjects>
</Level>
