<?xml version="1.0" encoding="utf-16"?>
<Level width="2">
  <Camera x="0" y="-1" minWidth="25" maxWidth="35" />
  <Score highScore="0" />
  <Birds>
    <Bird type="BirdRed"/>
  </Birds>
  <Slingshot x="-12.0" y="-2.5" />
  <GameObjects>
    <Pig type="BasicSmall" material="" x="5.9818" y="-3.2668" rotation="1.2135" />
    <Block type="SquareTiny" material="stone" x="4.6861" y="-3.39" rotation="0" />
    <Block type="RectSmall" material="ice" x="8.9094" y="-3.39" rotation="0" />
    <Block type="TriangleHole" material="stone" x="-2.6735" y="-3.09" rotation="0" />
  </GameObjects>
</Level>
