<?xml version="1.0" encoding="utf-16"?>
<Level width="2">
  <Camera x="0" y="-1" minWidth="25" maxWidth="35" />
  <Score highScore="0" />
  <Birds>
    <Bird type="BirdRed"/>
  </Birds>
  <Slingshot x="-12.0" y="-2.5" />
  <GameObjects>
    <Pig type="BasicSmall" material="" x="2.5439" y="-3.2668" rotation="1.2135" />
    <Block type="SquareHole" material="stone" x="-2.2491" y="-3.08" rotation="0" />
    <Platform type="Platform" material="" x="5.2676" y="-3.18" rotation="0" scaleX="1.0" scaleY="1.0" />
    <Block type="RectMedium" material="ice" x="-4.4493" y="-3.39" rotation="0" />
  </GameObjects>
</Level>
