<?xml version="1.0" encoding="utf-16"?>
<Level width="2">
  <Camera x="0" y="-1" minWidth="25" maxWidth="35" />
  <Score highScore="0" />
  <Birds>
    <Bird type="BirdRed"/>
  </Birds>
  <Slingshot x="-12.0" y="-2.5" />
  <GameObjects>
    <Pig type="BasicSmall" material="" x="-2.0036" y="-3.2668" rotation="1.2135" />
    <Block type="RectBig" material="wood" x="-6.9497" y="-3.39" rotation="0" />
    <Block type="CircleSmall" material="ice" x="3.485" y="-3.275" rotation="0" />
    <Block type="RectBig" material="stone" x="-4.3883" y="-3.39" rotation="0" />
  </GameObjects>
</Level>
