<?xml version="1.0" encoding="utf-16"?>
<Level width="2">
  <Camera x="0" y="-1" minWidth="25" maxWidth="35" />
  <Score highScore="0" />
  <Birds>
    <Bird type="BirdRed"/>
  </Birds>
  <Slingshot x="-12.0" y="-2.5" />
  <GameObjects>
    <Pig type="BasicSmall" material="" x="1.1951" y="-2.0834" rotation="1.0769" />
    <Platform type="Platform" material="" x="1.1873" y="-2.5646" rotation="0.0" scaleX="2.089" scaleY="0.763" />
    <Platform type="Platform" material="" x="0.2793" y="-2.0946" rotation="90.0" scaleX="2.2311" scaleY="0.763" />
    <Block type="SquareHole" material="wood" x="-6.5965" y="-3.08" rotation="0" />
    <Block type="RectFat" material="wood" x="-2.7956" y="-3.285" rotation="0" />
    <Block type="RectBig" material="stone" x="-1.2179" y="-3.39" rotation="0" />
  </GameObjects>
</Level>
