<?xml version="1.0" encoding="utf-16"?>
<Level width="2">
  <Camera x="0" y="-1" minWidth="25" maxWidth="35" />
  <Score highScore="0" />
  <Birds>
    <Bird type="BirdRed"/>
  </Birds>
  <Slingshot x="-12.0" y="-2.5" />
  <GameObjects>
    <Pig type="BasicSmall" material="" x="-2.1662" y="3.5233" rotation="1.0769" />
    <Platform type="Platform" material="" x="-2.174" y="3.042" rotation="0.0" scaleX="2.089" scaleY="0.763" />
    <Platform type="Platform" material="" x="-3.082" y="3.512" rotation="90.0" scaleX="2.2311" scaleY="0.763" />
    <Block type="CircleSmall" material="ice" x="-4.9812" y="-3.275" rotation="0" />
    <Platform type="Platform" material="" x="3.0112" y="-3.18" rotation="0" scaleX="1.0" scaleY="1.0" />
    <Block type="RectSmall" material="ice" x="-7.525" y="-3.39" rotation="0" />
  </GameObjects>
</Level>
