<?xml version="1.0" encoding="utf-16"?>
<Level width="2">
  <Camera x="0" y="-1" minWidth="25" maxWidth="35" />
  <Score highScore="0" />
  <Birds>
    <Bird type="BirdRed"/>
  </Birds>
  <Slingshot x="-12.0" y="-2.5" />
  <GameObjects>
    <Pig type="BasicSmall" material="" x="-6.0289" y="-1.6934" rotation="1.0769" />
    <Platform type="Platform" material="" x="-6.0366" y="-2.1746" rotation="0.0" scaleX="2.089" scaleY="0.763" />
    <Platform type="Platform" material="" x="-6.9446" y="-1.7046" rotation="90.0" scaleX="2.2311" scaleY="0.763" />
    <Block type="RectBig" material="wood" x="7.1443" y="-3.39" rotation="0" />
    <Block type="SquareTiny" material="ice" x="-6.1324" y="-3.39" rotation="0" />
    <Block type="RectMedium" material="stone" x="-8.4243" y="-3.39" rotation="0" />
  </GameObjects>
</Level>
