<?xml version="1.0" encoding="utf-16"?>
<Level width="2">
  <Camera x="0" y="-1" minWidth="25" maxWidth="35" />
  <Score highScore="0" />
  <Birds>
    <Bird type="BirdRed"/>
  </Birds>
  <Slingshot x="-12.0" y="-2.5" />
  <GameObjects>
    <Pig type="BasicSmall" material="" x="-5.2344" y="0.6478" rotation="1.0769" />
    <Platform type="Platform" material="" x="-5.2422" y="0.1666" rotation="0.0" scaleX="2.089" scaleY="0.763" />
    <Platform type="Platform" material="" x="-6.1502" y="0.6366" rotation="90.0" scaleX="2.2311" scaleY="0.763" />
    <Block type="CircleSmall" material="ice" x="-3.8668" y="-3.275" rotation="0" />
    <Platform type="Platform" material="" x="6.959" y="-3.18" rotation="0" scaleX="1.0" scaleY="1.0" />
    <Block type="SquareTiny" material="ice" x="-8.6046" y="-3.39" rotation="0" />
  </GameObjects>
</Level>
