<?xml version="1.0" encoding="utf-16"?>
<Level width="2">
  <Camera x="0" y="-1" minWidth="25" maxWidth="35" />
  <Score highScore="0" />
  <Birds>
    <Bird type="BirdRed"/>
  </Birds>
  <Slingshot x="-12.0" y="-2.5" />
  <GameObjects>
    <Pig type="BasicSmall" material="" x="-0.1711" y="-0.9295" rotation="1.0769" />
    <Platform type="Platform" material="" x="-0.1789" y="-1.4108" rotation="0.0" scaleX="2.089" scaleY="0.763" />
    <Platform type="Platform" material="" x="-1.0869" y="-0.9408" rotation="90.0" scaleX="2.2311" scaleY="0.763" />
    <Block type="RectTiny" material="wood" x="7.0773" y="-3.39" rotation="0" />
    <Block type="RectTiny" material="ice" x="-6.8869" y="-3.39" rotation="0" />
    <Block type="RectTiny" material="stone" x="3.5662" y="-3.39" rotation="0" />
  </GameObjects>
</Level>
