<?xml version="1.0" encoding="utf-16"?>
<Level width="2">
  <Camera x="0" y="-1" minWidth="25" maxWidth="35" />
  <Score highScore="0" />
  <Birds>
    <Bird type="BirdRed"/>
  </Birds>
  <Slingshot x="-12.0" y="-2.5" />
  <GameObjects>
    <Pig type="BasicSmall" material="" x="-0.7612" y="-0.4324" rotation="1.0769" />
    <Platform type="Platform" material="" x="-0.7689" y="-0.9137" rotation="0.0" scaleX="2.089" scaleY="0.763" />
    <Platform type="Platform" material="" x="-1.6769" y="-0.4437" rotation="90.0" scaleX="2.2311" scaleY="0.763" />
    <Block type="TriangleHole" material="wood" x="7.1943" y="-3.09" rotation="0" />
    <Block type="RectBig" material="stone" x="-1.7406" y="-3.39" rotation="0" />
    <Block type="SquareTiny" material="wood" x="-6.3055" y="-3.39" rotation="0" />
  </GameObjects>
</Level>
