<?xml version="1.0" encoding="utf-16"?>
<Level width="2">
  <Camera x="0" y="-1" minWidth="25" maxWidth="35" />
  <Score highScore="0" />
  <Birds>
    <Bird type="BirdRed"/>
  </Birds>
  <Slingshot x="-12.0" y="-2.5" />
  <GameObjects>
    <Pig type="BasicSmall" material="" x="-2.2798" y="-0.2873" rotation="1.0769" />
    <Platform type="Platform" material="" x="-2.2876" y="-0.7686" rotation="0.0" scaleX="2.089" scaleY="0.763" />
    <Platform type="Platform" material="" x="-3.1956" y="-0.2986" rotation="90.0" scaleX="2.2311" scaleY="0.763" />
    <Block type="Triangle" material="wood" x="-0.465" y="-3.09" rotation="0" />
    <Block type="RectMedium" material="wood" x="-4.9714" y="-3.39" rotation="0" />
    <Block type="RectSmall" material="stone" x="4.9368" y="-3.39" rotation="0" />
  </GameObjects>
</Level>
