<?xml version="1.0" encoding="utf-16"?>
<Level width="2">
  <Camera x="0" y="-1" minWidth="25" maxWidth="35" />
  <Score highScore="0" />
  <Birds>
    <Bird type="BirdRed"/>
  </Birds>
  <Slingshot x="-12.0" y="-2.5" />
  <GameObjects>
    <Pig type="BasicSmall" material="" x="-2.4593" y="-1.8224" rotation="1.0769" />
    <Platform type="Platform" material="" x="-2.467" y="-2.3037" rotation="0.0" scaleX="2.089" scaleY="0.763" />
    <Platform type="Platform" material="" x="-3.375" y="-1.8337" rotation="90.0" scaleX="2.2311" scaleY="0.763" />
    <Block type="RectTiny" material="stone" x="6.8186" y="-3.39" rotation="0" />
    <Block type="TriangleHole" material="ice" x="8.8891" y="-3.09" rotation="0" />
    <Block type="RectSmall" material="wood" x="-8.0457" y="-3.39" rotation="0" />
  </GameObjects>
</Level>
