<?xml version="1.0" encoding="utf-16"?>
<Level width="2">
  <Camera x="0" y="-1" minWidth="25" maxWidth="35" />
  <Score highScore="0" />
  <Birds>
    <Bird type="BirdRed"/>
  </Birds>
  <Slingshot x="-12.0" y="-2.5" />
  <GameObjects>
    <Pig type="BasicSmall" material="" x="-0.251" y="-1.3" rotation="1.0769" />
    <Platform type="Platform" material="" x="-0.2588" y="-1.7812" rotation="0.0" scaleX="2.089" scaleY="0.763" />
    <Platform type="Platform" material="" x="-1.1668" y="-1.3112" rotation="90.0" scaleX="2.2311" scaleY="0.763" />
    <Block type="SquareTiny" material="wood" x="4.6536" y="-3.39" rotation="0" />
    <Block type="RectFat" material="stone" x="-3.9863" y="-3.285" rotation="0" />
    <Block type="RectTiny" material="wood" x="2.8815" y="-3.39" rotation="0" />
  </GameObjects>
</Level>
