<?xml version="1.0" encoding="utf-16"?>
<Level width="2">
  <Camera x="0" y="-1" minWidth="25" maxWidth="35" />
  <Score highScore="0" />
  <Birds>
    <Bird type="BirdRed"/>
  </Birds>
  <Slingshot x="-12.0" y="-2.5" />
  <GameObjects>
    <Pig type="BasicSmall" material="" x="-0.7092" y="-1.4122" rotation="1.0769" />
    <Platform type="Platform" material="" x="-0.7169" y="-1.8934" rotation="0.0" scaleX="2.089" scaleY="0.763" />
    <Platform type="Platform" material="" x="-1.6249" y="-1.4234" rotation="90.0" scaleX="2.2311" scaleY="0.763" />
    <Block type="RectTiny" material="stone" x="5.5004" y="-3.39" rotation="0" />
    <Block type="SquareTiny" material="ice" x="-7.167" y="-3.39" rotation="0" />
    <Block type="RectTiny" material="ice" x="-5.2811" y="-3.39" rotation="0" />
  </GameObjects>
</Level>
