<?xml version="1.0" encoding="utf-16"?>
<Level width="2">
  <Camera x="0" y="-1" minWidth="25" maxWidth="35" />
  <Score highScore="0" />
  <Birds>
    <Bird type="BirdRed"/>
  </Birds>
  <Slingshot x="-12.0" y="-2.5" />
  <GameObjects>
    <Pig type="BasicSmall" material="" x="-2.0315" y="2.0543" rotation="1.0769" />
    <Platform type="Platform" material="" x="-2.0393" y="1.5731" rotation="0.0" scaleX="2.089" scaleY="0.763" />
    <Platform type="Platform" material="" x="-2.9472" y="2.0431" rotation="90.0" scaleX="2.2311" scaleY="0.763" />
    <Block type="SquareHole" material="stone" x="2.1045" y="-3.08" rotation="0" />
    <Block type="TriangleHole" material="ice" x="6.8075" y="-3.09" rotation="0" />
    <Block type="RectBig" material="ice" x="-2.473" y="-3.39" rotation="0" />
  </GameObjects>
</Level>
