<?xml version="1.0" encoding="utf-16"?>
<Level width="2">
  <Camera x="0" y="-1" minWidth="25" maxWidth="35" />
  <Score highScore="0" />
  <Birds>
    <Bird type="BirdRed"/>
  </Birds>
  <Slingshot x="-12.0" y="-2.5" />
  <GameObjects>
    <Pig type="BasicSmall" material="" x="-1.0451" y="0.1067" rotation="1.0769" />
    <Platform type="Platform" material="" x="-1.0529" y="-0.3745" rotation="0.0" scaleX="2.089" scaleY="0.763" />
    <Platform type="Platform" material="" x="-1.9609" y="0.0955" rotation="90.0" scaleX="2.2311" scaleY="0.763" />
    <Block type="CircleSmall" material="wood" x="6.9825" y="-3.275" rotation="0" />
    <Platform type="Platform" material="" x="-0.9938" y="-3.18" rotation="0" scaleX="1.0" scaleY="1.0" />
    <Block type="SquareSmall" material="wood" x="5.6297" y="-3.285" rotation="0" />
  </GameObjects>
</Level>
