<?xml version="1.0" encoding="utf-16"?>
<Level width="2">
  <Camera x="0" y="-1" minWidth="25" maxWidth="35" />
  <Score highScore="0" />
  <Birds>
    <Bird type="BirdRed"/>
  </Birds>
  <Slingshot x="-12.0" y="-2.5" />
  <GameObjects>
    <Pig type="BasicSmall" material="" x="-5.0656" y="0.4466" rotation="1.0769" />
    <Platform type="Platform" material="" x="-5.0734" y="-0.0346" rotation="0.0" scaleX="2.089" scaleY="0.763" />
    <Platform type="Platform" material="" x="-5.9814" y="0.4354" rotation="90.0" scaleX="2.2311" scaleY="0.763" />
    <Block type="RectMedium" material="stone" x="6.5129" y="-3.39" rotation="0" />
    <Block type="RectSmall" material="stone" x="-9.7206" y="-3.39" rotation="0" />
    <Block type="RectSmall" material="ice" x="-3.0329" y="-3.39" rotation="0" />
  </GameObjects>
</Level>
