<?xml version="1.0" encoding="utf-16"?>
<Level width="2">
  <Camera x="0" y="-1" minWidth="25" maxWidth="35" />
  <Score highScore="0" />
  <Birds>
    <Bird type="BirdRed"/>
  </Birds>
  <Slingshot x="-12.0" y="-2.5" />
  <GameObjects>
    <Pig type="BasicSmall" material="" x="-0.8003" y="0.8536" rotation="1.0769" />
    <Platform type="Platform" material="" x="-0.808" y="0.3724" rotation="0.0" scaleX="2.089" scaleY="0.763" />
    <Platform type="Platform" material="" x="-1.716" y="0.8424" rotation="90.0" scaleX="2.2311" scaleY="0.763" />
    <Block type="Triangle" material="stone" x="-3.3447" y="-3.09" rotation="0" />
    <Block type="RectSmall" material="stone" x="4.9983" y="-3.39" rotation="0" />
    <Block type="RectBig" material="stone" x="-9.2237" y="-3.39" rotation="0" />
  </GameObjects>
</Level>
