<?xml version="1.0" encoding="utf-16"?>
<Level width="2">
  <Camera x="0" y="-1" minWidth="25" maxWidth="35" />
  <Score highScore="0" />
  <Birds>
    <Bird type="BirdRed"/>
  </Birds>
  <Slingshot x="-12.0" y="-2.5" />
  <GameObjects>
    <Pig type="BasicSmall" material="" x="-2.4118" y="2.0458" rotation="1.0769" />
    <Platform type="Platform" material="" x="-2.4196" y="1.5645" rotation="0.0" scaleX="2.089" scaleY="0.763" />
    <Platform type="Platform" material="" x="-3.3276" y="2.0345" rotation="90.0" scaleX="2.2311" scaleY="0.763" />
    <Platform type="Platform" material="" x="-4.6494" y="-3.18" rotation="0" scaleX="1.0" scaleY="1.0" />
    <Block type="Circle" material="wood" x="4.6437" y="-3.1" rotation="0" />
    <Block type="RectSmall" material="stone" x="8.7809" y="-3.39" rotation="0" />
  </GameObjects>
</Level>
