<?xml version="1.0" encoding="utf-16"?>
<Level width="2">
  <Camera x="0" y="-1" minWidth="25" maxWidth="35" />
  <Score highScore="0" />
  <Birds>
    <Bird type="BirdRed"/>
  </Birds>
  <Slingshot x="-12.0" y="-2.5" />
  <GameObjects>
    <Pig type="BasicSmall" material="" x="-2.8505" y="-0.796" rotation="1.0769" />
    <Platform type="Platform" material="" x="-2.8583" y="-1.2773" rotation="0.0" scaleX="2.089" scaleY="0.763" />
    <Platform type="Platform" material="" x="-3.7663" y="-0.8073" rotation="90.0" scaleX="2.2311" scaleY="0.763" />
    <Block type="SquareSmall" material="stone" x="9.3264" y="-3.285" rotation="0" />
    <Block type="RectMedium" material="wood" x="6.9849" y="-3.39" rotation="0" />
    <Block type="Circle" material="stone" x="3.5255" y="-3.1" rotation="0" />
  </GameObjects>
</Level>
