<?xml version="1.0" encoding="utf-16"?>
<Level width="2">
  <Camera x="0" y="-1" minWidth="25" maxWidth="35" />
  <Score highScore="0" />
  <Birds>
    <Bird type="BirdRed"/>
  </Birds>
  <Slingshot x="-12.0" y="-2.5" />
  <GameObjects>
    <Pig type="BasicSmall" material="" x="-0.887" y="-1.6925" rotation="1.0769" />
    <Platform type="Platform" material="" x="-0.8947" y="-2.1738" rotation="0.0" scaleX="2.089" scaleY="0.763" />
    <Platform type="Platform" material="" x="-1.8027" y="-1.7038" rotation="90.0" scaleX="2.2311" scaleY="0.763" />
    <Block type="SquareHole" material="stone" x="-6.8939" y="-3.08" rotation="0" />
    <Block type="CircleSmall" material="ice" x="5.9009" y="-3.275" rotation="0" />
    <Block type="RectSmall" material="ice" x="7.7829" y="-3.39" rotation="0" />
  </GameObjects>
</Level>
