<?xml version="1.0" encoding="utf-16"?>
<Level width="2">
  <Camera x="0" y="-1" minWidth="25" maxWidth="35" />
  <Score highScore="0" />
  <Birds>
    <Bird type="BirdRed"/>
  </Birds>
  <Slingshot x="-12.0" y="-2.5" />
  <GameObjects>
    <Pig type="BasicSmall" material="" x="-2.4741" y="2.1881" rotation="1.0769" />
    <Platform type="Platform" material="" x="-2.4818" y="1.7068" rotation="0.0" scaleX="2.089" scaleY="0.763" />
    <Platform type="Platform" material="" x="-3.3898" y="2.1768" rotation="90.0" scaleX="2.2311" scaleY="0.763" />
    <Block type="CircleSmall" material="wood" x="8.9976" y="-3.275" rotation="0" />
    <Block type="RectTiny" material="stone" x="-8.338" y="-3.39" rotation="0" />
    <Block type="CircleSmall" material="ice" x="-2.763" y="-3.275" rotation="0" />
  </GameObjects>
</Level>
