<?xml version="1.0" encoding="utf-16"?>
<Level width="2">
  <Camera x="0" y="-1" minWidth="25" maxWidth="35" />
  <Score highScore="0" />
  <Birds>
    <Bird type="BirdRed"/>
  </Birds>
  <Slingshot x="-12.0" y="-2.5" />
  <GameObjects>
    <Pig type="BasicSmall" material="" x="-3.8647" y="3.8137" rotation="1.0769" />
    <Platform type="Platform" material="" x="-3.8725" y="3.3325" rotation="0.0" scaleX="2.089" scaleY="0.763" />
    <Platform type="Platform" material="" x="-4.7805" y="3.8025" rotation="90.0" scaleX="2.2311" scaleY="0.763" />
    <Block type="RectSmall" material="stone" x="-2.9019" y="-3.39" rotation="0" />
    <Block type="CircleSmall" material="wood" x="-5.4965" y="-3.275" rotation="0" />
    <Block type="TriangleHole" material="stone" x="2.0472" y="-3.09" rotation="0" />
  </GameObjects>
</Level>
