<?xml version="1.0" encoding="utf-16"?>
<Level width="2">
  <Camera x="0" y="-1" minWidth="25" maxWidth="35" />
  <Score highScore="0" />
  <Birds>
    <Bird type="BirdRed"/>
  </Birds>
  <Slingshot x="-12.0" y="-2.5" />
  <GameObjects>
    <Pig type="BasicSmall" material="" x="0.8409" y="-1.599" rotation="1.0769" />
    <Platform type="Platform" material="" x="0.8332" y="-2.0802" rotation="0.0" scaleX="2.089" scaleY="0.763" />
    <Platform type="Platform" material="" x="-0.0748" y="-1.6102" rotation="90.0" scaleX="2.2311" scaleY="0.763" />
    <Block type="RectSmall" material="ice" x="0.0503" y="-3.39" rotation="0" />
    <Block type="CircleSmall" material="wood" x="7.9334" y="-3.275" rotation="0" />
    <Block type="RectBig" material="stone" x="4.513" y="-3.39" rotation="0" />
  </GameObjects>
</Level>
