<?xml version="1.0" encoding="utf-16"?>
<Level width="2">
  <Camera x="0" y="-1" minWidth="25" maxWidth="35" />
  <Score highScore="0" />
  <Birds>
    <Bird type="BirdRed"/>
  </Birds>
  <Slingshot x="-12.0" y="-2.5" />
  <GameObjects>
    <Pig type="BasicSmall" material="" x="-4.6543" y="-1.6173" rotation="1.0769" />
    <Platform type="Platform" material="" x="-4.6621" y="-2.0985" rotation="0.0" scaleX="2.089" scaleY="0.763" />
    <Platform type="Platform" material="" x="-5.5701" y="-1.6285" rotation="90.0" scaleX="2.2311" scaleY="0.763" />
    <Platform type="Platform" material="" x="-7.0047" y="-3.18" rotation="0" scaleX="1.0" scaleY="1.0" />
    <Block type="CircleSmall" material="stone" x="0.168" y="-3.275" rotation="0" />
    <Block type="RectSmall" material="stone" x="3.5438" y="-3.39" rotation="0" />
  </GameObjects>
</Level>
