<?xml version="1.0" encoding="utf-16"?>
<Level width="2">
  <Camera x="0" y="-1" minWidth="25" maxWidth="35" />
  <Score highScore="0" />
  <Birds>
    <Bird type="BirdRed"/>
  </Birds>
  <Slingshot x="-12.0" y="-2.5" />
  <GameObjects>
    <Pig type="BasicSmall" material="" x="-5.4237" y="1.7986" rotation="1.0769" />
    <Platform type="Platform" material="" x="-5.4314" y="1.3174" rotation="0.0" scaleX="2.089" scaleY="0.763" />
    <Platform type="Platform" material="" x="-6.3394" y="1.7874" rotation="90.0" scaleX="2.2311" scaleY="0.763" />
    <Block type="RectTiny" material="stone" x="-7.2963" y="-3.39" rotation="0" />
    <Platform type="Platform" material="" x="3.4375" y="-3.18" rotation="0" scaleX="1.0" scaleY="1.0" />
    <Platform type="Platform" material="" x="-3.1658" y="-3.18" rotation="0" scaleX="1.0" scaleY="1.0" />
  </GameObjects>
</Level>
