<?xml version="1.0" encoding="utf-16"?>
<Level width="2">
  <Camera x="0" y="-1" minWidth="25" maxWidth="35" />
  <Score highScore="0" />
  <Birds>
    <Bird type="BirdRed"/>
  </Birds>
  <Slingshot x="-12.0" y="-2.5" />
  <GameObjects>
    <Pig type="BasicSmall" material="" x="1.4409" y="-2.0333" rotation="1.0769" />
    <Platform type="Platform" material="" x="1.4332" y="-2.5146" rotation="0.0" scaleX="2.089" scaleY="0.763" />
    <Platform type="Platform" material="" x="0.5252" y="-2.0446" rotation="90.0" scaleX="2.2311" scaleY="0.763" />
    <Block type="RectTiny" material="stone" x="3.1751" y="-3.39" rotation="0" />
    <Block type="RectBig" material="stone" x="-8.3407" y="-3.39" rotation="0" />
    <Block type="RectSmall" material="stone" x="7.1443" y="-3.39" rotation="0" />
  </GameObjects>
</Level>
