<?xml version="1.0" encoding="utf-16"?>
<Level width="2">
  <Camera x="0" y="-1" minWidth="25" maxWidth="35" />
  <Score highScore="0" />
  <Birds>
    <Bird type="BirdRed"/>
  </Birds>
  <Slingshot x="-12.0" y="-2.5" />
  <GameObjects>
    <Pig type="BasicSmall" material="" x="-1.9152" y="1.837" rotation="1.0769" />
    <Platform type="Platform" material="" x="-1.923" y="1.3557" rotation="0.0" scaleX="2.089" scaleY="0.763" />
    <Platform type="Platform" material="" x="-2.831" y="1.8257" rotation="90.0" scaleX="2.2311" scaleY="0.763" />
    <Block type="SquareTiny" material="stone" x="2.5043" y="-3.39" rotation="0" />
    <Block type="RectSmall" material="wood" x="4.6207" y="-3.39" rotation="0" />
    <Block type="Circle" material="wood" x="8.8604" y="-3.1" rotation="0" />
  </GameObjects>
</Level>
