<?xml version="1.0" encoding="utf-16"?>
<Level width="2">
  <Camera x="0" y="-1" minWidth="25" maxWidth="35" />
  <Score highScore="0" />
  <Birds>
    <Bird type="BirdRed"/>
  </Birds>
  <Slingshot x="-12.0" y="-2.5" />
  <GameObjects>
    <Pig type="BasicSmall" material="" x="-1.618" y="-2.4584" rotation="1.0769" />
    <Platform type="Platform" material="" x="-1.6258" y="-2.9397" rotation="0.0" scaleX="2.089" scaleY="0.763" />
    <Platform type="Platform" material="" x="-2.5338" y="-2.4697" rotation="90.0" scaleX="2.2311" scaleY="0.763" />
    <Block type="RectSmall" material="stone" x="9.0065" y="-3.39" rotation="0" />
    <Block type="SquareHole" material="stone" x="2.5652" y="-3.08" rotation="0" />
    <Block type="TriangleHole" material="ice" x="-9.8541" y="-3.09" rotation="0" />
  </GameObjects>
</Level>
