<?xml version="1.0" encoding="utf-16"?>
<Level width="2">
  <Camera x="0" y="-1" minWidth="25" maxWidth="35" />
  <Score highScore="0" />
  <Birds>
    <Bird type="BirdRed"/>
  </Birds>
  <Slingshot x="-12.0" y="-2.5" />
  <GameObjects>
    <Pig type="BasicSmall" material="" x="-3.6743" y="-2.2861" rotation="1.0769" />
    <Platform type="Platform" material="" x="-3.6821" y="-2.7674" rotation="0.0" scaleX="2.089" scaleY="0.763" />
    <Platform type="Platform" material="" x="-4.5901" y="-2.2974" rotation="90.0" scaleX="2.2311" scaleY="0.763" />
    <Block type="RectSmall" material="ice" x="-8.9907" y="-3.39" rotation="0" />
    <Block type="RectSmall" material="ice" x="1.864" y="-3.39" rotation="0" />
    <Block type="SquareSmall" material="stone" x="4.5295" y="-3.285" rotation="0" />
  </GameObjects>
</Level>
