<?xml version="1.0" encoding="utf-16"?>
<Level width="2">
  <Camera x="0" y="-1" minWidth="25" maxWidth="35" />
  <Score highScore="0" />
  <Birds>
    <Bird type="BirdRed"/>
  </Birds>
  <Slingshot x="-12.0" y="-2.5" />
  <GameObjects>
    <Pig type="BasicSmall" material="" x="-4.1771" y="1.6642" rotation="1.0769" />
    <Platform type="Platform" material="" x="-4.1848" y="1.1829" rotation="0.0" scaleX="2.089" scaleY="0.763" />
    <Platform type="Platform" material="" x="-5.0928" y="1.6529" rotation="90.0" scaleX="2.2311" scaleY="0.763" />
    <Block type="TriangleHole" material="ice" x="-7.3364" y="-3.09" rotation="0" />
    <Block type="RectFat" material="wood" x="-4.2884" y="-3.285" rotation="0" />
    <Block type="Triangle" material="wood" x="-2.4474" y="-3.09" rotation="0" />
  </GameObjects>
</Level>
