<?xml version="1.0" encoding="utf-16"?>
<Level width="2">
  <Camera x="0" y="-1" minWidth="25" maxWidth="35" />
  <Score highScore="0" />
  <Birds>
    <Bird type="BirdRed"/>
  </Birds>
  <Slingshot x="-12.0" y="-2.5" />
  <GameObjects>
    <Pig type="BasicSmall" material="" x="-5.078" y="2.1934" rotation="1.0769" />
    <Platform type="Platform" material="" x="-5.0857" y="1.7122" rotation="0.0" scaleX="2.089" scaleY="0.763" />
    <Platform type="Platform" material="" x="-5.9937" y="2.1822" rotation="90.0" scaleX="2.2311" scaleY="0.763" />
    <Block type="SquareSmall" material="ice" x="-6.9006" y="-3.285" rotation="0" />
    <Block type="RectMedium" material="ice" x="-1.6324" y="-3.39" rotation="0" />
    <Block type="SquareTiny" material="wood" x="-3.5905" y="-3.39" rotation="0" />
  </GameObjects>
</Level>
