<?xml version="1.0" encoding="utf-16"?>
<Level width="2">
  <Camera x="0" y="-1" minWidth="25" maxWidth="35" />
  <Score highScore="0" />
  <Birds>
    <Bird type="BirdRed"/>
  </Birds>
  <Slingshot x="-12.0" y="-2.5" />
  <GameObjects>
    <Pig type="BasicSmall" material="" x="-5.9023" y="-0.5565" rotation="1.0769" />
    <Platform type="Platform" material="" x="-5.9101" y="-1.0378" rotation="0.0" scaleX="2.089" scaleY="0.763" />
    <Platform type="Platform" material="" x="-6.8181" y="-0.5678" rotation="90.0" scaleX="2.2311" scaleY="0.763" />
    <Block type="SquareTiny" material="stone" x="4.2035" y="-3.39" rotation="0" />
    <Block type="RectSmall" material="stone" x="-9.5197" y="-3.39" rotation="0" />
    <Block type="SquareSmall" material="stone" x="-0.4788" y="-3.285" rotation="0" />
  </GameObjects>
</Level>
