<?xml version="1.0" encoding="utf-16"?>
<Level width="2">
  <Camera x="0" y="-1" minWidth="25" maxWidth="35" />
  <Score highScore="0" />
  <Birds>
    <Bird type="BirdRed"/>
  </Birds>
  <Slingshot x="-12.0" y="-2.5" />
  <GameObjects>
    <Pig type="BasicSmall" material="" x="0.0993" y="-2.577" rotation="1.0769" />
    <Platform type="Platform" material="" x="0.0916" y="-3.0583" rotation="0.0" scaleX="2.089" scaleY="0.763" />
    <Platform type="Platform" material="" x="-0.8164" y="-2.5883" rotation="90.0" scaleX="2.2311" scaleY="0.763" />
    <Block type="SquareTiny" material="ice" x="8.775" y="-3.39" rotation="0" />
    <Block type="RectTiny" material="ice" x="-7.0709" y="-3.39" rotation="0" />
    <Block type="RectSmall" material="ice" x="4.1533" y="-3.39" rotation="0" />
  </GameObjects>
</Level>
