<?xml version="1.0" encoding="utf-16"?>
<Level width="2">
  <Camera x="0" y="-1" minWidth="25" maxWidth="35" />
  <Score highScore="0" />
  <Birds>
    <Bird type="BirdRed"/>
  </Birds>
  <Slingshot x="-12.0" y="-2.5" />
  <GameObjects>
    <Pig type="BasicSmall" material="" x="-2.7833" y="2.5992" rotation="1.0769" />
    <Platform type="Platform" material="" x="-2.791" y="2.118" rotation="0.0" scaleX="2.089" scaleY="0.763" />
    <Platform type="Platform" material="" x="-3.699" y="2.588" rotation="90.0" scaleX="2.2311" scaleY="0.763" />
    <Block type="RectTiny" material="wood" x="-3.052" y="-3.39" rotation="0" />
    <Block type="SquareHole" material="ice" x="1.287" y="-3.08" rotation="0" />
    <Block type="Triangle" material="wood" x="-0.2728" y="-3.09" rotation="0" />
  </GameObjects>
</Level>
