<?xml version="1.0" encoding="utf-16"?>
<Level width="2">
  <Camera x="0" y="-1" minWidth="25" maxWidth="35" />
  <Score highScore="0" />
  <Birds>
    <Bird type="BirdRed"/>
  </Birds>
  <Slingshot x="-12.0" y="-2.5" />
  <GameObjects>
    <Pig type="BasicSmall" material="" x="-4.1868" y="0.1087" rotation="1.0769" />
    <Platform type="Platform" material="" x="-4.1946" y="-0.3726" rotation="0.0" scaleX="2.089" scaleY="0.763" />
    <Platform type="Platform" material="" x="-5.1026" y="0.0974" rotation="90.0" scaleX="2.2311" scaleY="0.763" />
    <Block type="TriangleHole" material="ice" x="4.7434" y="-3.09" rotation="0" />
    <Block type="TriangleHole" material="wood" x="-3.618" y="-3.09" rotation="0" />
    <Platform type="Platform" material="" x="6.5453" y="-3.18" rotation="0" scaleX="1.0" scaleY="1.0" />
  </GameObjects>
</Level>
