<?xml version="1.0" encoding="utf-16"?>
<Level width="2">
  <Camera x="0" y="-1" minWidth="25" maxWidth="35" />
  <Score highScore="0" />
  <Birds>
    <Bird type="BirdRed"/>
  </Birds>
  <Slingshot x="-12.0" y="-2.5" />
  <GameObjects>
    <Pig type="BasicSmall" material="" x="-0.1806" y="-2.2111" rotation="1.0769" />
    <Platform type="Platform" material="" x="-0.1884" y="-2.6924" rotation="0.0" scaleX="2.089" scaleY="0.763" />
    <Platform type="Platform" material="" x="-1.0964" y="-2.2224" rotation="90.0" scaleX="2.2311" scaleY="0.763" />
    <Block type="TriangleHole" material="ice" x="-4.0763" y="-3.09" rotation="0" />
    <Block type="RectFat" material="stone" x="4.4354" y="-3.285" rotation="0" />
    <Block type="RectSmall" material="ice" x="6.0895" y="-3.39" rotation="0" />
  </GameObjects>
</Level>
