<?xml version="1.0" encoding="utf-16"?>
<Level width="2">
  <Camera x="0" y="-1" minWidth="25" maxWidth="35" />
  <Score highScore="0" />
  <Birds>
    <Bird type="BirdRed"/>
  </Birds>
  <Slingshot x="-12.0" y="-2.5" />
  <GameObjects>
    <Pig type="BasicSmall" material="" x="-3.7273" y="3.55" rotation="1.0769" />
    <Platform type="Platform" material="" x="-3.7351" y="3.0688" rotation="0.0" scaleX="2.089" scaleY="0.763" />
    <Platform type="Platform" material="" x="-4.6431" y="3.5388" rotation="90.0" scaleX="2.2311" scaleY="0.763" />
    <Block type="Circle" material="wood" x="3.8947" y="-3.1" rotation="0" />
    <Block type="Circle" material="wood" x="-7.7474" y="-3.1" rotation="0" />
    <Block type="Circle" material="wood" x="9.1382" y="-3.1" rotation="0" />
  </GameObjects>
</Level>
