<?xml version="1.0" encoding="utf-16"?>
<Level width="2">
  <Camera x="0" y="-1" minWidth="25" maxWidth="35" />
  <Score highScore="0" />
  <Birds>
    <Bird type="BirdRed"/>
  </Birds>
  <Slingshot x="-12.0" y="-2.5" />
  <GameObjects>
    <Pig type="BasicSmall" material="" x="-0.0288" y="-2.244" rotation="1.0769" />
    <Platform type="Platform" material="" x="-0.0366" y="-2.7252" rotation="0.0" scaleX="2.089" scaleY="0.763" />
    <Platform type="Platform" material="" x="-0.9446" y="-2.2552" rotation="90.0" scaleX="2.2311" scaleY="0.763" />
    <Block type="RectSmall" material="ice" x="8.3842" y="-3.39" rotation="0" />
    <Block type="RectTiny" material="wood" x="5.8465" y="-3.39" rotation="0" />
    <Platform type="Platform" material="" x="-6.9473" y="-3.18" rotation="0" scaleX="1.0" scaleY="1.0" />
  </GameObjects>
</Level>
