<?xml version="1.0" encoding="utf-16"?>
<Level width="2">
  <Camera x="0" y="-1" minWidth="25" maxWidth="35" />
  <Score highScore="0" />
  <Birds>
    <Bird type="BirdRed"/>
  </Birds>
  <Slingshot x="-12.0" y="-2.5" />
  <GameObjects>
    <Pig type="BasicSmall" material="" x="-0.8844" y="0.5644" rotation="1.0769" />
    <Platform type="Platform" material="" x="-0.8922" y="0.0831" rotation="0.0" scaleX="2.089" scaleY="0.763" />
    <Platform type="Platform" material="" x="-1.8002" y="0.5532" rotation="90.0" scaleX="2.2311" scaleY="0.763" />
    <Block type="RectFat" material="ice" x="3.8932" y="-3.285" rotation="0" />
    <Platform type="Platform" material="" x="-2.2727" y="-3.18" rotation="0" scaleX="1.0" scaleY="1.0" />
    <Block type="RectFat" material="ice" x="7.371" y="-3.285" rotation="0" />
  </GameObjects>
</Level>
