<?xml version="1.0" encoding="utf-16"?>
<Level width="2">
  <Camera x="0" y="-1" minWidth="25" maxWidth="35" />
  <Score highScore="0" />
  <Birds>
    <Bird type="BirdRed"/>
  </Birds>
  <Slingshot x="-12.0" y="-2.5" />
  <GameObjects>
    <Pig type="BasicSmall" material="" x="-2.9773" y="-0.5744" rotation="1.0769" />
    <Platform type="Platform" material="" x="-2.9851" y="-1.0557" rotation="0.0" scaleX="2.089" scaleY="0.763" />
    <Platform type="Platform" material="" x="-3.8931" y="-0.5857" rotation="90.0" scaleX="2.2311" scaleY="0.763" />
    <Block type="RectSmall" material="stone" x="-2.0696" y="-3.39" rotation="0" />
    <Block type="Triangle" material="ice" x="0.801" y="-3.09" rotation="0" />
    <Block type="SquareHole" material="wood" x="7.1679" y="-3.08" rotation="0" />
  </GameObjects>
</Level>
