<?xml version="1.0" encoding="utf-16"?>
<Level width="2">
  <Camera x="0" y="-1" minWidth="25" maxWidth="35" />
  <Score highScore="0" />
  <Birds>
    <Bird type="BirdRed"/>
  </Birds>
  <Slingshot x="-12.0" y="-2.5" />
  <GameObjects>
    <Pig type="BasicSmall" material="" x="-3.4164" y="1.2303" rotation="1.0769" />
    <Platform type="Platform" material="" x="-3.4241" y="0.749" rotation="0.0" scaleX="2.089" scaleY="0.763" />
    <Platform type="Platform" material="" x="-4.3321" y="1.219" rotation="90.0" scaleX="2.2311" scaleY="0.763" />
    <Block type="SquareTiny" material="wood" x="3.0998" y="-3.39" rotation="0" />
    <Block type="RectSmall" material="stone" x="5.9378" y="-3.39" rotation="0" />
    <Block type="TriangleHole" material="ice" x="-8.8229" y="-3.09" rotation="0" />
  </GameObjects>
</Level>
