<?xml version="1.0" encoding="utf-16"?>
<Level width="2">
  <Camera x="0" y="-1" minWidth="25" maxWidth="35" />
  <Score highScore="0" />
  <Birds>
    <Bird type="BirdRed"/>
  </Birds>
  <Slingshot x="-12.0" y="-2.5" />
  <GameObjects>
    <Pig type="BasicSmall" material="" x="-1.5651" y="0.1761" rotation="1.0769" />
    <Platform type="Platform" material="" x="-1.5729" y="-0.3052" rotation="0.0" scaleX="2.089" scaleY="0.763" />
    <Platform type="Platform" material="" x="-2.4809" y="0.1648" rotation="90.0" scaleX="2.2311" scaleY="0.763" />
    <Block type="RectTiny" material="ice" x="-8.8319" y="-3.39" rotation="0" />
    <Platform type="Platform" material="" x="0.7711" y="-3.18" rotation="0" scaleX="1.0" scaleY="1.0" />
    <Block type="RectMedium" material="stone" x="-6.4538" y="-3.39" rotation="0" />
  </GameObjects>
</Level>
