<?xml version="1.0" encoding="utf-16"?>
<Level width="2">
  <Camera x="0" y="-1" minWidth="25" maxWidth="35" />
  <Score highScore="0" />
  <Birds>
    <Bird type="BirdRed"/>
  </Birds>
  <Slingshot x="-12.0" y="-2.5" />
  <GameObjects>
    <Pig type="BasicSmall" material="" x="-0.3312" y="0.692" rotation="1.0769" />
    <Platform type="Platform" material="" x="-0.339" y="0.2108" rotation="0.0" scaleX="2.089" scaleY="0.763" />
    <Platform type="Platform" material="" x="-1.247" y="0.6808" rotation="90.0" scaleX="2.2311" scaleY="0.763" />
    <Block type="RectBig" material="ice" x="-6.2126" y="-3.39" rotation="0" />
    <Block type="SquareSmall" material="ice" x="3.3733" y="-3.285" rotation="0" />
    <Block type="TriangleHole" material="stone" x="-9.5504" y="-3.09" rotation="0" />
  </GameObjects>
</Level>
