<?xml version="1.0" encoding="utf-16"?>
<Level width="2">
  <Camera x="0" y="-1" minWidth="25" maxWidth="35" />
  <Score highScore="0" />
  <Birds>
    <Bird type="BirdRed"/>
  </Birds>
  <Slingshot x="-12.0" y="-2.5" />
  <GameObjects>
    <Pig type="BasicSmall" material="" x="-0.5405" y="-2.2999" rotation="1.0769" />
    <Platform type="Platform" material="" x="-0.5482" y="-2.7811" rotation="0.0" scaleX="2.089" scaleY="0.763" />
    <Platform type="Platform" material="" x="-1.4562" y="-2.3111" rotation="90.0" scaleX="2.2311" scaleY="0.763" />
    <Block type="CircleSmall" material="ice" x="4.8926" y="-3.275" rotation="0" />
    <Block type="SquareTiny" material="ice" x="-6.4918" y="-3.39" rotation="0" />
    <Block type="SquareHole" material="stone" x="2.6054" y="-3.08" rotation="0" />
  </GameObjects>
</Level>
