<?xml version="1.0" encoding="utf-16"?>
<Level width="2">
  <Camera x="0" y="-1" minWidth="25" maxWidth="35" />
  <Score highScore="0" />
  <Birds>
    <Bird type="BirdRed"/>
  </Birds>
  <Slingshot x="-12.0" y="-2.5" />
  <GameObjects>
    <Pig type="BasicSmall" material="" x="-4.2076" y="3.6407" rotation="1.0769" />
    <Platform type="Platform" material="" x="-4.2153" y="3.1594" rotation="0.0" scaleX="2.089" scaleY="0.763" />
    <Platform type="Platform" material="" x="-5.1234" y="3.6294" rotation="90.0" scaleX="2.2311" scaleY="0.763" />
    <Block type="RectFat" material="stone" x="-8.3876" y="-3.285" rotation="0" />
    <Block type="RectTiny" material="wood" x="-6.4518" y="-3.39" rotation="0" />
    <Block type="Circle" material="wood" x="-3.86" y="-3.1" rotation="0" />
  </GameObjects>
</Level>
