<?xml version="1.0" encoding="utf-16"?>
<Level width="2">
  <Camera x="0" y="-1" minWidth="25" maxWidth="35" />
  <Score highScore="0" />
  <Birds>
    <Bird type="BirdRed"/>
  </Birds>
  <Slingshot x="-12.0" y="-2.5" />
  <GameObjects>
    <Pig type="BasicSmall" material="" x="-6.5343" y="3.5575" rotation="1.0769" />
    <Platform type="Platform" material="" x="-6.542" y="3.0762" rotation="0.0" scaleX="2.089" scaleY="0.763" />
    <Platform type="Platform" material="" x="-7.45" y="3.5462" rotation="90.0" scaleX="2.2311" scaleY="0.763" />
    <Block type="CircleSmall" material="ice" x="-0.0804" y="-3.275" rotation="0" />
    <Block type="RectSmall" material="wood" x="-9.5032" y="-3.39" rotation="0" />
    <Block type="SquareSmall" material="wood" x="7.7538" y="-3.285" rotation="0" />
  </GameObjects>
</Level>
