<?xml version="1.0" encoding="utf-16"?>
<Level width="2">
  <Camera x="0" y="-1" minWidth="25" maxWidth="35" />
  <Score highScore="0" />
  <Birds>
    <Bird type="BirdRed"/>
  </Birds>
  <Slingshot x="-12.0" y="-2.5" />
  <GameObjects>
    <Pig type="BasicSmall" material="" x="-3.1841" y="2.8669" rotation="1.0769" />
    <Platform type="Platform" material="" x="-3.1918" y="2.3856" rotation="0.0" scaleX="2.089" scaleY="0.763" />
    <Platform type="Platform" material="" x="-4.0998" y="2.8556" rotation="90.0" scaleX="2.2311" scaleY="0.763" />
    <Block type="RectTiny" material="stone" x="-2.1832" y="-3.39" rotation="0" />
    <Block type="SquareTiny" material="wood" x="5.3713" y="-3.39" rotation="0" />
    <Block type="RectBig" material="stone" x="7.615" y="-3.39" rotation="0" />
  </GameObjects>
</Level>
